passId,gameId,period,startFrame,endFrame,startGameClock,shotClock,pass_outcome_class,passerId,interceptorId,true_receiverId,candidate_side,passer_x_event,passer_y_event,ball_release_x_event,ball_release_y_event,ball_dir_x,ball_dir_y,ball_speed_fps,ball_t_clean_s,ball_t_obs_s,ball_deflected,n_ball_frames,candidateId,candidate_rank,candidate_x_event,candidate_y_event,candidate_vx,candidate_vy,candidate_velocity_ok,candidate_predError,proj_x_event,proj_y_event,t_pred_flight_s,angle_deg,along_ft,lateral_ft,flight_residual_s,behind_release,outside_distance_support,target_probability,fold_id,audit_stratum,decision,decision_reason,p_top,prob_margin,geom_margin_ft,top_candidateId,is_model_top_candidate,reviewer_is_intended_target,reviewer_decision,reviewer_confidence,reviewer_reason
pass-114086-1-126,114086,1,30255,30262,31.659908294677734,12.8,complete,34992,,35096.0,off,-13.072096456692913,-10.758848015091864,-15.05854248687664,-9.643875082020998,-0.8198814856316397,0.5725332737216724,26.46149049138957,0.28,0.28,False,8,35096,3,-23.581036745406823,-0.5422677267880577,-6.792363845128957,0.5767101377939648,True,0.7773572065698818,-26.06488851758013,-0.33137465179221215,0.37832290265815954,5.307586340519022,14.355615692882449,1.3336473630090566,-0.26250971605524986,False,False,0.9903772890815417,fold_holdout_114086,completed_control,auto_accept,margin_satisfied,0.9903772890815417,0.9835204865218535,13.921239884193799,35096,True,,,,
pass-114086-1-126,114086,1,30255,30262,31.659908294677734,12.8,complete,34992,,35096.0,off,-13.072096456692913,-10.758848015091864,-15.05854248687664,-9.643875082020998,-0.8198814856316397,0.5725332737216724,26.46149049138957,0.28,0.28,False,8,59139,2,-30.55282152230971,18.992987204724407,3.588418635162416,-1.4097358923852887,True,0.4621690965387139,-27.96916010499277,17.977977362207,0.72,30.021266230648592,26.39960595931391,15.254887247202856,-0.7176613361180166,False,False,0.006856802559688125,fold_holdout_114086,completed_control,auto_accept,margin_satisfied,0.9903772890815417,0.9835204865218535,13.921239884193799,35096,False,,,,
pass-114086-1-126,114086,1,30255,30262,31.659908294677734,12.8,complete,34992,,35096.0,off,-13.072096456692913,-10.758848015091864,-15.05854248687664,-9.643875082020998,-0.8198814856316397,0.5725332737216724,26.46149049138957,0.28,0.28,False,8,59137,1,-34.500082020997375,23.1324844160105,6.4078904199329045,-0.0,True,0.4113064663303806,-29.145960103555026,23.1324844160105,0.8389587961951362,31.81469458159935,30.315569288362013,18.80721499248153,-0.8656485906652365,False,False,0.002747188493833348,fold_holdout_114086,completed_control,auto_accept,margin_satisfied,0.9903772890815417,0.9835204865218535,13.921239884193799,35096,False,,,,
pass-114086-1-126,114086,1,30255,30262,31.659908294677734,12.8,complete,34992,,35096.0,off,-13.072096456692913,-10.758848015091864,-15.05854248687664,-9.643875082020998,-0.8198814856316397,0.5725332737216724,26.46149049138957,0.28,0.28,False,8,59135,0,-31.11671587926509,-23.183747539370078,-1.7942093175811635,-0.3844734251959636,True,0.7593350147637795,-32.00904819493551,-23.374961607013738,0.4978394871629165,73.93694281435658,6.035901882221258,20.962592143720478,0.05189864326859031,False,False,1.8719864936819248e-05,fold_holdout_114086,completed_control,auto_accept,margin_satisfied,0.9903772890815417,0.9835204865218535,13.921239884193799,35096,False,,,,
pass-114086-1-93,114086,1,20170,20182,184.71600341796875,,complete,34992,,59135.0,off,-36.55060695538058,-25.118930446194227,-32.09071522309711,-11.611097440944881,-0.6614343199370702,0.7500030935998767,17.680364722406328,0.48,0.48,False,13,59135,1,-38.72928969816273,-2.3997549622703414,-1.2815780839895652,-0.17621698654856077,True,2.2091202222769026,-39.10194134555609,-2.450994563786927,0.29082176535742166,3.978581982302759,11.507571077795273,0.8003651353340695,-0.17086729026645742,False,False,0.9999999971682714,fold_holdout_114086,completed_control,auto_accept,margin_satisfied,0.9999999971682714,0.9999999946580284,27.436520637725536,59135,True,,,,
pass-114086-1-93,114086,1,20170,20182,184.71600341796875,,complete,34992,,59135.0,off,-36.55060695538058,-25.118930446194227,-32.09071522309711,-11.611097440944881,-0.6614343199370702,0.7500030935998767,17.680364722406328,0.48,0.48,False,13,24597,0,-1.4369694266732282,-7.599758038057742,3.1879254839238866,1.409735892388464,True,0.9643875082020997,1.0505628017959694,-6.49974378627236,0.7855687449330852,122.6417521707299,-18.0872476387531,28.236885773059605,,True,False,2.5102430529866518e-09,fold_holdout_114086,completed_control,auto_accept,margin_satisfied,0.9999999971682714,0.9999999946580284,27.436520637725536,59135,False,,,,
pass-114086-1-93,114086,1,20170,20182,184.71600341796875,,complete,34992,,59135.0,off,-36.55060695538058,-25.118930446194227,-32.09071522309711,-11.611097440944881,-0.6614343199370702,0.7500030935998767,17.680364722406328,0.48,0.48,False,13,22724,3,17.67296177821522,3.860753978018373,2.05052493438318,0.1922367125984259,True,7.522863353018373,19.980045913913255,4.077043115740066,1.1260474153091355,114.64258656847333,-22.675234530920676,49.429906519046085,,True,True,2.6765408593280584e-10,fold_holdout_114086,completed_control,auto_accept,margin_satisfied,0.9999999971682714,0.9999999946580284,27.436520637725536,59135,False,,,,
pass-114086-1-93,114086,1,20170,20182,184.71600341796875,,complete,34992,,59135.0,off,-36.55060695538058,-25.118930446194227,-32.09071522309711,-11.611097440944881,-0.6614343199370702,0.7500030935998767,17.680364722406328,0.48,0.48,False,13,59139,2,33.115977690288716,19.390276410761153,2.8194717847769724,1.4097358923883974,True,10.842150590551181,37.19399310218475,21.42928411670904,1.44924228054655,105.91388764940378,-21.04689555121032,73.81778788917467,,True,True,5.3831436161618094e-11,fold_holdout_114086,completed_control,auto_accept,margin_satisfied,0.9999999971682714,0.9999999946580284,27.436520637725536,59135,False,,,,
pass-114086-2-189,114086,2,46233,46238,343.1181945800781,21.88,complete,34992,,24268.0,off,36.781291010498684,-10.17572998687664,37.67839566929134,-3.4250174294619424,-0.535311059587299,0.8446550002714264,30.165421709607568,0.2,0.2,False,6,24268,1,37.85781660104987,9.137651738845145,-9.739993438309114,5.510785761148584,True,0.7921754531660105,34.11562461735223,11.254944571726705,0.4,18.72329790464736,14.306694054979005,4.849033629714922,-0.27427462452555,False,False,0.9887137862042628,fold_holdout_114086,completed_control,auto_accept,margin_satisfied,0.9887137862042628,0.978962211369561,19.303090315582658,24268,True,,,,
pass-114086-2-189,114086,2,46233,46238,343.1181945800781,21.88,complete,34992,,24268.0,off,36.781291010498684,-10.17572998687664,37.67839566929134,-3.4250174294619424,-0.535311059587299,0.8446550002714264,30.165421709607568,0.2,0.2,False,6,59138,2,17.134698982939632,5.020582144028872,-18.58288221782658,0.06407890419941609,True,1.6452258653215224,3.702463058148835,5.066900198941953,0.8228915763299351,43.60202574243909,25.360433173261782,24.152123945297582,-0.6407120383529923,False,False,0.009751574834701827,fold_holdout_114086,completed_control,auto_accept,margin_satisfied,0.9887137862042628,0.978962211369561,19.303090315582658,24268,False,,,,
pass-114086-2-189,114086,2,46233,46238,343.1181945800781,21.88,complete,34992,,24268.0,off,36.781291010498684,-10.17572998687664,37.67839566929134,-3.4250174294619424,-0.535311059587299,0.8446550002714264,30.165421709607568,0.2,0.2,False,6,22724,3,2.519902907644357,17.134698982939632,-16.1639035842992,3.844734251964166,True,0.5402652610318242,-15.982765548184208,21.535730131997013,1.1953705134948915,32.68927031174987,49.80863330831083,31.963403917496187,-1.4511830594580077,False,True,0.001382116357596223,fold_holdout_114086,completed_control,auto_accept,margin_satisfied,0.9887137862042628,0.978962211369561,19.303090315582658,24268,False,,,,
pass-114086-2-189,114086,2,46233,46238,343.1181945800781,21.88,complete,34992,,24268.0,off,36.781291010498684,-10.17572998687664,37.67839566929134,-3.4250174294619424,-0.535311059587299,0.8446550002714264,30.165421709607568,0.2,0.2,False,6,59135,0,7.50363968175853,-15.071358267716535,-9.739993438309135,-3.7165764435653337,True,0.6195629049786745,-1.4705324215896933,-18.495713412415206,0.9464717119855831,78.68960434433687,8.227315458464528,41.134848102581934,-0.07273994501605657,False,True,0.00015252260343923078,fold_holdout_114086,completed_control,auto_accept,margin_satisfied,0.9887137862042628,0.978962211369561,19.303090315582658,24268,False,,,,
pass-114086-2-194,114086,2,46675,46683,325.4360656738281,14.04,complete,15347,,19426.0,off,-22.289206036745448,11.694400016404323,-24.85236220472474,10.425637713254455,-0.5175915974375268,-0.8556278035817148,9.501807837794892,0.32,0.32,False,9,19426,1,-24.170562664042126,2.421221395177101,-5.767101377962636,-2.8354915108316114,True,0.6724280009432405,-25.785351049871664,1.6272837721442497,0.28,25.117741076128663,8.011023444517638,3.7556628748606884,-0.5231051839053795,False,False,0.9450982809533021,fold_holdout_114086,completed_control,auto_accept,margin_satisfied,0.9450982809533021,0.891036175621673,2.803679124302373,19426,True,,,,
pass-114086-2-194,114086,2,46675,46683,325.4360656738281,14.04,complete,15347,,19426.0,off,-22.289206036745448,11.694400016404323,-24.85236220472474,10.425637713254455,-0.5175915974375268,-0.8556278035817148,9.501807837794892,0.32,0.32,False,9,59156,0,-35.9251968503938,-1.8198408792648797,-4.35736548557184,9.33149042406447,True,1.02798582062008,-37.66814304462254,1.9127552903609084,0.4,25.235060841818022,13.917199366981741,6.5593419991630615,-1.1446896258650858,False,False,0.05406210533162901,fold_holdout_114086,completed_control,auto_accept,margin_satisfied,0.9450982809533021,0.891036175621673,2.803679124302373,19426,False,,,,
pass-114086-2-194,114086,2,46675,46683,325.4360656738281,14.04,complete,15347,,19426.0,off,-22.289206036745448,11.694400016404323,-24.85236220472474,10.425637713254455,-0.5175915974375268,-0.8556278035817148,9.501807837794892,0.32,0.32,False,9,35402,3,-42.79445538057738,-19.90547080052502,2.050524934386644,-3.716576443575903,True,1.3466181717519627,-40.99997371477132,-23.157968819798604,0.8779549134465835,5.49174107827949,37.09293553051432,3.5662471837243217,-3.5837766458474882,False,False,0.000839521106383688,fold_holdout_114086,completed_control,auto_accept,margin_satisfied,0.9450982809533021,0.891036175621673,2.803679124302373,19426,False,,,,
pass-114086-2-194,114086,2,46675,46683,325.4360656738281,14.04,complete,15347,,19426.0,off,-22.289206036745448,11.694400016404323,-24.85236220472474,10.425637713254455,-0.5175915974375268,-0.8556278035817148,9.501807837794892,0.32,0.32,False,9,59154,2,-37.847563976378055,22.701874179790032,-4.35736548557184,0.3844734251974735,True,0.5402652610318378,-39.645841897976545,22.860545761107527,0.41457596610905656,98.87845585987996,-2.9826722746352976,19.09391645774477,,True,False,9.260868530666427e-08,fold_holdout_114086,completed_control,auto_accept,margin_satisfied,0.9450982809533021,0.891036175621673,2.803679124302373,19426,False,,,,
pass-114086-3-259,114086,3,68187,68195,594.3603515625,18.36,complete,24268,,24949.0,off,-4.759781003937007,-6.281014189632546,-5.986892019356955,0.28867546341863504,-0.5551880092547128,0.831724879019372,20.836625577145934,0.32,0.32,False,9,24949,0,-17.362819881889763,12.081436597769027,13.969201115485586,-8.138020833333348,True,0.7024649872867454,-13.451443569553799,9.80279076443569,0.3020290510594354,4.3932329812530515,12.057355912847733,0.9263305012298737,-0.25866163924702396,False,False,0.9818057943987926,fold_holdout_114086,completed_control,auto_accept,margin_satisfied,0.9818057943987926,0.9644065445106786,8.657739122293986,24949,True,,,,
pass-114086-3-259,114086,3,68187,68195,594.3603515625,18.36,complete,24268,,24949.0,off,-4.759781003937007,-6.281014189632546,-5.986892019356955,0.28867546341863504,-0.5551880092547128,0.831724879019372,20.836625577145934,0.32,0.32,False,9,59138,2,-26.4774032152231,13.792343339895012,1.2815780839894764,-2.0505249343832244,True,0.3371351347194882,-25.793788113927512,12.698559177822043,0.5383822452269431,24.207397529053726,21.31816024326622,9.58406962352386,-0.7031100119516684,False,False,0.01739924988811391,fold_holdout_114086,completed_control,auto_accept,margin_satisfied,0.9818057943987926,0.9644065445106786,8.657739122293986,24949,False,,,,
pass-114086-3-259,114086,3,68187,68195,594.3603515625,18.36,complete,24268,,24949.0,off,-4.759781003937007,-6.281014189632546,-5.986892019356955,0.28867546341863504,-0.5551880092547128,0.831724879019372,20.836625577145934,0.32,0.32,False,9,59136,1,-38.08337434383202,18.45472440944882,-4.10104986876636,4.4855232939633005,True,-0.31138342509432415,-41.96383469293819,22.698977916283784,0.9527736579829396,24.357252267049084,38.61317327841329,17.480987087069025,-1.5331394699900478,False,True,0.0007949548753576274,fold_holdout_114086,completed_control,auto_accept,margin_satisfied,0.9818057943987926,0.9644065445106786,8.657739122293986,24949,False,,,,
pass-114086-3-259,114086,3,68187,68195,594.3603515625,18.36,complete,24268,,24949.0,off,-4.759781003937007,-6.281014189632546,-5.986892019356955,0.28867546341863504,-0.5551880092547128,0.831724879019372,20.836625577145934,0.32,0.32,False,9,35096,3,-38.67802657480315,-22.676242618110237,1.2815780839895652,-0.3844734251968518,True,0.7027052831774935,-37.51587753536813,-23.024887329940725,0.9069359847267736,92.75676716822522,-1.8859554913624272,39.16685217978785,,True,False,8.37735752753292e-10,fold_holdout_114086,completed_control,auto_accept,margin_satisfied,0.9818057943987926,0.9644065445106786,8.657739122293986,24949,False,,,,
pass-114086-4-415,114086,4,106334,106342,424.0307922363281,,complete,59135,,35096.0,off,46.490526574803155,0.8105981381233418,43.31221292650901,-0.11830567687838056,-0.9073084533759463,-0.42046565904072114,20.551953475870768,0.32,0.32,False,9,35096,3,33.57221948818899,-3.887026328740168,1.5378937007886506,-0.9291441108931764,True,1.043044363106953,34.002829724409814,-4.1471866797902575,0.28,1.4621696540069595,10.140488181066623,0.25883815174555114,-0.17340750955728695,False,False,0.9994193493146706,fold_holdout_114086,completed_control,auto_accept,margin_satisfied,0.9994193493146706,0.9990911419350333,28.040502086381395,35096,True,,,,
pass-114086-4-415,114086,4,106334,106342,424.0307922363281,,complete,59135,,35096.0,off,46.490526574803155,0.8105981381233418,43.31221292650901,-0.11830567687838056,-0.9073084533759463,-0.42046565904072114,20.551953475870768,0.32,0.32,False,9,22724,2,14.709953248031418,13.36685941601052,-6.920521653549194,1.922367125985902,True,0.7390700613107013,8.705650948139876,15.034721165980406,0.8862307707443265,48.51095268038506,25.027498807308575,28.299340238126945,-0.8977673930944017,False,False,0.00032820737963719745,fold_holdout_114086,completed_control,auto_accept,margin_satisfied,0.9994193493146706,0.9990911419350333,28.040502086381395,35096,False,,,,
pass-114086-4-415,114086,4,106334,106342,424.0307922363281,,complete,59135,,35096.0,off,46.490526574803155,0.8105981381233418,43.31221292650901,-0.11830567687838056,-0.9073084533759463,-0.42046565904072114,20.551953475870768,0.32,0.32,False,9,59136,1,-10.561484990157522,-12.447967929790035,-3.7806553477722105,-0.7689468503943697,True,4.570107447506559,-15.1067921225834,-13.372437177063121,1.2057879711652235,12.081096379878225,58.5769642550912,12.537599906195828,-2.5301896096575,False,True,0.0002523289927947008,fold_holdout_114086,completed_control,auto_accept,margin_satisfied,0.9994193493146706,0.9990911419350333,28.040502086381395,35096,False,,,,
pass-114086-4-415,114086,4,106334,106342,424.0307922363281,,complete,59135,,35096.0,off,46.490526574803155,0.8105981381233418,43.31221292650901,-0.11830567687838056,-0.9073084533759463,-0.42046565904072114,20.551953475870768,0.32,0.32,False,9,24949,0,39.10863681102363,8.600670521653585,0.25631561679819725,3.7806553477722105,True,0.9015901820866139,39.180405183727125,9.659254019029804,0.28,91.95601025456422,-0.36230398859983337,10.608545831083784,,True,False,1.1431289760899285e-07,fold_holdout_114086,completed_control,auto_accept,margin_satisfied,0.9994193493146706,0.9990911419350333,28.040502086381395,35096,False,,,,
pass-114099-1-115,114099,1,30717,30732,41.320438385009766,18.16,complete,59134,,28032.0,off,-16.63232037401584,-17.675524934383226,-19.133960793964217,-18.66490321522332,-0.9994335131848011,0.033654906374643044,25.513585053984375,0.6,0.6,False,16,28032,1,-35.34592355643044,-14.33573244750669,0.0,-2.8194717847704887,True,0.4939682527477057,-35.34592355643044,-15.463521161414885,0.4,9.241853222504615,16.31052111260318,2.6539564241645373,-0.039287700183711305,False,False,0.9999990498987364,fold_holdout_114099,completed_control,auto_accept,margin_satisfied,0.9999990498987364,0.99999820565448,35.06281815690413,28032,True,,,,
pass-114099-1-115,114099,1,30717,30732,41.320438385009766,18.16,complete,59134,,28032.0,off,-16.63232037401584,-17.675524934383226,-19.133960793964217,-18.66490321522332,-0.9994335131848011,0.033654906374643044,25.513585053984375,0.6,0.6,False,16,59131,3,-30.604084645669175,21.238312007873922,2.5631561679731796,-2.0505249343785614,True,0.08170060285433138,-28.282856228579256,19.381329274201974,0.9067731857396446,74.5502756284481,10.424155098317208,37.71677458106867,0.19142726997163806,False,True,8.442442563812704e-07,fold_holdout_114099,completed_control,auto_accept,margin_satisfied,0.9999990498987364,0.99999820565448,35.06281815690413,28032,False,,,,
pass-114099-1-115,114099,1,30717,30732,41.320438385009766,18.16,complete,59134,,28032.0,off,-16.63232037401584,-17.675524934383226,-19.133960793964217,-18.66490321522332,-0.9994335131848011,0.033654906374643044,25.513585053984375,0.6,0.6,False,16,59132,2,-18.790497867454093,-4.423366756889905,-0.512631233594707,-3.1078268536674836,True,0.2573568989911389,-18.956357378933337,-5.428890045232689,0.3296183129442127,88.84011155320238,0.26795397897164597,13.234492369348715,0.5894975959511499,False,False,9.386681338308173e-08,fold_holdout_114099,completed_control,auto_accept,margin_satisfied,0.9999990498987364,0.99999820565448,35.06281815690413,28032,False,,,,
pass-114099-1-115,114099,1,30717,30732,41.320438385009766,18.16,complete,59134,,28032.0,off,-16.63232037401584,-17.675524934383226,-19.133960793964217,-18.66490321522332,-0.9994335131848011,0.033654906374643044,25.513585053984375,0.6,0.6,False,16,34945,0,-11.53548433398963,10.742187500000068,-2.8194717847704887,1.4738147965845716,True,0.07747540010867901,-13.565504019024381,11.803334153540959,0.72,98.42857361600626,-4.5398966415496655,30.638383405424367,,True,False,1.1990193801467551e-08,fold_holdout_114099,completed_control,auto_accept,margin_satisfied,0.9999990498987364,0.99999820565448,35.06281815690413,28032,False,,,,
pass-114099-1-23,114099,1,6777,6785,502.5791931152344,18.92,complete,24684,,59133.0,off,-14.535658628608623,-19.236487040682437,-18.616203248030438,-19.057066108923884,-0.999625785017351,0.027354888565757345,30.74534979721744,0.32,0.32,False,9,59133,1,-30.77837926509181,-17.088562171915864,-1.5378937007856308,-4.229207677160485,True,0.3799879019029085,-31.270505249343213,-18.44190862860722,0.32,1.2155859588345141,12.666394136233373,0.26877025804749044,-0.09197755822507264,False,False,0.9997814877927571,fold_holdout_114099,completed_control,auto_accept,margin_satisfied,0.9997814877927571,0.9996408062264848,42.41523873677958,59133,True,,,,
pass-114099-1-23,114099,1,6777,6785,502.5791931152344,18.92,complete,24684,,59133.0,off,-14.535658628608623,-19.236487040682437,-18.616203248030438,-19.057066108923884,-0.999625785017351,0.027354888565757345,30.74534979721744,0.32,0.32,False,9,18363,0,-39.74942585301824,23.122231791338542,-4.101049868761919,1.153420275589223,True,3.262257012795309,-44.078173085744666,24.33969195054278,1.0571932209699864,58.031263842999,26.639555067945043,42.68400899482707,-0.5464580251533198,False,True,0.00014068156627238226,fold_holdout_114099,completed_control,auto_accept,margin_satisfied,0.9997814877927571,0.9996408062264848,42.41523873677958,59133,False,,,,
pass-114099-1-23,114099,1,6777,6785,502.5791931152344,18.92,complete,24684,,59133.0,off,-14.535658628608623,-19.236487040682437,-18.616203248030438,-19.057066108923884,-0.999625785017351,0.027354888565757345,30.74534979721744,0.32,0.32,False,9,28032,2,-24.890809547243904,2.7765389189631646,-5.638943569547461,2.6272350721754822,True,0.3655300991428831,-28.27417568897238,4.352879962268454,0.6,66.01347254711885,10.294734749060387,23.136992958736368,-0.014838758282467002,False,False,7.782938584923832e-05,fold_holdout_114099,completed_control,auto_accept,margin_satisfied,0.9997814877927571,0.9996408062264848,42.41523873677958,59133,False,,,,
pass-114099-1-23,114099,1,6777,6785,502.5791931152344,18.92,complete,24684,,59133.0,off,-14.535658628608623,-19.236487040682437,-18.616203248030438,-19.057066108923884,-0.999625785017351,0.027354888565757345,30.74534979721744,0.32,0.32,False,9,22895,3,-5.855530265747631,16.598999343832112,-11.75847892059032,-2.691313976374854,True,0.6447939735072253,-15.005829511932593,14.504652922362018,0.7893413330500779,94.57241862725404,-2.6909455959767516,33.64792110441264,,True,False,1.255121259494594e-09,fold_holdout_114099,completed_control,auto_accept,margin_satisfied,0.9997814877927571,0.9996408062264848,42.41523873677958,59133,False,,,,
pass-114099-1-54,114099,1,15490,15495,336.78271484375,8.36,complete,28336,,19069.0,off,-5.401851624015748,5.302529322506562,-8.400744340551181,2.0857683316929134,-0.7727621276184733,-0.6346957492520102,23.466897820599055,0.2,0.2,False,6,19069,0,-12.277518044619422,-3.415405593832021,-6.40789041995844,-3.844734251975057,True,0.9163283300524935,-13.55909612861111,-4.184352444227033,0.2,11.158863673804778,7.965797906518851,1.571327918196547,-0.13944827166403467,False,False,0.9932808034872692,fold_holdout_114099,completed_control,ambiguous,margin_not_satisfied,0.9932808034872692,0.9873624141865008,0.17993053223768518,19069,True,,,,
pass-114099-1-54,114099,1,15490,15495,336.78271484375,8.36,complete,28336,,19069.0,off,-5.401851624015748,5.302529322506562,-8.400744340551181,2.0857683316929134,-0.7727621276184733,-0.6346957492520102,23.466897820599055,0.2,0.2,False,6,59190,1,-36.34555446194226,-23.1324844160105,-0.0,-0.0,True,1.0236604945866141,-36.34555446194226,-23.1324844160105,0.8867414563310996,2.6666392248994613,37.6006087478306,1.7512584504342321,-1.4022828852489009,False,False,0.005918389300768359,fold_holdout_114099,completed_control,ambiguous,margin_not_satisfied,0.9932808034872692,0.9873624141865008,0.17993053223768518,19069,False,,,,
pass-114099-1-54,114099,1,15490,15495,336.78271484375,8.36,complete,28336,,19069.0,off,-5.401851624015748,5.302529322506562,-8.400744340551181,2.0857683316929134,-0.7727621276184733,-0.6346957492520102,23.466897820599055,0.2,0.2,False,6,28390,3,-40.29281496062992,22.863353018372703,0.5126312335967498,-0.2563156167983749,True,0.539063781578084,-39.83883811436597,22.636364595240728,0.8856340427833653,72.56944744317467,11.250792139854152,35.83434697527379,-0.2794324424926032,False,False,0.0008008015949346412,fold_holdout_114099,completed_control,ambiguous,margin_not_satisfied,0.9932808034872692,0.9873624141865008,0.17993053223768518,19069,False,,,,
pass-114099-1-54,114099,1,15490,15495,336.78271484375,8.36,complete,28336,,19069.0,off,-5.401851624015748,5.302529322506562,-8.400744340551181,2.0857683316929134,-0.7727621276184733,-0.6346957492520102,23.466897820599055,0.2,0.2,False,6,59189,2,-22.530142716535433,22.120037729658794,2.434998359584206,-0.0,True,0.6924526585055775,-21.184425070867277,22.120037729658794,0.5545794086700794,96.85585414393832,-2.8369213063042285,23.59547246458024,,True,False,5.6170277273707676e-09,fold_holdout_114099,completed_control,ambiguous,margin_not_satisfied,0.9932808034872692,0.9873624141865008,0.17993053223768518,19069,False,,,,
pass-114099-2-126,114099,2,36647,36657,595.9641723632812,19.96,complete,34945,,28032.0,off,-3.1847215387139105,-3.0645735933398948,-5.69341063812336,-4.668148170931758,-0.9192369419586326,-0.3937047682446093,27.038300825261977,0.4,0.4,False,11,28032,1,-21.09477526246719,-8.753178313648293,5.8952591863508985,-4.357365485563669,True,0.4898031239747375,-18.897658922628015,-10.377133869181584,0.37677806481493253,0.19649516189969507,14.385487705151817,0.04933504424955437,-0.13204111449604872,False,False,0.9994484992149081,fold_holdout_114099,completed_control,auto_accept,margin_satisfied,0.9994484992149081,0.9990305537788662,15.514964557095757,28032,True,,,,
pass-114099-2-126,114099,2,36647,36657,595.9641723632812,19.96,complete,34945,,28032.0,off,-3.1847215387139105,-3.0645735933398948,-5.69341063812336,-4.668148170931758,-0.9192369419586326,-0.3937047682446093,27.038300825261977,0.4,0.4,False,11,59132,2,-21.415169783464567,5.081457103018373,-2.4349983595796765,0.03203945209973025,True,0.412107452632874,-22.431361829495735,5.094828050992466,0.41878369315413716,53.43953897945995,11.542412776979685,15.564299601345311,-0.026891203392321483,False,False,0.00041794543604194216,fold_holdout_114099,completed_control,auto_accept,margin_satisfied,0.9994484992149081,0.9990305537788662,15.514964557095757,28032,False,,,,
pass-114099-2-126,114099,2,36647,36657,595.9641723632812,19.96,complete,34945,,28032.0,off,-3.1847215387139105,-3.0645735933398948,-5.69341063812336,-4.668148170931758,-0.9192369419586326,-0.3937047682446093,27.038300825261977,0.4,0.4,False,11,59131,3,-38.85744750656168,19.65940780839895,-3.0757874015742814,1.4097358923882197,True,2.438202304790026,-41.857378787127246,21.034376311991508,0.9772005438806994,58.58746043359257,23.12404904552902,37.86463670520827,-0.45523307085644005,False,True,0.00013246960458372588,fold_holdout_114099,completed_control,auto_accept,margin_satisfied,0.9994484992149081,0.9990305537788662,15.514964557095757,28032,False,,,,
pass-114099-2-126,114099,2,36647,36657,595.9641723632812,19.96,complete,34945,,28032.0,off,-3.1847215387139105,-3.0645735933398948,-5.69341063812336,-4.668148170931758,-0.9192369419586326,-0.3937047682446093,27.038300825261977,0.4,0.4,False,11,59134,0,-18.68540846456693,9.438822588582678,-6.920521653542355,11.790518372701753,True,0.025306160994402065,-22.800694168184904,16.4500500836355,0.6249152542954975,74.17521804592484,7.411311647834939,26.14784708070224,0.1258958062590041,False,False,1.0857444662073954e-06,fold_holdout_114099,completed_control,auto_accept,margin_satisfied,0.9994484992149081,0.9990305537788662,15.514964557095757,28032,False,,,,
pass-114099-2-137,114099,2,38367,38372,534.964111328125,12.68,complete,28336,,59188.0,off,-30.962926509186353,21.825274770341206,-26.451771653543307,19.37746062992126,0.9550641368112373,-0.2963992148724527,27.240092159516184,0.2,0.2,False,6,59188,1,-18.416277066929133,15.904384022309712,4.613681102363554,-1.6660515091868167,True,1.083734467273622,-17.28945738689335,15.497476915630129,0.2571719441906838,5.70983882436195,9.90062189290512,0.9899305418813973,-0.163457723818544,False,False,0.9759632399286107,fold_holdout_114099,completed_control,auto_accept,margin_satisfied,0.9759632399286107,0.9519325089783455,9.766086170485414,59188,True,,,,
pass-114099-2-137,114099,2,38367,38372,534.964111328125,12.68,complete,28336,,59188.0,off,-30.962926509186353,21.825274770341206,-26.451771653543307,19.37746062992126,0.9550641368112373,-0.2963992148724527,27.240092159516184,0.2,0.2,False,6,28390,3,-6.4847851049868765,2.1146038385826773,0.03203945209975245,-0.33641424704733414,True,0.8722740834153543,-6.465561433727025,1.9127552903542768,0.6,23.90672880340082,24.264637562343154,10.756016712366812,-0.6907692903625668,False,False,0.024030730950265238,fold_holdout_114099,completed_control,auto_accept,margin_satisfied,0.9759632399286107,0.9519325089783455,9.766086170485414,59188,False,,,,
pass-114099-2-137,114099,2,38367,38372,534.964111328125,12.68,complete,28336,,59188.0,off,-30.962926509186353,21.825274770341206,-26.451771653543307,19.37746062992126,0.9550641368112373,-0.2963992148724527,27.240092159516184,0.2,0.2,False,6,19069,2,-29.65571686351706,-9.445230479002625,-1.2815780839898316,0.7048679461944207,True,0.44855232939632544,-30.55662468373729,-8.949731177881489,0.7034425577521924,81.00379742593344,4.475759495354901,28.270960207521785,0.03569220437489168,False,False,6.025833517117372e-06,fold_holdout_114099,completed_control,auto_accept,margin_satisfied,0.9759632399286107,0.9519325089783455,9.766086170485414,59188,False,,,,
pass-114099-2-137,114099,2,38367,38372,534.964111328125,12.68,complete,28336,,59188.0,off,-30.962926509186353,21.825274770341206,-26.451771653543307,19.37746062992126,0.9550641368112373,-0.2963992148724527,27.240092159516184,0.2,0.2,False,6,59192,0,-38.8061843832021,-23.388800032808398,-0.2563156167980196,0.1281578083990098,True,1.0212575356791338,-39.05699294283918,-23.263395752989858,0.9785150017196353,89.22694177818674,0.5999215634078752,44.46093038767776,0.17797652225643093,False,True,3.28760709638073e-09,fold_holdout_114099,completed_control,auto_accept,margin_satisfied,0.9759632399286107,0.9519325089783455,9.766086170485414,59188,False,,,,
pass-114099-2-155,114099,2,41592,41597,450.7996520996094,12.6,complete,59188,,19069.0,off,-34.44881889763779,5.366608226706036,-33.3979248687664,1.24633468667979,-0.7001246174815695,-0.7140206719670559,13.545699700770735,0.2,0.2,False,6,19069,2,-37.088869750656166,-2.444610195209974,-1.5378937007877624,0.5286509596458155,True,0.5911278912401575,-37.39644849081372,-2.338880003280811,0.2,3.682494692085915,5.3593822234487245,0.34493146009240094,-0.19565192953035726,False,False,0.9951758075669915,fold_holdout_114099,completed_control,auto_accept,margin_satisfied,0.9951758075669915,0.9903518312082689,16.138641402080427,19069,True,,,,
pass-114099-2-155,114099,2,41592,41597,450.7996520996094,12.6,complete,59188,,19069.0,off,-34.44881889763779,5.366608226706036,-33.3979248687664,1.24633468667979,-0.7001246174815695,-0.7140206719670559,13.545699700770735,0.2,0.2,False,6,58436,3,-32.98781988188976,-21.87653789370079,0.2563156167980196,0.2563156167979308,True,1.7829955093503937,-32.85417738257384,-21.742895394384906,0.5214594559928782,45.79192558007897,16.034094509709934,16.483572862172828,-0.9837036745172798,False,False,0.004823976358722681,fold_holdout_114099,completed_control,auto_accept,margin_satisfied,0.9951758075669915,0.9903518312082689,16.138641402080427,19069,False,,,,
pass-114099-2-155,114099,2,41592,41597,450.7996520996094,12.6,complete,59188,,19069.0,off,-34.44881889763779,5.366608226706036,-33.3979248687664,1.24633468667979,-0.7001246174815695,-0.7140206719670559,13.545699700770735,0.2,0.2,False,6,59192,1,-30.68097933070866,21.684301181102363,3.8447342519695837,-0.897104658792891,True,0.625970795398622,-28.896416105473733,21.26790309521422,0.46416237613619854,148.23427146122583,-17.447430829886343,10.80342261137442,,True,False,1.1054725248285091e-07,fold_holdout_114099,completed_control,auto_accept,margin_satisfied,0.9951758075669915,0.9903518312082689,16.138641402080427,19069,False,,,,
pass-114099-2-155,114099,2,41592,41597,450.7996520996094,12.6,complete,59188,,19069.0,off,-34.44881889763779,5.366608226706036,-33.3979248687664,1.24633468667979,-0.7001246174815695,-0.7140206719670559,13.545699700770735,0.2,0.2,False,6,28336,0,-15.724963090551181,8.964638697506562,3.4602608267725987,-8.971046587929044,True,1.058102905593832,-14.25593674812894,5.156051883819234,0.42512982872709126,145.98078696676438,-16.193396011100713,10.930485963574595,,True,False,1.0552703334098247e-07,fold_holdout_114099,completed_control,auto_accept,margin_satisfied,0.9951758075669915,0.9903518312082689,16.138641402080427,19069,False,,,,
pass-114169-1-82,114169,1,18280,18285,216.31500244140625,,complete,59098,,59097.0,off,-44.85523293963254,2.008873646653543,-41.625656167979,-0.8134015901820866,0.8421772428691466,-0.5392007896816571,25.10877438790203,0.2,0.2,False,6,59097,3,-31.39866305774278,-4.248431348425197,-5.895259186361734,-5.0301939796673745,True,1.1846587413877954,-32.85963728807234,-5.495023490608581,0.2577186447283151,4.524144930989628,9.906875836919582,0.7838888781529869,-0.19455831988728756,False,False,0.9924889275776285,fold_holdout_114169,completed_control,auto_accept,margin_satisfied,0.9924889275776285,0.987556733109083,5.7490622703036545,59097,True,,,,
pass-114169-1-82,114169,1,18280,18285,216.31500244140625,,complete,59098,,59097.0,off,-44.85523293963254,2.008873646653543,-41.625656167979,-0.8134015901820866,0.8421772428691466,-0.5392007896816571,25.10877438790203,0.2,0.2,False,6,34905,0,-11.085650426509186,-14.16143782808399,6.920521653555101,-2.6913139763825367,True,0.6948556174130577,-4.910657561821013,-16.562823942129388,0.9154344639381004,9.411646670624437,39.412637267278626,6.532951148456641,-1.3696758694151363,False,True,0.0049321944685455105,fold_holdout_114169,completed_control,auto_accept,margin_satisfied,0.9924889275776285,0.987556733109083,5.7490622703036545,59097,False,,,,
pass-114169-1-82,114169,1,18280,18285,216.31500244140625,,complete,59098,,59097.0,off,-44.85523293963254,2.008873646653543,-41.625656167979,-0.8134015901820866,0.8421772428691466,-0.5392007896816571,25.10877438790203,0.2,0.2,False,6,59102,2,-12.219847030839896,7.362666092519685,4.9981545275676,2.0505249343867105,True,0.8971046587926509,-8.202418115241118,9.010842057893544,0.8094898414400377,49.00913286464846,22.851050537946556,26.29559078056534,-0.710082275818158,False,False,0.002237607576348549,fold_holdout_114169,completed_control,auto_accept,margin_satisfied,0.9924889275776285,0.987556733109083,5.7490622703036545,59097,False,,,,
pass-114169-1-82,114169,1,18280,18285,216.31500244140625,,complete,59098,,59097.0,off,-44.85523293963254,2.008873646653543,-41.625656167979,-0.8134015901820866,0.8421772428691466,-0.5392007896816571,25.10877438790203,0.2,0.2,False,6,59099,1,-4.149109046916011,15.968462926509186,9.131243848440773,0.512631233596661,True,5.052621596128609,6.575268487331372,16.570533244221302,1.2300668117684166,52.46137407111857,31.220290439467988,40.630330946584166,-1.0434016076272772,False,True,0.00034127037747735793,fold_holdout_114169,completed_control,auto_accept,margin_satisfied,0.9924889275776285,0.987556733109083,5.7490622703036545,59097,False,,,,
pass-114169-2-123,114169,2,36615,36620,590.4779663085938,14.48,complete,59099,,30735.0,off,-15.904384022309712,4.011339402887139,-15.250779199475065,0.22727986333251313,-0.34781100399086146,-0.9375646673712,23.766294185302623,0.2,0.2,False,6,30735,2,-19.2749343832021,-8.394336450131233,3.075787401574903,-5.510785761155157,True,0.7573325490075459,-18.38892272741155,-9.981774000089338,0.3026390680869047,3.2666698938158034,10.663129040752784,0.6086087811006817,-0.24866603760829475,False,False,0.994798559363301,fold_holdout_114169,completed_control,auto_accept,margin_satisfied,0.994798559363301,0.9895971837505141,15.042242371773813,30735,True,,,,
pass-114169-2-123,114169,2,36615,36620,590.4779663085938,14.48,complete,59099,,30735.0,off,-15.904384022309712,4.011339402887139,-15.250779199475065,0.22727986333251313,-0.34781100399086146,-0.9375646673712,23.766294185302623,0.2,0.2,False,6,59100,0,-39.01123687664042,-22.683932086614174,-1.7942093175854268,0.0,True,0.8971046587926509,-40.44330575879922,-22.683932086614174,0.7990663797628871,27.361727112973945,30.242980766587806,15.650851152874495,-1.0725156278377825,False,False,0.005201375612786893,fold_holdout_114169,completed_control,auto_accept,margin_satisfied,0.994798559363301,0.9895971837505141,15.042242371773813,30735,False,,,,
pass-114169-2-123,114169,2,36615,36620,590.4779663085938,14.48,complete,59099,,30735.0,off,-15.904384022309712,4.011339402887139,-15.250779199475065,0.22727986333251313,-0.34781100399086146,-0.9375646673712,23.766294185302623,0.2,0.2,False,6,59096,3,-23.837352362204722,8.785217765748031,-7.0486794619426085,-1.6019726049869565,True,0.6500003844734252,-26.238002296218855,8.239615508017547,0.34460788130387027,105.74758690606892,-3.690605707225494,13.088010672921426,,True,False,6.12419262445046e-08,fold_holdout_114169,completed_control,auto_accept,margin_satisfied,0.994798559363301,0.9895971837505141,15.042242371773813,30735,False,,,,
pass-114169-2-123,114169,2,36615,36620,590.4779663085938,14.48,complete,59099,,30735.0,off,-15.904384022309712,4.011339402887139,-15.250779199475065,0.22727986333251313,-0.34781100399086146,-0.9375646673712,23.766294185302623,0.2,0.2,False,6,59101,1,-37.85781660104987,21.825274770341206,3.332103018372834,-0.6407890419947826,True,-0.0014776007084083057,-35.45870242782143,21.363906660104963,0.72,115.9333076325743,-12.788416405443757,26.297786207012877,,True,False,3.781985841041684e-09,fold_holdout_114169,completed_control,auto_accept,margin_satisfied,0.994798559363301,0.9895971837505141,15.042242371773813,30735,False,,,,
pass-114169-2-168,114169,2,49302,49315,343.39453125,16.96,complete,15394,,59095.0,off,0.6278130638941454,0.5123909377050755,-1.6421420680574395,1.2628149798539208,-0.657069602263355,0.7538299130317638,30.2081021507969,0.52,0.52,False,14,59095,3,-18.47010334645653,15.460958005249353,7.176837270353431,0.3844734251975179,True,0.9353918040518411,-15.416021663585969,15.624569523974566,0.43945248977395984,2.7262527302154473,19.876717766435277,0.946490111497976,-0.1379929340549758,False,False,0.9999570638360502,fold_holdout_114169,completed_control,auto_accept,margin_satisfied,0.9999570638360502,0.9999141343285656,13.928140528313374,59095,True,,,,
pass-114169-2-168,114169,2,49302,49315,343.39453125,16.96,complete,15394,,59095.0,off,0.6278130638941454,0.5123909377050755,-1.6421420680574395,1.2628149798539208,-0.657069602263355,0.7538299130317638,30.2081021507969,0.52,0.52,False,14,59089,2,-19.76962352362214,1.3852257115321565,-4.1010498687733765,0.1842268495738042,True,0.2547937428231679,-21.55065608487626,1.4652330336197439,0.4398607279842629,48.34070523044046,13.233868170551919,14.87463063981135,0.08190997685027346,False,False,4.29295074846842e-05,fold_holdout_114169,completed_control,auto_accept,margin_satisfied,0.9999570638360502,0.9999141343285656,13.928140528313374,59095,False,,,,
pass-114169-2-168,114169,2,49302,49315,343.39453125,16.96,complete,15394,,59095.0,off,0.6278130638941454,0.5123909377050755,-1.6421420680574395,1.2628149798539208,-0.657069602263355,0.7538299130317638,30.2081021507969,0.52,0.52,False,14,59093,0,-6.75199413549901,-18.37270341207351,-14.193477280207922,-0.8971046587941345,True,1.0356752891240193,-14.233047518832997,-18.845546515309042,0.5524065258498901,106.87038215135532,-6.88518316043336,22.70399425074379,,True,False,6.09052677295264e-09,fold_holdout_114169,completed_control,auto_accept,margin_satisfied,0.9999570638360502,0.9999141343285656,13.928140528313374,59095,False,,,,
pass-114169-2-168,114169,2,49302,49315,343.39453125,16.96,complete,15394,,59095.0,off,0.6278130638941454,0.5123909377050755,-1.6421420680574395,1.2628149798539208,-0.657069602263355,0.7538299130317638,30.2081021507969,0.52,0.52,False,14,59091,1,-27.523170931758713,-22.14823244750662,-7.945784120748467,-2.434998359584295,True,2.2988306881561718,-35.05070431075975,-24.45505719268444,0.9770393229815475,86.51226943710695,2.564849361816332,42.082805609402136,0.4350939920352239,False,True,5.659382399279334e-10,fold_holdout_114169,completed_control,auto_accept,margin_satisfied,0.9999570638360502,0.9999141343285656,13.928140528313374,59095,False,,,,
pass-114169-3-272,114169,3,81962,81970,419.2857360839844,17.92,complete,34943,,59100.0,off,-9.320917404855988,17.17314632545942,-9.879685449475781,15.73008940288725,-0.9758562742083045,0.21841367193535918,32.01544280083746,0.32,0.32,False,9,59100,0,-23.40930528215215,15.97358923884524,3.588418635171564,4.229207677166524,True,0.5944920337106293,-22.26101131889725,17.326935695538527,0.32,5.266885248353238,12.431167594986862,1.1459583729385778,-0.06828660507115292,False,False,0.9999632965822847,fold_holdout_114169,completed_control,auto_accept,margin_satisfied,0.9999632965822847,0.9999291735931866,15.946464864487195,59100,True,,,,
pass-114169-3-272,114169,3,81962,81970,419.2857360839844,17.92,complete,34943,,59100.0,off,-9.320917404855988,17.17314632545942,-9.879685449475781,15.73008940288725,-0.9758562742083045,0.21841367193535918,32.01544280083746,0.32,0.32,False,9,59096,3,-21.189612040682423,0.74852169968012,-0.3844734251969406,0.08009863024936725,True,0.21910980304708635,-21.3434014107612,0.7805611517798668,0.4,65.13387862741625,7.921757787536508,17.092423237425773,0.07256447843572258,False,False,3.412298909807067e-05,fold_holdout_114169,completed_control,auto_accept,margin_satisfied,0.9999632965822847,0.9999291735931866,15.946464864487195,59100,False,,,,
pass-114169-3-272,114169,3,81962,81970,419.2857360839844,17.92,complete,34943,,59100.0,off,-9.320917404855988,17.17314632545942,-9.879685449475781,15.73008940288725,-0.9758562742083045,0.21841367193535918,32.01544280083746,0.32,0.32,False,9,59101,1,-24.954888451443537,-13.23870160761152,1.4097358923888414,1.281578083989876,True,0.6094704775672631,-23.929333350446484,-12.306378788523276,0.7291107447249724,75.99949102373175,7.586889088794924,30.428198578679442,0.08302407759931202,False,False,2.5726950305815393e-06,fold_holdout_114169,completed_control,auto_accept,margin_satisfied,0.9999632965822847,0.9999291735931866,15.946464864487195,59100,False,,,,
pass-114169-3-272,114169,3,81962,81970,419.2857360839844,17.92,complete,34943,,59100.0,off,-9.320917404855988,17.17314632545942,-9.879685449475781,15.73008940288725,-0.9758562742083045,0.21841367193535918,32.01544280083746,0.32,0.32,False,9,30735,2,-17.267983103674606,-22.217437664041913,-2.9476295931766927,3.588418635171564,True,0.7168827407316377,-19.70479730639351,-19.25088124334069,0.8284739855839035,86.9274078991448,1.947574803665912,36.2823384408631,0.2591676443214783,False,False,7.733586543417368e-09,fold_holdout_114169,completed_control,auto_accept,margin_satisfied,0.9999632965822847,0.9999291735931866,15.946464864487195,59100,False,,,,
pass-114169-4-449,114169,4,160945,160955,60.654335021972656,10.08,complete,15394,,59092.0,off,-10.496124507874015,-15.378937007874015,-10.662729658792651,-11.341966043307087,-0.20239551562048086,0.9793038625762279,35.3011666110179,0.4,0.4,False,11,59092,3,-19.210855479002625,1.493038467847769,10.380782480314998,6.495998913221785,True,1.5082572075951444,-15.058542486876625,4.091438033136483,0.4,4.221178368733427,16.00368502867207,1.1811847058737412,-0.05334719968368229,False,False,0.9628137633152181,fold_holdout_114169,completed_control,auto_accept,margin_satisfied,0.9628137633152181,0.9259182881854391,7.338587660739844,59092,True,,,,
pass-114169-4-449,114169,4,160945,160955,60.654335021972656,10.08,complete,15394,,59092.0,off,-10.496124507874015,-15.378937007874015,-10.662729658792651,-11.341966043307087,-0.20239551562048086,0.9793038625762279,35.3011666110179,0.4,0.4,False,11,59095,1,-24.144931102362204,21.63303805774278,-2.5631561679789527,0.6407890419946938,True,0.5747076720390419,-26.28833876089107,22.16888997237496,0.8365910661144713,13.321855753295823,35.97986394549654,8.519772366613585,-0.6192259179974752,False,False,0.036895475129778935,fold_holdout_114169,completed_control,auto_accept,margin_satisfied,0.9628137633152181,0.9259182881854391,7.338587660739844,59092,False,,,,
pass-114169-4-449,114169,4,160945,160955,60.654335021972656,10.08,complete,15394,,59092.0,off,-10.496124507874015,-15.378937007874015,-10.662729658792651,-11.341966043307087,-0.20239551562048086,0.9793038625762279,35.3011666110179,0.4,0.4,False,11,59090,0,-35.42281824146981,-4.267655019685039,-7.945784120734878,5.062233431758534,True,0.81420257648458,-41.18544946389087,-0.596301257013542,0.7550682549013551,58.928069274217584,16.70093264425894,27.716143036357888,-0.07309860402875151,False,False,0.0002907551818972785,fold_holdout_114169,completed_control,auto_accept,margin_satisfied,0.9628137633152181,0.9259182881854391,7.338587660739844,59092,False,,,,
pass-114169-4-449,114169,4,160945,160955,60.654335021972656,10.08,complete,15394,,59092.0,off,-10.496124507874015,-15.378937007874015,-10.662729658792651,-11.341966043307087,-0.20239551562048086,0.9793038625762279,35.3011666110179,0.4,0.4,False,11,59036,2,-36.73002788713911,-22.530142716535433,2.050524934383091,-0.6407890419947826,True,0.7200866859416011,-35.44060319019697,-22.933087934329894,0.6341557264279956,103.39317764282735,-6.336299950102863,26.611058347482935,,True,False,6.3731058322322655e-09,fold_holdout_114169,completed_control,auto_accept,margin_satisfied,0.9628137633152181,0.9259182881854391,7.338587660739844,59092,False,,,,
pass-114169-4-451,114169,4,162807,162822,56.819000244140625,,complete,59097,,30735.0,off,-46.34698982939632,1.5324469939304461,-41.79995078740158,5.081457103018373,0.9043472962957038,0.4267973379516917,27.860784495558235,0.6,0.6,False,16,30735,1,-23.550278871391075,11.406044947506562,0.3844734251968518,0.6407890419947382,True,1.3716089443897639,-23.38657864248759,11.678878662345701,0.42599517751522625,5.552127522562143,19.46784527380559,1.8924178644624678,-0.09875438277444393,False,False,0.9989114884124626,fold_holdout_114169,completed_control,auto_accept,margin_satisfied,0.9989114884124626,0.9980320406003952,22.004965948249286,30735,True,,,,
pass-114169-4-451,114169,4,162807,162822,56.819000244140625,,complete,59097,,30735.0,off,-46.34698982939632,1.5324469939304461,-41.79995078740158,5.081457103018373,0.9043472962957038,0.4267973379516917,27.860784495558235,0.6,0.6,False,16,59100,0,-15.048289862204724,-1.6575610543799213,9.739993438320216,-4.1891583620406845,True,2.0569328248031495,-7.220662583097413,-5.024213247614398,0.824558201862928,41.5552909662381,26.958612591524982,23.897383812711755,-0.36761857498387807,False,False,0.0008794478120674169,fold_holdout_114169,completed_control,auto_accept,margin_satisfied,0.9989114884124626,0.9980320406003952,22.004965948249286,30735,False,,,,
pass-114169-4-451,114169,4,162807,162822,56.819000244140625,,complete,59097,,30735.0,off,-46.34698982939632,1.5324469939304461,-41.79995078740158,5.081457103018373,0.9043472962957038,0.4267973379516917,27.860784495558235,0.6,0.6,False,16,59096,2,-3.152041297572178,0.32239698675360895,10.941472892060366,0.881084932742783,True,4.896909858923884,9.477074721939495,1.3393829034053553,1.2349010129629452,29.4383913870124,44.77513207464588,25.269032670425702,-1.0071023442209337,False,True,0.00018934579796950408,fold_holdout_114169,completed_control,auto_accept,margin_satisfied,0.9989114884124626,0.9980320406003952,22.004965948249286,30735,False,,,,
pass-114169-4-451,114169,4,162807,162822,56.819000244140625,,complete,59097,,30735.0,off,-46.34698982939632,1.5324469939304461,-41.79995078740158,5.081457103018373,0.9043472962957038,0.4267973379516917,27.860784495558235,0.6,0.6,False,16,34943,3,-21.197301509186353,-11.913549868766404,5.767101377952688,0.7048679461942431,True,1.3405306758530184,-17.044988517060418,-11.40604494750655,0.72,58.92921516756153,15.35026121444809,25.475779900138264,0.049037006948051354,False,False,1.9717977500386174e-05,fold_holdout_114169,completed_control,auto_accept,margin_satisfied,0.9989114884124626,0.9980320406003952,22.004965948249286,30735,False,,,,
pass-114234-1-101,114234,1,26257,26265,24.803800582885742,16.4,complete,59206,,23482.0,off,-16.29398375984252,20.63853346456693,-13.202817421259843,15.381500164041995,0.2259420781113601,-0.9741407379525404,33.09346889378859,0.32,0.32,False,9,23482,2,-10.820363763123359,2.5067667322834644,1.4738147965879467,0.9772032890419946,True,0.9744799356135171,-10.352376892707355,2.817062374624506,0.31761441321650197,0.276190914564267,12.883565156695932,0.06210494446794135,-0.06930839187771232,False,False,0.9944904125201486,fold_holdout_114234,completed_control,auto_accept,margin_satisfied,0.9944904125201486,0.9895942279998129,18.04076032275268,23482,True,,,,
pass-114234-1-101,114234,1,26257,26265,24.803800582885742,16.4,complete,59206,,23482.0,off,-16.29398375984252,20.63853346456693,-13.202817421259843,15.381500164041995,0.2259420781113601,-0.9741407379525404,33.09346889378859,0.32,0.32,False,9,59527,1,-21.543327591863516,-12.174991797900262,-5.126312335957994,-0.9611835629921295,True,0.7216886585465879,-25.234272473753272,-12.867043963254595,0.72,36.12812373397175,24.799645664985814,18.10286526722062,-0.42938187183032156,False,False,0.004896184520335693,fold_holdout_114234,completed_control,auto_accept,margin_satisfied,0.9944904125201486,0.9895942279998129,18.04076032275268,23482,False,,,,
pass-114234-1-101,114234,1,26257,26265,24.803800582885742,16.4,complete,59206,,23482.0,off,-16.29398375984252,20.63853346456693,-13.202817421259843,15.381500164041995,0.2259420781113601,-0.9741407379525404,33.09346889378859,0.32,0.32,False,9,15780,3,-30.927042322834644,-23.524647309711284,-3.0757874015748143,0.3844734251968518,True,0.9794460506889764,-33.90628996699068,-23.15224135419178,0.9688098914923365,41.30660470395185,32.85950178754078,28.874489659914133,-0.6729301123735709,False,True,0.0006133756021911888,fold_holdout_114234,completed_control,auto_accept,margin_satisfied,0.9944904125201486,0.9895942279998129,18.04076032275268,23482,False,,,,
pass-114234-1-101,114234,1,26257,26265,24.803800582885742,16.4,complete,59206,,23482.0,off,-16.29398375984252,20.63853346456693,-13.202817421259843,15.381500164041995,0.2259420781113601,-0.9741407379525404,33.09346889378859,0.32,0.32,False,9,59207,0,-27.0387344160105,19.518434219160106,-10.38078248031491,0.6407890419947826,True,0.6860447680856299,-31.191047408136463,19.77474983595802,0.4,116.78290836007646,-8.343941542190018,16.53044767334125,,True,False,2.7357324598958463e-08,fold_holdout_114234,completed_control,auto_accept,margin_satisfied,0.9944904125201486,0.9895942279998129,18.04076032275268,23482,False,,,,
pass-114234-1-61,114234,1,17597,17612,250.84719848632812,22.2,complete,24280,,59104.0,off,38.25254265091856,-17.201341043306996,36.2173966535431,-11.926365649605685,-0.3839278505159104,0.923363095211322,33.425208748042756,0.6,0.6,False,16,59104,1,30.7476213910761,7.925278871391253,-0.7689468503928154,7.753547408127681,True,0.7710294147801763,30.30729771228563,12.365209299195214,0.6,8.902910516548276,24.698995415135947,3.869044904334614,-0.13893316871453254,False,False,0.9995232557227813,fold_holdout_114234,completed_control,auto_accept,margin_satisfied,0.9995232557227813,0.999162367245545,8.252922126069613,59104,True,,,,
pass-114234-1-61,114234,1,17597,17612,250.84719848632812,22.2,complete,24280,,59104.0,off,38.25254265091856,-17.201341043306996,36.2173966535431,-11.926365649605685,-0.3839278505159104,0.923363095211322,33.425208748042756,0.6,0.6,False,16,59110,2,24.001394356955107,-0.6228469488189117,-12.046833989487649,-0.6167594529192466,True,0.7482013051591238,18.50638618697275,-0.9041738298618907,0.47804576425083156,35.52733059002603,16.977235333586687,12.121967030404228,0.09208289283815452,False,False,0.00036088847723632274,fold_holdout_114234,completed_control,auto_accept,margin_satisfied,0.9995232557227813,0.999162367245545,8.252922126069613,59104,False,,,,
pass-114234-1-61,114234,1,17597,17612,250.84719848632812,22.2,complete,24280,,59104.0,off,38.25254265091856,-17.201341043306996,36.2173966535431,-11.926365649605685,-0.3839278505159104,0.923363095211322,33.425208748042756,0.6,0.6,False,16,59108,0,1.5721759145337046,10.184701033464622,-18.294527148929333,2.4349983595772784,True,0.6934939406988523,-19.457459552523435,12.983741831181502,1.2008135328436675,43.31805279660601,44.376201816483885,41.84442353065995,-0.7276267667014159,False,True,0.00011584879990804064,fold_holdout_114234,completed_control,auto_accept,margin_satisfied,0.9995232557227813,0.999162367245545,8.252922126069613,59104,False,,,,
pass-114234-1-61,114234,1,17597,17612,250.84719848632812,22.2,complete,24280,,59104.0,off,38.25254265091856,-17.201341043306996,36.2173966535431,-11.926365649605685,-0.3839278505159104,0.923363095211322,33.425208748042756,0.6,0.6,False,16,59105,3,15.917199803149227,-16.499036253280966,-16.66051509184454,-5.510785761148629,True,1.0582631028543377,3.9216289370211577,-20.46680200130798,0.7812358839186034,82.23528460691027,4.513320936002279,33.09963141193059,0.4649725430281251,False,False,7.0000742455868586e-09,fold_holdout_114234,completed_control,auto_accept,margin_satisfied,0.9995232557227813,0.999162367245545,8.252922126069613,59104,False,,,,
pass-114234-3-228,114234,3,72335,72345,578.738525390625,13.12,complete,31739,,35222.0,off,-12.867043963254593,1.7845974819553805,-15.378937007874015,4.786694143700787,-0.44640177178616763,0.8948326425349995,23.684984830163273,0.4,0.4,False,11,35222,0,-23.61948408792651,10.624282316272966,3.5884186351704983,9.6759145341204,True,0.8666671792979003,-22.616411248305894,13.328996580249964,0.2833591236671069,13.75991322233665,10.874752386816004,2.663029257035798,-0.0591412012629538,False,False,0.9877526576956148,fold_holdout_114234,completed_control,auto_accept,margin_satisfied,0.9877526576956148,0.9755058934105584,11.958347561574087,35222,True,,,,
pass-114234-3-228,114234,3,72335,72345,578.738525390625,13.12,complete,31739,,35222.0,off,-12.867043963254593,1.7845974819553805,-15.378937007874015,4.786694143700787,-0.44640177178616763,0.8948326425349995,23.684984830163273,0.4,0.4,False,11,59205,3,-39.5751312335958,21.184485728346456,-1.0252624671915456,1.1534202755905554,True,0.34061942513533466,-40.31332020997371,22.014948326771655,0.72,28.844652876239405,26.547157056714525,14.621376818609885,-0.7208433210776738,False,False,0.012246764285056444,fold_holdout_114234,completed_control,auto_accept,margin_satisfied,0.9877526576956148,0.9755058934105584,11.958347561574087,35222,False,,,,
pass-114234-3-228,114234,3,72335,72345,578.738525390625,13.12,complete,31739,,35222.0,off,-12.867043963254593,1.7845974819553805,-15.378937007874015,4.786694143700787,-0.44640177178616763,0.8948326425349995,23.684984830163273,0.4,0.4,False,11,59204,1,-22.978695045931758,-6.785955954724409,5.254470144356738,-0.0640789041994827,True,0.9764023027395013,-21.30426124519336,-6.806375879123661,0.3207616653488938,126.41494991873867,-7.728782245670412,10.47734054378709,,True,False,5.721131783573977e-07,fold_holdout_114234,completed_control,auto_accept,margin_satisfied,0.9877526576956148,0.9755058934105584,11.958347561574087,35222,False,,,,
pass-114234-3-228,114234,3,72335,72345,578.738525390625,13.12,complete,31739,,35222.0,off,-12.867043963254593,1.7845974819553805,-15.378937007874015,4.786694143700787,-0.44640177178616763,0.8948326425349995,23.684984830163273,0.4,0.4,False,11,35852,2,-40.0877624671916,-22.581405839895012,1.7942093175852492,0.0,True,1.0340733165190288,-38.57124071207022,-22.581405839895012,0.8460874161803561,113.20829841868424,-14.13678376412702,32.970398733198294,,True,False,5.906150341701539e-09,fold_holdout_114234,completed_control,auto_accept,margin_satisfied,0.9877526576956148,0.9755058934105584,11.958347561574087,35222,False,,,,
pass-114234-3-280,114234,3,86832,86835,331.4724426269531,23.72,complete,24280,,59104.0,off,38.396079396325455,-10.25262467191601,37.21190124671916,-4.667507381889764,-0.9759398913557159,0.21803974055339873,21.404722723251087,0.12,0.12,False,4,59103,3,28.302370406824146,-5.217945168963254,-7.945784120734967,-12.399267962598426,True,2.725596190124672,26.10967441772013,-8.639611893895704,0.2954429069667235,32.27988741138243,9.969029408051068,6.297261903260558,-0.3457397125365288,False,False,0.955757592882942,fold_holdout_114234,completed_control,auto_accept,margin_satisfied,0.955757592882942,0.912643829224643,11.959337997830577,59103,True,,,,
pass-114234-3-280,114234,3,86832,86835,331.4724426269531,23.72,complete,24280,,59104.0,off,38.396079396325455,-10.25262467191601,37.21190124671916,-4.667507381889764,-0.9759398913557159,0.21803974055339873,21.404722723251087,0.12,0.12,False,4,59105,2,20.746186023622045,-13.98201689632546,-12.046833989501327,-7.048679461942298,True,0.7142394859333989,13.679601910609188,-18.11672036670534,0.6204949773844771,42.342814768605166,20.03364674757676,18.256599901091136,-0.8159451653076084,False,False,0.04311376365829894,fold_holdout_114234,completed_control,auto_accept,margin_satisfied,0.955757592882942,0.912643829224643,11.959337997830577,59103,False,,,,
pass-114234-3-280,114234,3,86832,86835,331.4724426269531,23.72,complete,24280,,59104.0,off,38.396079396325455,-10.25262467191601,37.21190124671916,-4.667507381889764,-0.9759398913557159,0.21803974055339873,21.404722723251087,0.12,0.12,False,4,58771,1,0.23819330170398612,24.139804790026247,-13.67308649178252,-0.3844734251968518,True,2.931289472604987,-15.667823885474874,23.692543601934588,1.187514493813384,15.611286387033607,57.79105135902778,16.147823527637478,-2.57992057856707,False,True,0.001126622596689072,fold_holdout_114234,completed_control,auto_accept,margin_satisfied,0.955757592882942,0.912643829224643,11.959337997830577,59103,False,,,,
pass-114234-3-280,114234,3,86832,86835,331.4724426269531,23.72,complete,24280,,59104.0,off,38.396079396325455,-10.25262467191601,37.21190124671916,-4.667507381889764,-0.9759398913557159,0.21803974055339873,21.404722723251087,0.12,0.12,False,4,59104,0,43.12253937007874,2.401997723917323,-6.920521653543332,-4.117069594816269,True,0.9850529548064305,41.738435039370074,1.5785838049540692,0.2,113.3368689482353,-3.055728795965412,7.082773808042063,,True,False,2.0208620698660886e-06,fold_holdout_114234,completed_control,auto_accept,margin_satisfied,0.955757592882942,0.912643829224643,11.959337997830577,59103,False,,,,
pass-114234-3-334,114234,3,102267,102277,89.38866424560547,,complete,35852,,59207.0,off,46.36236876640421,-1.448343432168744,43.44549704724351,3.474678580217173,-0.7480877740394231,0.6635997907871439,18.30916938887729,0.32,0.4,True,11,59207,0,34.17199803149611,7.879142060367853,1.0252624671892363,8.778809875308124,True,0.5501974911826327,34.462064895905925,10.362839586876984,0.2858803837788921,4.095348544764904,11.291377964255929,0.8084546614808321,-0.2967061828110768,False,False,0.9910498595530938,fold_holdout_114234,completed_control,auto_accept,margin_satisfied,0.9910498595530938,0.9834520531687173,16.061740959768123,59207,True,,,,
pass-114234-3-334,114234,3,102267,102277,89.38866424560547,,complete,35852,,59207.0,off,46.36236876640421,-1.448343432168744,43.44549704724351,3.474678580217173,-0.7480877740394231,0.6635997907871439,18.30916938887729,0.32,0.4,True,11,23482,1,27.369381561679393,-3.032854535760983,-8.714730971108775,3.780655347760431,True,0.5025388061843561,23.435340245368522,-1.3261748470672927,0.4668300411190483,55.066438766836825,11.783508330148765,16.870195621248957,-0.32358508460286434,False,False,0.007597806384376484,fold_holdout_114234,completed_control,auto_accept,margin_satisfied,0.9910498595530938,0.9834520531687173,16.061740959768123,59207,False,,,,
pass-114234-3-334,114234,3,102267,102277,89.38866424560547,,complete,35852,,59207.0,off,46.36236876640421,-1.448343432168744,43.44549704724351,3.474678580217173,-0.7480877740394231,0.6635997907871439,18.30916938887729,0.32,0.4,True,11,15780,2,16.834809711285605,15.09955298556462,-10.637098097088682,6.920521653527567,True,0.3074185428970152,7.339478092086184,21.27723861733291,0.9219117583804999,15.32877057265413,38.82424646569443,10.642069114429953,-1.8004810355449508,False,True,0.0013523311226149577,fold_holdout_114234,completed_control,auto_accept,margin_satisfied,0.9910498595530938,0.9834520531687173,16.061740959768123,59207,False,,,,
pass-114234-3-334,114234,3,102267,102277,89.38866424560547,,complete,35852,,59207.0,off,46.36236876640421,-1.448343432168744,43.44549704724351,3.474678580217173,-0.7480877740394231,0.6635997907871439,18.30916938887729,0.32,0.4,True,11,59206,3,32.495693897637516,-18.87251886482964,-6.1515748031355955,-5.382627952743668,True,0.8527300176345206,28.066560039379887,-22.74801099080508,0.72,101.18446156911837,-5.896576559901389,29.822332851459798,,True,False,2.9399148756485687e-09,fold_holdout_114234,completed_control,auto_accept,margin_satisfied,0.9910498595530938,0.9834520531687173,16.061740959768123,59207,False,,,,
pass-114234-4-352,114234,4,111097,111110,589.8816528320312,13.88,complete,59207,,59206.0,off,-11.226624015748044,-3.6678764763779457,-11.453463336614103,-5.073126845472229,-0.3370069988163542,-0.9415021416591647,28.98190179505917,0.52,0.52,False,14,59206,3,-25.513656496063074,-20.979433234908154,9.483677821519532,1.9223671259836372,True,1.1095262262139087,-21.72018536745526,-20.2104863845147,0.4,14.451955823390449,17.711813604368796,4.564744671599466,-0.09113358707841257,False,False,0.9945512883486861,fold_holdout_114234,completed_control,auto_accept,margin_satisfied,0.9945512883486861,0.9891026387280502,17.380357242851048,59206,True,,,,
pass-114234-4-352,114234,4,111097,111110,589.8816528320312,13.88,complete,59207,,59206.0,off,-11.226624015748044,-3.6678764763779457,-11.453463336614103,-5.073126845472229,-0.3370069988163542,-0.9415021416591647,28.98190179505917,0.52,0.52,False,14,35852,1,-40.37483595800528,-10.064232693569492,2.8194717847759065,-7.176837270339176,True,0.9693536232775667,-38.37276938235865,-15.160402158852175,0.7101460861588951,49.76325604799918,18.569185851748152,21.945101914450515,-0.12071660938806383,False,False,0.005448649620635997,fold_holdout_114234,completed_control,auto_accept,margin_satisfied,0.9945512883486861,0.9891026387280502,17.380357242851048,59206,False,,,,
pass-114234-4-352,114234,4,111097,111110,589.8816528320312,13.88,complete,59207,,59206.0,off,-11.226624015748044,-3.6678764763779457,-11.453463336614103,-5.073126845472229,-0.3370069988163542,-0.9415021416591647,28.98190179505917,0.52,0.52,False,14,23482,0,-28.148581036745334,7.167866223753288,-8.714730971126183,-0.833025754592942,True,0.5252067185449458,-33.04726720106131,6.699609458046615,0.5900655423523393,98.90416900796858,-3.806793409565244,24.298107114450215,,True,False,4.1993719048991074e-08,fold_holdout_114234,completed_control,auto_accept,margin_satisfied,0.9945512883486861,0.9891026387280502,17.380357242851048,59206,False,,,,
pass-114234-4-352,114234,4,111097,111110,589.8816528320312,13.88,complete,59207,,59206.0,off,-11.226624015748044,-3.6678764763779457,-11.453463336614103,-5.073126845472229,-0.3370069988163542,-0.9415021416591647,28.98190179505917,0.52,0.52,False,14,15780,2,-35.648375984252,22.512200623359583,3.58841863516961,-0.384473425196763,True,-0.20343049617577078,-32.74868678051401,22.201519637244783,0.8120899174429294,122.32372395740825,-18.502498734522295,29.241245234459704,,True,False,2.0036958920127152e-08,fold_holdout_114234,completed_control,auto_accept,margin_satisfied,0.9945512883486861,0.9891026387280502,17.380357242851048,59206,False,,,,
pass-114243-2-146,114243,2,35335,35338,528.6111450195312,13.36,complete,28247,,59221.0,off,-17.89083005249344,11.602126394356942,-16.386257381889763,8.85057824803147,,,,,0.12,False,4,35028,0,-42.52276082677165,-4.113224860564323,1.2815780839897428,-6.439929872048622,True,1.0400006151574797,,,,,,,,False,False,0.25,fold_holdout_114243,completed_control,unresolved,no_usable_ball_flight,0.25,0.0,,35028,True,,,,
pass-114243-2-146,114243,2,35335,35338,528.6111450195312,13.36,complete,28247,,59221.0,off,-17.89083005249344,11.602126394356942,-16.386257381889763,8.85057824803147,,,,,0.12,False,4,59221,1,-19.91316026902883,4.9475321932414875,13.969201115488605,6.375850967849117,True,1.5342091637959336,,,,,,,,False,False,0.25,fold_holdout_114243,completed_control,unresolved,no_usable_ball_flight,0.25,0.0,,35028,False,,,,
pass-114243-2-146,114243,2,35335,35338,528.6111450195312,13.36,complete,28247,,59221.0,off,-17.89083005249344,11.602126394356942,-16.386257381889763,8.85057824803147,,,,,0.12,False,4,59217,2,-21.171669947506565,-13.161806922572174,-1.2815780839897428,1.2815780839897872,True,0.7004625215305136,,,,,,,,False,False,0.25,fold_holdout_114243,completed_control,unresolved,no_usable_ball_flight,0.25,0.0,,35028,False,,,,
pass-114243-2-146,114243,2,35335,35338,528.6111450195312,13.36,complete,28247,,59221.0,off,-17.89083005249344,11.602126394356942,-16.386257381889763,8.85057824803147,,,,,0.12,False,4,59233,3,-22.120037729658772,18.777682086614185,6.407890419948892,3.7165764435703963,True,0.8650652066929119,,,,,,,,False,False,0.25,fold_holdout_114243,completed_control,unresolved,no_usable_ball_flight,0.25,0.0,,35028,False,,,,
pass-114243-2-149,114243,2,36005,36020,517.2503051757812,16.16,complete,59214,,59181.0,off,-16.147883858267726,13.93588008530186,-14.61255331364832,12.861917650918766,-0.03744472975222272,-0.9992987001961842,35.48080835924738,0.6,0.6,False,16,59181,0,-24.38843093832029,-17.329498851706063,14.097358923878467,4.6136811023602675,True,1.3607155306758538,-15.819055765346093,-14.524976067823573,0.6404145558499073,0.3765511207544646,27.41286445379948,0.1801614977139412,-0.17261104584317766,False,False,0.999887213252369,fold_holdout_114243,completed_control,auto_accept,margin_satisfied,0.999887213252369,0.9998040391422092,26.82653861384084,59181,True,,,,
pass-114243-2-149,114243,2,36005,36020,517.2503051757812,16.16,complete,59214,,59181.0,off,-16.147883858267726,13.93588008530186,-14.61255331364832,12.861917650918766,-0.03744472975222272,-0.9992987001961842,35.48080835924738,0.6,0.6,False,16,59180,3,-33.77214566929128,-7.890676263123349,-10.765255905507232,-1.7942093175845386,True,1.1186574700623377,-42.470147610062966,-9.340343253251962,0.8396084033752197,49.29953200677862,23.229810552930672,27.00670011155478,-0.054714805754313534,False,False,8.317411015983572e-05,fold_holdout_114243,completed_control,auto_accept,margin_satisfied,0.999887213252369,0.9998040391422092,26.82653861384084,59181,False,,,,
pass-114243-2-149,114243,2,36005,36020,517.2503051757812,16.16,complete,59214,,59181.0,off,-16.147883858267726,13.93588008530186,-14.61255331364832,12.861917650918766,-0.03744472975222272,-0.9992987001961842,35.48080835924738,0.6,0.6,False,16,18503,2,-20.19510744750656,2.2844129347112805,-0.128157808398921,0.9611835629917187,True,0.4571228828330057,-20.236117946194216,2.5919916748686305,0.32,26.558126909253648,10.473296536887768,5.235066225023816,0.3048179841100462,False,False,2.9604825939249895e-05,fold_holdout_114243,completed_control,auto_accept,margin_satisfied,0.999887213252369,0.9998040391422092,26.82653861384084,59181,False,,,,
pass-114243-2-149,114243,2,36005,36020,517.2503051757812,16.16,complete,59214,,59181.0,off,-16.147883858267726,13.93588008530186,-14.61255331364832,12.861917650918766,-0.03744472975222272,-0.9992987001961842,35.48080835924738,0.6,0.6,False,16,35806,1,-37.38619586614176,23.224758038057743,4.6136811023602675,-0.12815780839883217,True,0.23532977567257202,-35.0312066126391,23.159341669904926,0.5177575002643624,114.61654758729816,-9.525631482856795,20.789917960973,,True,False,7.811532038277735e-09,fold_holdout_114243,completed_control,auto_accept,margin_satisfied,0.999887213252369,0.9998040391422092,26.82653861384084,59181,False,,,,
pass-114243-2-153,114243,2,36443,36448,510.1669921875,,complete,59214,,18503.0,off,-25.477772309711284,-27.707718175853017,-23.786089238845143,-16.083804954068242,-0.990280538481198,-0.13908434529230307,11.517993643498349,0.2,0.2,False,6,35806,1,-26.733718832020998,-11.406044947506562,-1.5378937007878513,-1.9223671259847919,True,3.2423925524934383,-27.041297572178568,-11.79051837270352,0.2,60.82513462940956,2.6264405078805644,4.704306667479687,-0.02802934166951304,False,False,0.7424593277030123,fold_holdout_114243,completed_control,ambiguous,margin_not_satisfied,0.7424593277030123,0.4915806800703192,-2.6949588271808627,35806,True,,,,
pass-114243-2-153,114243,2,36443,36448,510.1669921875,,complete,59214,,18503.0,off,-25.477772309711284,-27.707718175853017,-23.786089238845143,-16.083804954068242,-0.990280538481198,-0.13908434529230307,11.517993643498349,0.2,0.2,False,6,18503,2,-37.5246062992126,-19.96698654855643,-2.3068405511818213,-0.5126312335959504,True,1.93358093421916,-38.44734251968533,-20.17203904199481,0.4,7.586059117488178,15.087363155280594,2.0093478402988247,-1.1098950756755344,False,False,0.2508786476326931,fold_holdout_114243,completed_control,ambiguous,margin_not_satisfied,0.7424593277030123,0.4915806800703192,-2.6949588271808627,35806,False,,,,
pass-114243-2-153,114243,2,36443,36448,510.1669921875,,complete,59214,,18503.0,off,-25.477772309711284,-27.707718175853017,-23.786089238845143,-16.083804954068242,-0.990280538481198,-0.13908434529230307,11.517993643498349,0.2,0.2,False,6,59180,3,-41.65128772965879,18.313750820209975,0.5126312335960392,7.304995078742227,True,5.373016117125984,-41.154535506419506,25.0,0.9701194891110866,75.07833693641366,11.485520208282036,43.100171470641335,-0.7971806343863852,False,True,0.006660961952594574,fold_holdout_114243,completed_control,ambiguous,margin_not_satisfied,0.7424593277030123,0.4915806800703192,-2.6949588271808627,35806,False,,,,
pass-114243-2-153,114243,2,36443,36448,510.1669921875,,complete,59214,,18503.0,off,-25.477772309711284,-27.707718175853017,-23.786089238845143,-16.083804954068242,-0.990280538481198,-0.13908434529230307,11.517993643498349,0.2,0.2,False,6,59181,0,-26.656824146981627,5.174371514107611,-0.7689468503938812,0.41651287729671527,True,3.3833661417322833,-27.037438470049395,5.380537605769333,0.49503304765147893,89.3813664365388,0.23439383540265002,21.707932487439525,0.17964976864395477,False,False,1.062711700024818e-06,fold_holdout_114243,completed_control,ambiguous,margin_not_satisfied,0.7424593277030123,0.4915806800703192,-2.6949588271808627,35806,False,,,,
pass-114243-2-219,114243,2,51865,51878,217.93817138671875,11.6,complete,59220,,59233.0,off,-28.64583333333247,10.434608759843142,-24.619114993440068,8.30462598425427,0.541553015404825,-0.8406665994946756,33.26734384359796,0.52,0.52,False,14,59233,3,-13.133612204724601,-14.527969160105721,2.1146038385802868,8.07394192912465,True,0.6131550145587235,-12.072641994620426,-10.47699199425346,0.5122387275330014,0.9542442524251924,22.583659204206153,0.37615894112713555,-0.1588536923891566,False,False,0.9999799486225248,fold_holdout_114243,completed_control,auto_accept,margin_satisfied,0.9999799486225248,0.9999602946725302,2.428958989768862,59233,True,,,,
pass-114243-2-219,114243,2,51865,51878,217.93817138671875,11.6,complete,59220,,59233.0,off,-28.64583333333247,10.434608759843142,-24.619114993440068,8.30462598425427,0.541553015404825,-0.8406665994946756,33.26734384359796,0.52,0.52,False,14,59217,2,-35.848302165354056,21.953432578740042,-3.0757874015714393,1.2815780839880553,True,0.22587813730316691,-37.07861712598263,22.466063812335264,0.4,171.44748972679102,-18.652528733209387,2.8051179308959977,,True,False,1.9653949994564578e-05,fold_holdout_114243,completed_control,auto_accept,margin_satisfied,0.9999799486225248,0.9999602946725302,2.428958989768862,59233,False,,,,
pass-114243-2-219,114243,2,51865,51878,217.93817138671875,11.6,complete,59220,,59233.0,off,-28.64583333333247,10.434608759843142,-24.619114993440068,8.30462598425427,0.541553015404825,-0.8406665994946756,33.26734384359796,0.52,0.52,False,14,28648,1,-41.333456364829345,-17.45509350393718,-0.5126312335951511,1.9223671259821273,True,1.0734818426016777,-41.702550853017854,-16.07098917323005,0.72,67.81377733374941,11.240179301803945,27.56216182263985,0.18212573643846747,False,False,3.528001085131499e-07,fold_holdout_114243,completed_control,auto_accept,margin_satisfied,0.9999799486225248,0.9999602946725302,2.428958989768862,59233,False,,,,
pass-114243-2-219,114243,2,51865,51878,217.93817138671875,11.6,complete,59220,,59233.0,off,-28.64583333333247,10.434608759843142,-24.619114993440068,8.30462598425427,0.541553015404825,-0.8406665994946756,33.26734384359796,0.52,0.52,False,14,25326,0,-29.46091699474942,0.962945732857911,-13.58472769027328,-3.292053703244285,True,1.2942336675689734,-33.808029855636875,-0.09051145218026035,0.32,80.37410731543665,2.0812270890569726,12.271225803688129,0.45743933694130834,False,False,4.4627372056700246e-08,fold_holdout_114243,completed_control,auto_accept,margin_satisfied,0.9999799486225248,0.9999602946725302,2.428958989768862,59233,False,,,,
pass-114243-3-271,114243,3,70293,70303,574.6111450195312,11.12,complete,59214,,59181.0,off,-14.246021981627246,15.504531660104899,-13.992269520997167,15.048289862204742,-0.921537893291507,-0.3882884381846193,34.65611787155953,0.4,0.4,False,11,59181,0,-23.791215551180997,7.926560449475073,-12.559465223093635,-0.961183562991863,True,0.9152069492290082,-28.81500164041845,7.542087024278328,0.4,4.0095227659175166,16.57428110679125,1.1617548456023572,-0.07824979036076335,False,False,0.9918218099279212,fold_holdout_114243,completed_control,auto_accept,margin_satisfied,0.9918218099279212,0.9872258364851556,15.763948105062692,59181,True,,,,
pass-114243-3-271,114243,3,70293,70303,574.6111450195312,11.12,complete,59214,,59181.0,off,-14.246021981627246,15.504531660104899,-13.992269520997167,15.048289862204742,-0.921537893291507,-0.3882884381846193,34.65611787155953,0.4,0.4,False,11,18503,2,-24.742146489501277,-11.677739501312372,-4.101049868765205,4.293286581363631,True,0.8745168450623437,-27.350595725121636,-8.947019207772273,0.6430215514313548,38.047019687159924,21.6273048705882,16.92570295066505,-0.2240544584578702,False,False,0.004595973442765663,fold_holdout_114243,completed_control,auto_accept,margin_satisfied,0.9918218099279212,0.9872258364851556,15.763948105062692,59181,False,,,,
pass-114243-3-271,114243,3,70293,70303,574.6111450195312,11.12,complete,59214,,59181.0,off,-14.246021981627246,15.504531660104899,-13.992269520997167,15.048289862204742,-0.921537893291507,-0.3882884381846193,34.65611787155953,0.4,0.4,False,11,59180,3,-40.0262467191601,23.727136646981624,-0.512631233595684,0.384473425196763,True,0.22351522771079355,-40.36584739054817,23.98183715052268,0.663122614412555,41.560874523337574,20.835458264436127,18.473157708004962,-0.20120577675939577,False,False,0.0030792422379719024,fold_holdout_114243,completed_control,auto_accept,margin_satisfied,0.9918218099279212,0.9872258364851556,15.763948105062692,59181,False,,,,
pass-114243-3-271,114243,3,70293,70303,574.6111450195312,11.12,complete,59214,,59181.0,off,-14.246021981627246,15.504531660104899,-13.992269520997167,15.048289862204742,-0.921537893291507,-0.3882884381846193,34.65611787155953,0.4,0.4,False,11,35806,1,-37.268290682414765,-21.47155921916008,7.689468503934727,-2.947629593175005,True,0.6042640666010486,-30.009135884272403,-24.254235225114677,0.9440592009859393,44.97970204251107,30.020865368411336,29.999602145197038,-0.466250094129784,False,True,0.0005029743913411488,fold_holdout_114243,completed_control,auto_accept,margin_satisfied,0.9918218099279212,0.9872258364851556,15.763948105062692,59181,False,,,,
pass-114243-3-329,114243,3,90883,90886,304.6109313964844,15.12,complete,59233,,59217.0,off,-30.440042650918706,20.202796916010506,-34.69488188976396,21.474122375328015,,,,,0.12,False,4,25271,0,-33.08521981627297,-10.079611630577551,-0.2563156167974867,-5.446706856949168,True,0.7827238147965918,,,,,,,,False,False,0.25,fold_holdout_114243,completed_control,unresolved,no_usable_ball_flight,0.25,0.0,,25271,True,,,,
pass-114243-3-329,114243,3,90883,90886,304.6109313964844,15.12,complete,59233,,59217.0,off,-30.440042650918706,20.202796916010506,-34.69488188976396,21.474122375328015,,,,,0.12,False,4,35028,1,-11.620068487532857,-0.6544058091368817,-2.1146038385802868,11.313931522706952,True,2.294665559383176,,,,,,,,False,False,0.25,fold_holdout_114243,completed_control,unresolved,no_usable_ball_flight,0.25,0.0,,25271,False,,,,
pass-114243-3-329,114243,3,90883,90886,304.6109313964844,15.12,complete,59233,,59217.0,off,-30.440042650918706,20.202796916010506,-34.69488188976396,21.474122375328015,,,,,0.12,False,4,59217,2,-38.980479002624705,11.304800278871594,-1.5378937007856308,8.906967683716926,True,1.3413316621555076,,,,,,,,False,False,0.25,fold_holdout_114243,completed_control,unresolved,no_usable_ball_flight,0.25,0.0,,25271,False,,,,
pass-114243-3-329,114243,3,90883,90886,304.6109313964844,15.12,complete,59233,,59217.0,off,-30.440042650918706,20.202796916010506,-34.69488188976396,21.474122375328015,,,,,0.12,False,4,59301,3,-20.94611220472449,-8.322568077427851,-3.5884186351665015,-1.345656988187427,True,0.8267780614337277,,,,,,,,False,False,0.25,fold_holdout_114243,completed_control,unresolved,no_usable_ball_flight,0.25,0.0,,25271,False,,,,
pass-178442-1-112,178442,1,29750,29770,19.600000381469727,0.0,complete,59374,,15369.0,off,-9.137651738845145,18.544434875328083,-7.292179297900263,16.21196276246719,-0.17551564488340418,-0.984476641876872,33.26877298634071,0.8,0.8,False,21,15369,0,1.421750686925853,-17.083435859580053,-19.776351808562996,-1.2815780839894764,True,1.4577950705380578,-14.647897030368396,-18.12480630703531,0.8131915557849799,1.9826420000295661,35.09479064783991,1.21489212540813,-0.25488683523882627,False,False,0.9999468966501446,fold_holdout_178442,completed_control,auto_accept,margin_satisfied,0.9999468966501446,0.9998960573772713,14.077181899909782,15369,True,,,,
pass-178442-1-112,178442,1,29750,29770,19.600000381469727,0.0,complete,59374,,15369.0,off,-9.137651738845145,18.544434875328083,-7.292179297900263,16.21196276246719,-0.17551564488340418,-0.984476641876872,33.26877298634071,0.8,0.8,False,21,59167,1,10.630690206692913,-7.997047244094488,-10.444861384514414,-2.4990772637795367,True,1.7205185777559056,3.6261727170651206,-9.672974741612803,0.6747528316718827,32.97884443775115,23.566774754238708,15.292074025317913,0.09162476885112025,False,False,5.083927287325324e-05,fold_holdout_178442,completed_control,auto_accept,margin_satisfied,0.9999468966501446,0.9998960573772713,14.077181899909782,15369,False,,,,
pass-178442-1-112,178442,1,29750,29770,19.600000381469727,0.0,complete,59374,,15369.0,off,-9.137651738845145,18.544434875328083,-7.292179297900263,16.21196276246719,-0.17551564488340418,-0.984476641876872,33.26877298634071,0.8,0.8,False,21,28591,3,1.2247080565124673,6.753916502624672,-17.902043860728345,-0.0640789041994827,True,1.7701797285104988,-3.0027588956237734,6.7387846298653455,0.2554024560656571,34.46951053953307,8.573262207803694,5.885525162270275,0.5423030235793893,False,False,2.109692272058311e-06,fold_holdout_178442,completed_control,auto_accept,margin_satisfied,0.9999468966501446,0.9998960573772713,14.077181899909782,15369,False,,,,
pass-178442-1-112,178442,1,29750,29770,19.600000381469727,0.0,complete,59374,,15369.0,off,-9.137651738845145,18.544434875328083,-7.292179297900263,16.21196276246719,-0.17551564488340418,-0.984476641876872,33.26877298634071,0.8,0.8,False,21,11845,2,-15.250779199475065,10.470492946194225,-8.842888779527547,3.2039452099737353,True,0.22748010990813647,-17.75641220492898,11.37833099164854,0.29014698639670156,55.098203792229995,6.59523416069219,9.453414874744945,0.6017590199854975,False,False,1.5438471001977297e-07,fold_holdout_178442,completed_control,auto_accept,margin_satisfied,0.9999468966501446,0.9998960573772713,14.077181899909782,15369,False,,,,
pass-178442-1-70,178442,1,20110,20117,245.60000610351574,0.0,complete,59374,,31457.0,off,-24.13211532152231,21.812458989501312,-21.927801017060368,16.224778543307085,0.17753787825867823,-0.9841139678835001,25.110477550894803,0.28,0.28,False,8,31457,0,-27.425770997375327,3.7069646079396326,13.07209645667804,-2.3709194553778845,True,1.0813315083661417,-23.038186328027574,2.911177192420676,0.3349555261434783,14.9939482578726,12.90496560008123,3.4564142300737366,-0.23392752582761478,False,False,0.9444767165159578,fold_holdout_178442,completed_control,auto_accept,margin_satisfied,0.9444767165159578,0.8928604907974282,4.833054987785655,31457,True,,,,
pass-178442-1-70,178442,1,20110,20117,245.60000610351574,0.0,complete,59374,,31457.0,off,-24.13211532152231,21.812458989501312,-21.927801017060368,16.224778543307085,0.17753787825867823,-0.9841139678835001,25.110477550894803,0.28,0.28,False,8,22847,2,-25.644377460629922,-9.01590182086614,-0.12815780839883217,-0.7048679461933993,True,0.6628161653133202,-25.72127214566922,-9.43882258858218,0.6,18.63468393258234,24.58242352467426,8.289469217859391,-0.6989707692675193,False,False,0.05161622571852954,fold_holdout_178442,completed_control,auto_accept,margin_satisfied,0.9444767165159578,0.8928604907974282,4.833054987785655,31457,False,,,,
pass-178442-1-70,178442,1,20110,20117,245.60000610351574,0.0,complete,59374,,31457.0,off,-24.13211532152231,21.812458989501312,-21.927801017060368,16.224778543307085,0.17753787825867823,-0.9841139678835001,25.110477550894803,0.28,0.28,False,8,59170,3,-35.11523950131234,6.715469160104987,-0.5126312335953287,-3.26802411416951,True,0.6548063022883858,-35.32029199475047,5.408259514437183,0.4,61.30011355499882,8.26701302741095,15.100079274428763,-0.049225639403116694,False,False,0.002401663417505662,fold_holdout_178442,completed_control,auto_accept,margin_satisfied,0.9444767165159578,0.8928604907974282,4.833054987785655,31457,False,,,,
pass-178442-1-70,178442,1,20110,20117,245.60000610351574,0.0,complete,59374,,31457.0,off,-24.13211532152231,21.812458989501312,-21.927801017060368,16.224778543307085,0.17753787825867823,-0.9841139678835001,25.110477550894803,0.28,0.28,False,8,59167,1,-40.29281496062992,-22.030327263779526,0.7689468503928154,0.25631561679766435,True,1.099754193323491,-39.54888384968384,-21.782350226797444,0.9676865595782586,35.10003336052839,34.274936643082306,24.088858745365634,-1.0849655437102959,False,True,0.001505394348006949,fold_holdout_178442,completed_control,auto_accept,margin_satisfied,0.9444767165159578,0.8928604907974282,4.833054987785655,31457,False,,,,
pass-178442-1-99,178442,1,26620,26662,109.19999694824219,,complete,59150,,35376.0,off,47.87975721784777,3.806286909448819,43.80433891076115,4.687371842191601,-0.9703556394606885,0.24168147005270896,17.65376152759196,0.6,1.68,True,43,35821,1,24.6703781167979,13.507833005249344,-12.174991797900248,4.6136811023622215,True,1.7044988517060367,16.919183446460806,16.445127827692886,0.72,9.635525335947078,28.929793973658178,4.911560932726109,-1.038732568605412,False,False,0.7075125684705167,fold_holdout_178442,completed_control,auto_accept,margin_satisfied,0.7075125684705167,0.4190984871634584,8.909174324107715,35821,True,,,,
pass-178442-1-99,178442,1,26620,26662,109.19999694824219,,complete,59150,,35376.0,off,47.87975721784777,3.806286909448819,43.80433891076115,4.687371842191601,-0.9703556394606885,0.24168147005270896,17.65376152759196,0.6,1.68,True,43,59149,3,30.75787401574803,-5.808752665682414,-6.407890419947471,0.35243397309712154,True,0.8378316724081365,28.19471784776904,-5.667779076443566,0.4,47.54540633357969,12.644235731685336,13.820735256833824,-0.11623465129077559,False,False,0.2884140813070583,fold_holdout_178442,completed_control,auto_accept,margin_satisfied,0.7075125684705167,0.4190984871634584,8.909174324107715,35821,False,,,,
pass-178442-1-99,178442,1,26620,26662,109.19999694824219,,complete,59150,,35376.0,off,47.87975721784777,3.806286909448819,43.80433891076115,4.687371842191601,-0.9703556394606885,0.24168147005270896,17.65376152759196,0.6,1.68,True,43,35376,0,39.11376312335958,14.968832020997375,-0.512631233595684,5.382627952755925,True,0.5574864665354331,38.95210257034824,16.66626782761688,0.31848142099561244,53.96302993663092,7.6034720882818405,10.451093662176252,0.16930017002903386,False,False,0.002556281927145541,fold_holdout_178442,completed_control,auto_accept,margin_satisfied,0.7075125684705167,0.4190984871634584,8.909174324107715,35821,False,,,,
pass-178442-1-99,178442,1,26620,26662,109.19999694824219,,complete,59150,,35376.0,off,47.87975721784777,3.806286909448819,43.80433891076115,4.687371842191601,-0.9703556394606885,0.24168147005270896,17.65376152759196,0.6,1.68,True,43,59146,2,4.219595841535433,-18.17277723097113,-8.330257545931751,2.3068405511811108,True,5.01097030839895,-6.23108965591428,-15.278741247061964,1.2883240557472346,35.73975592411541,43.72672071985651,31.466866364978493,-1.8769067290001509,False,True,0.0015170682952793007,fold_holdout_178442,completed_control,auto_accept,margin_satisfied,0.7075125684705167,0.4190984871634584,8.909174324107715,35821,False,,,,
pass-178442-2-137,178442,2,36360,36362,476.6000061035156,23.2,complete,11845,,15369.0,off,40.13902559055118,-5.917686802821522,38.42171095800525,-2.023291400098425,,,,,0.08,False,3,15369,0,36.65313320209974,3.934444717847769,-2.5631561679785975,-9.451638369421245,True,1.167838029035433,,,,,,,,False,False,0.25,fold_holdout_178442,completed_control,unresolved,no_usable_ball_flight,0.25,0.0,,15369,True,,,,
pass-178442-2-137,178442,2,36360,36362,476.6000061035156,23.2,complete,11845,,15369.0,off,40.13902559055118,-5.917686802821522,38.42171095800525,-2.023291400098425,,,,,0.08,False,3,59167,1,23.69637877296588,-4.604069266732283,-10.380782480313488,-7.657429051836173,True,0.9443628506397638,,,,,,,,False,False,0.25,fold_holdout_178442,completed_control,unresolved,no_usable_ball_flight,0.25,0.0,,15369,False,,,,
pass-178442-2-137,178442,2,36360,36362,476.6000061035156,23.2,complete,11845,,15369.0,off,40.13902559055118,-5.917686802821522,38.42171095800525,-2.023291400098425,,,,,0.08,False,3,59374,2,17.89083005249344,6.926929543963254,-10.380782480313488,9.259401656822819,True,0.5598894254429134,,,,,,,,False,False,0.25,fold_holdout_178442,completed_control,unresolved,no_usable_ball_flight,0.25,0.0,,15369,False,,,,
pass-178442-2-137,178442,2,36360,36362,476.6000061035156,23.2,complete,11845,,15369.0,off,40.13902559055118,-5.917686802821522,38.42171095800525,-2.023291400098425,,,,,0.08,False,3,28591,3,29.42503280839895,-5.959338090551181,-12.559465223095323,-5.895259186350854,True,1.0973512344160106,,,,,,,,False,False,0.25,fold_holdout_178442,completed_control,unresolved,no_usable_ball_flight,0.25,0.0,,15369,False,,,,
pass-178442-2-152,178442,2,39275,39295,412.0,21.0,complete,28155,,23056.0,off,25.400877624671917,27.579560367454068,25.503403871391075,25.15737778871391,0.10295692472805908,-0.9946858155470705,29.563314536778766,0.8,0.8,False,21,23056,2,27.88713910761155,4.626496883202099,-3.3321030183736333,-9.772032890422722,True,0.9395569328248031,25.88787729658737,-1.2367228510515336,0.6,5.0749208674460204,26.293421721994417,2.3350251703355953,-0.0893935654367719,False,False,0.9995868993952336,fold_holdout_178442,completed_control,auto_accept,margin_satisfied,0.9995868993952336,0.9992619061183986,29.21825908079336,23056,True,,,,
pass-178442-2-152,178442,2,39275,39295,412.0,21.0,complete,28155,,23056.0,off,25.400877624671917,27.579560367454068,25.503403871391075,25.15737778871391,0.10295692472805908,-0.9946858155470705,29.563314536778766,0.8,0.8,False,21,59152,0,9.272217437664041,-4.982134801509186,-12.879859744098177,-1.6340120570870864,True,0.831423781988189,-2.9384619481185634,-6.531250842989073,0.9860854713486094,47.818768689514975,28.59194237578892,31.553284251128954,-0.16714265040270115,False,True,0.00032499327683501117,fold_holdout_178442,completed_control,auto_accept,margin_satisfied,0.9995868993952336,0.9992619061183986,29.21825908079336,23056,False,,,,
pass-178442-2-152,178442,2,39275,39295,412.0,21.0,complete,28155,,23056.0,off,25.400877624671917,27.579560367454068,25.503403871391075,25.15737778871391,0.10295692472805908,-0.9946858155470705,29.563314536778766,0.8,0.8,False,21,59148,3,15.23796341863517,-17.26285679133858,-13.712885498691563,-4.998154527560494,True,0.20435163042363844,-2.2156411932560562,-23.624450995672788,1.348153510116618,35.51578150036844,45.668725512020686,32.5941680205657,-0.7447769043354626,False,True,8.810531208507427e-05,fold_holdout_178442,completed_control,auto_accept,margin_satisfied,0.9995868993952336,0.9992619061183986,29.21825908079336,23056,False,,,,
pass-178442-2-152,178442,2,39275,39295,412.0,21.0,complete,28155,,23056.0,off,25.400877624671917,27.579560367454068,25.503403871391075,25.15737778871391,0.10295692472805908,-0.9946858155470705,29.563314536778766,0.8,0.8,False,21,59151,1,7.240916174540683,19.42872375328084,-6.4719693241488185,4.869996719161485,True,0.8466425217355643,4.0954972087365,21.79557366814339,0.4944316102870545,86.98487455239281,1.1398466385269468,21.640262111690188,0.7614438821767127,False,False,2.015846303493515e-09,fold_holdout_178442,completed_control,auto_accept,margin_satisfied,0.9995868993952336,0.9992619061183986,29.21825908079336,23056,False,,,,
pass-178442-4-357,178442,4,108160,108167,425.1666666666667,,complete,35376,,59151.0,off,44.829601377952756,2.973261154855643,39.65202591863517,6.946153215223097,-0.6981655291837419,0.7159363755667019,26.01359064116675,0.28,0.28,False,8,59151,1,32.42392552493438,12.841412401574804,-3.0757874015712616,8.394336450121687,True,0.8690701382053806,31.564528870745335,15.18684910363245,0.29054458169996766,0.1824308117151301,11.546225602707171,0.03676351809904688,-0.16385359030118513,False,False,0.9999106864982481,fold_holdout_178442,completed_control,auto_accept,margin_satisfied,0.9999106864982481,0.9998480423008659,22.93075314009145,59151,True,,,,
pass-178442-4-357,178442,4,108160,108167,425.1666666666667,,complete,35376,,59151.0,off,44.829601377952756,2.973261154855643,39.65202591863517,6.946153215223097,-0.6981655291837419,0.7159363755667019,26.01359064116675,0.28,0.28,False,8,59147,2,23.670747211286088,-3.4186095390419946,-11.021571522297169,-0.4485523293958127,True,0.7581335353100394,17.907843580406862,-3.653146314717311,0.5729599586473626,71.70711836165046,7.592614479825556,22.967516658190497,-0.011871067879809405,False,False,6.264419738217193e-05,fold_holdout_178442,completed_control,auto_accept,margin_satisfied,0.9999106864982481,0.9998480423008659,22.93075314009145,59151,False,,,,
pass-178442-4-357,178442,4,108160,108167,425.1666666666667,,complete,35376,,59151.0,off,44.829601377952756,2.973261154855643,39.65202591863517,6.946153215223097,-0.6981655291837419,0.7159363755667019,26.01359064116675,0.28,0.28,False,8,28155,0,-5.228838582677166,-20.697486056430446,-12.399267962584325,-0.640789041994072,True,1.9672223589238844,-23.827740526553654,-21.658669619421552,1.71004217664571,69.97694867466231,23.840151548702476,65.4183751821461,-0.6364498618262722,False,True,2.6668891182867583e-05,fold_holdout_178442,completed_control,auto_accept,margin_satisfied,0.9999106864982481,0.9998480423008659,22.93075314009145,59151,False,,,,
pass-178442-4-357,178442,4,108160,108167,425.1666666666667,,complete,35376,,59151.0,off,44.829601377952756,2.973261154855643,39.65202591863517,6.946153215223097,-0.6981655291837419,0.7159363755667019,26.01359064116675,0.28,0.28,False,8,23056,3,18.65977690288714,-21.594590715223095,-10.124466863505521,-1.7942093175832063,True,0.697258576320538,8.856007800375096,-23.331967518199864,1.0023298095626534,90.23414522912454,-0.1764897305706974,43.187129778013066,,True,True,4.1318667646090976e-10,fold_holdout_178442,completed_control,auto_accept,margin_satisfied,0.9999106864982481,0.9998480423008659,22.93075314009145,59151,False,,,,
pass-179612-2-137,179612,2,27615,27622,588.4000244140625,12.4,complete,59123,,24056.0,off,-19.415907972440944,-18.60851377952756,-22.696747867454068,-17.91646161417323,-0.966144770875616,-0.25800054594846006,38.78078299217329,0.28,0.28,False,8,24056,2,-37.011975065616795,-22.748010990813647,5.3826279527557475,-0.5126312335957728,True,1.1149729330708662,-35.25168603733874,-22.915657564935362,0.3414255049589716,6.760281753932603,13.419683146100716,1.5907661242319815,-0.06603951005344749,False,False,0.9999353083789568,fold_holdout_179612,completed_control,auto_accept,margin_satisfied,0.9999353083789568,0.9998706346816767,18.4677602046223,24056,True,,,,
pass-179612-2-137,179612,2,27615,27622,588.4000244140625,12.4,complete,59123,,24056.0,off,-19.415907972440944,-18.60851377952756,-22.696747867454068,-17.91646161417323,-0.966144770875616,-0.25800054594846006,38.78078299217329,0.28,0.28,False,8,59126,0,-32.50082020997375,3.742208005249344,-9.227362204724265,-9.419598917322668,True,0.45656219242125984,-37.16437855232998,-1.0185078025726275,0.5063274420248951,64.38209387875436,9.618144424347651,20.058526328854285,0.03198684290905687,False,False,6.467369728015294e-05,fold_holdout_179612,completed_control,auto_accept,margin_satisfied,0.9999353083789568,0.9998706346816767,18.4677602046223,24056,False,,,,
pass-179612-2-137,179612,2,27615,27622,588.4000244140625,12.4,complete,59123,,24056.0,off,-19.415907972440944,-18.60851377952756,-22.696747867454068,-17.91646161417323,-0.966144770875616,-0.25800054594846006,38.78078299217329,0.28,0.28,False,8,22729,1,-8.509678477690288,8.298218093832022,-0.9611835629921295,-0.6407890419947382,True,0.4285276718339895,-9.201730643044622,7.83684998359581,0.72,132.60648524294834,-19.682508776444777,21.399705521433404,,True,False,1.547608865029979e-08,fold_holdout_179612,completed_control,auto_accept,margin_satisfied,0.9999353083789568,0.9998706346816767,18.4677602046223,24056,False,,,,
pass-179612-2-137,179612,2,27615,27622,588.4000244140625,12.4,complete,59123,,24056.0,off,-19.415907972440944,-18.60851377952756,-22.696747867454068,-17.91646161417323,-0.966144770875616,-0.25800054594846006,38.78078299217329,0.28,0.28,False,8,59125,3,-37.19139599737533,22.888984580052494,3.5884186351704983,-0.128157808398921,True,0.23248627429872046,-33.807175412257074,22.768119559155437,0.9433053557718681,89.6771572312561,0.2376373202005979,42.17369172815601,0.273872291844944,False,True,2.4476742999096105e-09,fold_holdout_179612,completed_control,auto_accept,margin_satisfied,0.9999353083789568,0.9998706346816767,18.4677602046223,24056,False,,,,
pass-179612-2-245,179612,2,52280,52282,137.8000030517578,21.8,complete,59141,,15487.0,off,-21.825274770341206,-19.915723425196852,-19.68503937007874,-21.87653789370079,,,,,0.08,False,3,15487,0,-15.51991059711286,-21.70993274278215,-15.507094816299416,-2.5631561679833936,True,1.3344431799540681,,,,,,,,False,False,0.25,fold_holdout_179612,completed_control,unresolved,no_usable_ball_flight,0.25,0.0,,15487,True,,,,
pass-179612-2-245,179612,2,52280,52282,137.8000030517578,21.8,complete,59141,,15487.0,off,-21.825274770341206,-19.915723425196852,-19.68503937007874,-21.87653789370079,,,,,0.08,False,3,31587,1,7.73432373687664,3.7069646079396326,-11.72643946852394,8.041902477047834,True,0.03584413703658136,,,,,,,,False,False,0.25,fold_holdout_179612,completed_control,unresolved,no_usable_ball_flight,0.25,0.0,,15487,False,,,,
pass-179612-2-245,179612,2,52280,52282,137.8000030517578,21.8,complete,59141,,15487.0,off,-21.825274770341206,-19.915723425196852,-19.68503937007874,-21.87653789370079,,,,,0.08,False,3,59140,2,-29.57882217847769,16.62206774934383,6.407890419958395,-3.3321030183784295,True,1.531485810367454,,,,,,,,False,False,0.25,fold_holdout_179612,completed_control,unresolved,no_usable_ball_flight,0.25,0.0,,15487,False,,,,
pass-179612-2-245,179612,2,52280,52282,137.8000030517578,21.8,complete,59141,,15487.0,off,-21.825274770341206,-19.915723425196852,-19.68503937007874,-21.87653789370079,,,,,0.08,False,3,31918,3,-11.431676509186351,-2.54393249671916,-5.510785761164261,-3.7005567175259935,True,1.2311159469324147,,,,,,,,False,False,0.25,fold_holdout_179612,completed_control,unresolved,no_usable_ball_flight,0.25,0.0,,15487,False,,,,
pass-179612-4-420,179612,4,105107,105110,552.7200073242187,13.72,complete,15487,,59144.0,off,-12.391578494094649,7.139030716863202,-9.651564550525286,12.958036007217565,,,,,0.12,False,4,59140,0,-39.323941929133866,17.52942503280811,0.2563156167974867,8.458415354321058,True,0.30257257576692775,,,,,,,,False,False,0.25,fold_holdout_179612,completed_control,unresolved,no_usable_ball_flight,0.25,0.0,,22740,False,,,,
pass-179612-4-420,179612,4,105107,105110,552.7200073242187,13.72,complete,15487,,59144.0,off,-12.391578494094649,7.139030716863202,-9.651564550525286,12.958036007217565,,,,,0.12,False,4,22740,1,-32.44443077427803,-16.611815124671725,-5.382627952749708,-5.638943569547461,True,0.920813853346437,,,,,,,,False,False,0.25,fold_holdout_179612,completed_control,unresolved,no_usable_ball_flight,0.25,0.0,,22740,True,,,,
pass-179612-4-420,179612,4,105107,105110,552.7200073242187,13.72,complete,15487,,59144.0,off,-12.391578494094649,7.139030716863202,-9.651564550525286,12.958036007217565,,,,,0.12,False,4,59141,2,-20.18741797900285,-5.404414780183814,6.536048228338931,2.5311167158763803,True,1.0497726480478875,,,,,,,,False,False,0.25,fold_holdout_179612,completed_control,unresolved,no_usable_ball_flight,0.25,0.0,,22740,False,,,,
pass-179612-4-420,179612,4,105107,105110,552.7200073242187,13.72,complete,15487,,59144.0,off,-12.391578494094649,7.139030716863202,-9.651564550525286,12.958036007217565,,,,,0.12,False,4,59144,3,-9.247867454068473,15.10211614173286,6.79236384513664,-16.91683070864216,True,1.0813315083660844,,,,,,,,False,False,0.25,fold_holdout_179612,completed_control,unresolved,no_usable_ball_flight,0.25,0.0,,22740,False,,,,
pass-179612-4-474,179612,4,117515,117517,345.3999938964844,4.399999999999999,complete,59123,,59124.0,off,-14.62280593832021,13.104135908792651,-16.737409776902886,12.495386318897637,-0.9914073644848707,0.1308106939250876,27.922010271252322,0.08,0.08,False,3,59124,1,-23.247826443569554,14.379306102362204,-7.3049950787526186,3.0757874015800546,True,0.6648186310695537,-24.708825459320078,14.994463582678215,0.2,9.890017955701042,8.22982624396614,1.4348571867464461,-0.21474332843575117,False,False,0.9833738114190491,fold_holdout_179612,completed_control,auto_accept,margin_satisfied,0.9833738114190491,0.9748514707243287,23.05406623918631,59124,True,,,,
pass-179612-4-474,179612,4,117515,117517,345.3999938964844,4.399999999999999,complete,59123,,59124.0,off,-14.62280593832021,13.104135908792651,-16.737409776902886,12.495386318897637,-0.9914073644848707,0.1308106939250876,27.922010271252322,0.08,0.08,False,3,35326,2,-27.32324475065617,-11.297110810367453,1.7942093175883578,0.5767101377962547,True,0.8618612614829396,-26.246719160103154,-10.9510847276897,0.6,75.44018274101558,6.360550205971264,24.488923425932754,-0.14779700115359884,False,False,0.008522340694720432,fold_holdout_179612,completed_control,auto_accept,margin_satisfied,0.9833738114190491,0.9748514707243287,23.05406623918631,59124,False,,,,
pass-179612-4-474,179612,4,117515,117517,345.3999938964844,4.399999999999999,complete,59123,,59124.0,off,-14.62280593832021,13.104135908792651,-16.737409776902886,12.495386318897637,-0.9914073644848707,0.1308106939250876,27.922010271252322,0.08,0.08,False,3,15452,0,-30.93729494750656,-23.465694717847768,-7.433152887151806,-1.6660515091891703,True,0.8906967683727034,-38.0175692897452,-25.0,0.9556180494242003,67.93976539604216,16.192509355080407,39.956874563471835,-0.49991918195631263,False,True,0.008103840899944283,fold_holdout_179612,completed_control,auto_accept,margin_satisfied,0.9833738114190491,0.9748514707243287,23.05406623918631,59124,False,,,,
pass-179612-4-474,179612,4,117515,117517,345.3999938964844,4.399999999999999,complete,59123,,59124.0,off,-14.62280593832021,13.104135908792651,-16.737409776902886,12.495386318897637,-0.9914073644848707,0.1308106939250876,27.922010271252322,0.08,0.08,False,3,59213,3,-7.52927124343832,-7.612573818897638,-2.6913139763825367,-5.446706856964667,True,0.7625389599737533,-9.068258199253954,-10.727190277095948,0.5843721142489373,115.79201582913447,-10.641014712682336,22.019826419893104,,True,False,6.986286427616503e-09,fold_holdout_179612,completed_control,auto_accept,margin_satisfied,0.9833738114190491,0.9748514707243287,23.05406623918631,59124,False,,,,
pass-179612-4-485,179612,4,119885,119892,299.60000610351574,20.8,complete,31587,,59141.0,off,-9.035125492125983,-12.367228510498688,-7.6382053805774275,-7.45237655839895,-0.03926398775816663,0.999228872313709,25.995459475299892,0.28,0.28,False,8,59141,3,-3.7037606627296586,1.8406665231299213,-13.792984128921326,0.84904548064208,True,1.3192244402066928,-6.82652794345317,2.0328926159038425,0.2264688049351828,7.141262551936477,9.44608512767574,1.1834810229228931,-0.0833744245471455,False,False,0.9929769713537088,fold_holdout_179612,completed_control,auto_accept,margin_satisfied,0.9929769713537088,0.9864792768418931,13.984591145113432,59141,True,,,,
pass-179612-4-485,179612,4,119885,119892,299.60000610351574,20.8,complete,31587,,59141.0,off,-9.035125492125983,-12.367228510498688,-7.6382053805774275,-7.45237655839895,-0.03926398775816663,0.999228872313709,25.995459475299892,0.28,0.28,False,8,446,1,-15.648068405511811,20.3001968503937,-11.406044947493577,-1.666051509184463,True,0.6363836173310368,-23.861359595449528,19.100502631638747,0.720368863644572,29.17366188084184,27.169389258235107,15.168072168036325,-0.7651590318705714,False,False,0.006497694511815644,fold_holdout_179612,completed_control,auto_accept,margin_satisfied,0.9929769713537088,0.9864792768418931,13.984591145113432,59141,False,,,,
pass-179612-4-485,179612,4,119885,119892,299.60000610351574,20.8,complete,31587,,59141.0,off,-9.035125492125983,-12.367228510498688,-7.6382053805774275,-7.45237655839895,-0.03926398775816663,0.999228872313709,25.995459475299892,0.28,0.28,False,8,59142,0,-37.62713254593176,23.05558973097113,-4.869996719154557,0.12815780839883217,True,0.4429454252788714,-42.479791510841544,23.18329128267931,0.9986552115965938,46.42509430139584,31.980063440711792,33.61184033148943,-0.9502172797175712,False,True,0.0003612620295663205,fold_holdout_179612,completed_control,auto_accept,margin_satisfied,0.9929769713537088,0.9864792768418931,13.984591145113432,59141,False,,,,
pass-179612-4-485,179612,4,119885,119892,299.60000610351574,20.8,complete,31587,,59141.0,off,-9.035125492125983,-12.367228510498688,-7.6382053805774275,-7.45237655839895,-0.03926398775816663,0.999228872313709,25.995459475299892,0.28,0.28,False,8,59143,2,-23.427247375328083,0.11283894536376313,-12.815780839880464,-1.0302686315810132,True,1.3168214812992125,-29.881473589199793,-0.4060203338607662,0.5362280097176504,70.17228744513483,7.914281994810939,21.94944776413315,-0.024448628897321578,False,False,0.0001640721049092814,fold_holdout_179612,completed_control,auto_accept,margin_satisfied,0.9929769713537088,0.9864792768418931,13.984591145113432,59141,False,,,,
pass-179612-4-528,179612,4,133992,133997,52.5,,complete,59123,,22729.0,off,48.34112532808399,-7.11532152230969,45.5831692913378,-5.480027887138267,-0.6906236577107757,0.7232143274370257,25.756870050958877,0.2,0.2,False,6,22729,1,43.07127624671896,5.434531865157762,-4.357365485554432,6.215653707334945,True,0.3546767347440812,41.612722310575535,7.5151161564211595,0.3444919270701189,26.689849176896498,12.140358976010845,6.103269769025058,-0.27134449768126556,False,False,0.878556236029218,fold_holdout_179612,completed_control,ambiguous,margin_not_satisfied,0.878556236029218,0.7637636418747702,-0.5940367036419802,22729,True,,,,
pass-179612-4-528,179612,4,133992,133997,52.5,,complete,59123,,22729.0,off,48.34112532808399,-7.11532152230969,45.5831692913378,-5.480027887138267,-0.6906236577107757,0.7232143274370257,25.756870050958877,0.2,0.2,False,6,24056,3,37.3913221784777,-3.5707969365160577,0.2563156167973091,-6.808383571178744,True,0.5554840007791704,37.44258530183716,-4.932473650751806,0.2,42.47245433177287,6.01807895953424,5.509233065383078,-0.03364946702094335,False,False,0.11479259415444779,fold_holdout_179612,completed_control,ambiguous,margin_not_satisfied,0.878556236029218,0.7637636418747702,-0.5940367036419802,22729,False,,,,
pass-179612-4-528,179612,4,133992,133997,52.5,,complete,59123,,22729.0,off,48.34112532808399,-7.11532152230969,45.5831692913378,-5.480027887138267,-0.6906236577107757,0.7232143274370257,25.756870050958877,0.2,0.2,False,6,59127,0,28.850885826771094,-16.46571522309709,-12.303149606271191,0.5126312335946182,True,-0.019644189068635336,21.545427299564196,-16.16132111779681,0.6,70.27871704832828,8.876168997498223,24.761193207724055,-0.14461364987038788,False,False,0.005205937838060766,fold_holdout_179612,completed_control,ambiguous,margin_not_satisfied,0.878556236029218,0.7637636418747702,-0.5940367036419802,22729,False,,,,
pass-179612-4-528,179612,4,133992,133997,52.5,,complete,59123,,22729.0,off,48.34112532808399,-7.11532152230969,45.5831692913378,-5.480027887138267,-0.6906236577107757,0.7232143274370257,25.756870050958877,0.2,0.2,False,6,35326,2,12.579970472440198,-12.505638943569632,-16.404199475028314,-1.7301304133818807,True,0.9211342478674941,-3.8700570644451844,-14.2406027853505,1.0488627636766399,56.3661580361244,27.81779478845753,41.81554211834113,-0.8800145644024759,False,True,0.0014452319782734696,fold_holdout_179612,completed_control,ambiguous,margin_not_satisfied,0.878556236029218,0.7637636418747702,-0.5940367036419802,22729,False,,,,
pass-184439-1-32,184439,1,5155,5157,439.79998779296875,13.84,complete,59174,,34982.0,off,-12.64276779855643,-3.517931840551181,-7.70869217519685,-0.07639406860031168,,,,,0.08,False,3,36019,0,-19.902907644356954,-6.8244032972440944,-0.640789041994605,0.4485523293962679,True,0.8250158915682415,,,,,,,,False,False,0.25,fold_holdout_184439,completed_control,unresolved,no_usable_ball_flight,0.25,0.0,,28010,False,,,,
pass-184439-1-32,184439,1,5155,5157,439.79998779296875,13.84,complete,59174,,34982.0,off,-12.64276779855643,-3.517931840551181,-7.70869217519685,-0.07639406860031168,,,,,0.08,False,3,59215,1,-41.06176181102362,20.441170439632547,-2.819471784776617,-3.4602608267711332,True,-0.18813165779814633,,,,,,,,False,False,0.25,fold_holdout_184439,completed_control,unresolved,no_usable_ball_flight,0.25,0.0,,28010,False,,,,
pass-184439-1-32,184439,1,5155,5157,439.79998779296875,13.84,complete,59174,,34982.0,off,-12.64276779855643,-3.517931840551181,-7.70869217519685,-0.07639406860031168,,,,,0.08,False,3,34982,2,-5.424279240485564,1.4706108513779528,-3.2359846620730215,-9.852131520667895,True,0.5811155624589895,,,,,,,,False,False,0.25,fold_holdout_184439,completed_control,unresolved,no_usable_ball_flight,0.25,0.0,,28010,False,,,,
pass-184439-1-32,184439,1,5155,5157,439.79998779296875,13.84,complete,59174,,34982.0,off,-12.64276779855643,-3.517931840551181,-7.70869217519685,-0.07639406860031168,,,,,0.08,False,3,28010,3,-27.630823490813647,-15.13543717191601,-5.638943569552968,-4.357365485563669,True,0.9563776451771654,,,,,,,,False,False,0.25,fold_holdout_184439,completed_control,unresolved,no_usable_ball_flight,0.25,0.0,,28010,True,,,,
pass-184439-1-44,184439,1,6460,6470,398.6000061035157,11.48,complete,59119,,59114.0,off,-21.37672244094488,12.322373277559056,-24.016773293963254,14.28959563648294,-0.8924743486174878,0.4510981457064427,32.955812201348834,0.4,0.4,False,11,59114,0,-41.01049868766404,15.4173843503937,1.0252624671910127,11.40604494750006,True,0.8394336450131233,-40.600393700787635,19.979802329393724,0.4,7.875934176474864,17.36729750815871,2.4024769028635795,-0.12698739154266359,False,False,0.9999105867149819,fold_holdout_184439,completed_control,ambiguous,margin_not_satisfied,0.9999105867149819,0.9998211834586029,-0.17121747085346062,59114,True,,,,
pass-184439-1-44,184439,1,6460,6470,398.6000061035157,11.48,complete,59119,,59114.0,off,-21.37672244094488,12.322373277559056,-24.016773293963254,14.28959563648294,-0.8924743486174878,0.4510981457064427,32.955812201348834,0.4,0.4,False,11,59122,3,-8.94541502624672,6.497600885826771,-1.9223671259831487,7.657429051832909,True,0.8650652066929134,-9.714361876639979,9.560572506559936,0.4,171.4820567008093,-14.897788878246056,2.231259432010119,,True,False,8.940325637897882e-05,fold_holdout_184439,completed_control,ambiguous,margin_not_satisfied,0.9999105867149819,0.9998211834586029,-0.17121747085346062,59114,False,,,,
pass-184439-1-44,184439,1,6460,6470,398.6000061035157,11.48,complete,59119,,59114.0,off,-21.37672244094488,12.322373277559056,-24.016773293963254,14.28959563648294,-0.8924743486174878,0.4510981457064427,32.955812201348834,0.4,0.4,False,11,59117,1,-19.37746062992126,-10.476900836614172,2.819471784775285,-7.369073982935426,True,1.3712885498687664,-17.347440944883054,-15.782634104327679,0.72,129.31866446868432,-19.5177351172967,23.83017019363533,,True,False,9.073671005563145e-09,fold_holdout_184439,completed_control,ambiguous,margin_not_satisfied,0.9999105867149819,0.9998211834586029,-0.17121747085346062,59114,False,,,,
pass-184439-1-44,184439,1,6460,6470,398.6000061035157,11.48,complete,59119,,59114.0,off,-21.37672244094488,12.322373277559056,-24.016773293963254,14.28959563648294,-0.8924743486174878,0.4510981457064427,32.955812201348834,0.4,0.4,False,11,34854,2,-39.60076279527559,-23.516957841207347,-2.3068405511798673,-0.12815780839883217,True,0.91552734375,-41.76947635990889,-23.637441928131373,0.9403108758970607,91.73103652678827,-1.2649842125565982,41.85711957979531,,True,True,9.54968181158023e-10,fold_holdout_184439,completed_control,ambiguous,margin_not_satisfied,0.9999105867149819,0.9998211834586029,-0.17121747085346062,59114,False,,,,
pass-184439-2-154,184439,2,31837,31842,467.52000122070314,17.8,complete,34982,,34838.0,off,-16.30936269685031,4.698265255905454,-16.406762631233494,10.352587762466927,-0.5317610197989336,0.8468944549484297,30.053497929189856,0.2,0.2,False,6,34838,0,-19.185223917322734,19.26211860236219,-8.971046587925269,1.2815780839892987,True,0.8295014148622104,-21.4453558671745,19.58499459519815,0.2605111199639347,3.500978076403599,10.498201629964067,0.6422774003126968,-0.149317129563396,False,False,0.9845946313509834,fold_holdout_184439,completed_control,auto_accept,margin_satisfied,0.9845946313509834,0.9691896367195812,9.14194885957724,34838,True,,,,
pass-184439-2-154,184439,2,31837,31842,467.52000122070314,17.8,complete,34982,,34838.0,off,-16.30936269685031,4.698265255905454,-16.406762631233494,10.352587762466927,-0.5317610197989336,0.8468944549484297,30.053497929189856,0.2,0.2,False,6,25431,2,-26.9182660761154,12.754265091863529,-7.433152887138039,-1.0893413713909617,True,0.9195322752624708,-29.252989708901687,12.412107318093112,0.3204526425476427,48.7672756872541,8.575318502907184,9.784226259889937,-0.08533512215821948,False,False,0.015404994631402104,fold_holdout_184439,completed_control,auto_accept,margin_satisfied,0.9845946313509834,0.9691896367195812,9.14194885957724,34838,False,,,,
pass-184439-2-154,184439,2,31837,31842,467.52000122070314,17.8,complete,34982,,34838.0,off,-16.30936269685031,4.698265255905454,-16.406762631233494,10.352587762466927,-0.5317610197989336,0.8468944549484297,30.053497929189856,0.2,0.2,False,6,34832,3,-8.377675935039255,-8.190565534776864,-10.124466863515623,-3.4602608267711776,True,1.413740823900914,-13.022090411424255,-9.777897064680605,0.4592351092453934,157.41973273795028,-18.84823272682563,7.838147005956497,,True,False,3.734245161343323e-07,fold_holdout_184439,completed_control,auto_accept,margin_satisfied,0.9845946313509834,0.9691896367195812,9.14194885957724,34838,False,,,,
pass-184439-2-154,184439,2,31837,31842,467.52000122070314,17.8,complete,34982,,34838.0,off,-16.30936269685031,4.698265255905454,-16.406762631233494,10.352587762466927,-0.5317610197989336,0.8468944549484297,30.053497929189856,0.2,0.2,False,6,35726,1,-39.48798392388448,-22.90948982939633,-3.0757874015742814,0.3844734251968518,True,1.0451269274934396,-42.38064952444007,-22.547906629326818,0.9408618112191732,109.5855208650967,-14.051345682998349,39.49234123298368,,True,True,5.930982245774257e-10,fold_holdout_184439,completed_control,auto_accept,margin_satisfied,0.9845946313509834,0.9691896367195812,9.14194885957724,34838,False,,,,
pass-184439-3-241,184439,3,61457,61460,588.7200073242187,21.8,complete,59118,,59116.0,off,28.84063320209975,-12.715817749343834,26.6619504593176,-11.343247621391074,,,,,0.12,False,4,59115,0,15.873626148293978,-20.251496883202098,-13.841043307086087,-2.4349983595800317,True,1.0488114644849078,,,,,,,,False,False,0.25,fold_holdout_184439,completed_control,unresolved,no_usable_ball_flight,0.25,0.0,,59113,False,,,,
pass-184439-3-241,184439,3,61457,61460,588.7200073242187,21.8,complete,59118,,59116.0,off,28.84063320209975,-12.715817749343834,26.6619504593176,-11.343247621391074,,,,,0.12,False,4,59116,1,25.48033546587927,-10.003998523622034,-6.536048228346214,-11.470123851705605,True,0.597055189878608,,,,,,,,False,False,0.25,fold_holdout_184439,completed_control,unresolved,no_usable_ball_flight,0.25,0.0,,59113,False,,,,
pass-184439-3-241,184439,3,61457,61460,588.7200073242187,21.8,complete,59118,,59116.0,off,28.84063320209975,-12.715817749343834,26.6619504593176,-11.343247621391074,,,,,0.12,False,4,59113,2,35.684260170603686,1.739742249015748,-7.945784120734523,0.08009863024934227,True,0.45728308009350394,,,,,,,,False,False,0.25,fold_holdout_184439,completed_control,unresolved,no_usable_ball_flight,0.25,0.0,,59113,True,,,,
pass-184439-3-241,184439,3,61457,61460,588.7200073242187,21.8,complete,59118,,59116.0,off,28.84063320209975,-12.715817749343834,26.6619504593176,-11.343247621391074,,,,,0.12,False,4,59122,3,33.818282480314956,9.150467519685042,-0.5126312335958616,-3.8447342519683847,True,0.10534972343544953,,,,,,,,False,False,0.25,fold_holdout_184439,completed_control,unresolved,no_usable_ball_flight,0.25,0.0,,59113,False,,,,
pass-184439-4-351,184439,4,95640,95652,540.4000244140625,7.4,complete,59118,,59114.0,off,-30.29650590551181,-4.841161212270341,-31.885662729658794,-3.556379183070866,-0.3507469214152539,0.9364702862972863,48.96164521178482,0.48,0.48,False,13,59114,0,-40.11339402887139,20.838459645669293,0.0,-1.6660515091861505,True,1.8662980848097113,-40.11339402887139,19.838828740157602,0.6,1.157025523719856,24.794768485281054,0.5007712695913771,-0.026412077821949542,False,False,0.9999970137353273,fold_holdout_184439,completed_control,auto_accept,margin_satisfied,0.9999970137353273,0.999995077788975,16.949183484948904,59114,True,,,,
pass-184439-4-351,184439,4,95640,95652,540.4000244140625,7.4,complete,59118,,59114.0,off,-30.29650590551181,-4.841161212270341,-31.885662729658794,-3.556379183070866,-0.3507469214152539,0.9364702862972863,48.96164521178482,0.48,0.48,False,13,59122,3,-18.698224245406823,14.28959563648294,-2.3068405511807555,-0.6407890419946494,True,0.7252930969078084,-19.819329072632954,13.978177628920129,0.48665271033003865,55.066652647691534,12.188362054850165,17.44995475454028,0.231063061665328,False,False,1.9359463523185386e-06,fold_holdout_184439,completed_control,auto_accept,margin_satisfied,0.9999970137353273,0.999995077788975,16.949183484948904,59114,False,,,,
pass-184439-4-351,184439,4,95640,95652,540.4000244140625,7.4,complete,59118,,59114.0,off,-30.29650590551181,-4.841161212270341,-31.885662729658794,-3.556379183070866,-0.3507469214152539,0.9364702862972863,48.96164521178482,0.48,0.48,False,13,59120,2,-32.3726624015748,-22.77364255249344,-2.3068405511807555,-0.128157808398921,True,0.7256935900590551,-33.334091472223236,-22.827055278640568,0.4168189065433808,155.16859153284923,-17.538383638016583,8.115540793342138,,True,False,9.83045558478678e-07,fold_holdout_184439,completed_control,auto_accept,margin_satisfied,0.9999970137353273,0.999995077788975,16.949183484948904,59114,False,,,,
pass-184439-4-351,184439,4,95640,95652,540.4000244140625,7.4,complete,59118,,59114.0,off,-30.29650590551181,-4.841161212270341,-31.885662729658794,-3.556379183070866,-0.3507469214152539,0.9364702862972863,48.96164521178482,0.48,0.48,False,13,59117,1,-41.446235236220474,-22.196932414698164,-1.0252624671915456,0.128157808398921,True,0.9956259739993438,-41.94195140264786,-22.13496789389475,0.48352694684662323,131.04102855234092,-13.87108399611077,15.933798327243895,,True,False,6.727276184796097e-08,fold_holdout_184439,completed_control,auto_accept,margin_satisfied,0.9999970137353273,0.999995077788975,16.949183484948904,59114,False,,,,
pass-184439-4-413,184439,4,124542,124557,217.0,,complete,59112,,59122.0,off,,,-40.16465715223097,-1.180653809875328,,,,,0.6,False,3,59118,0,,,,,False,,,,,,,,,False,False,0.25,fold_holdout_184439,completed_control,unresolved,no_usable_ball_flight,0.25,0.0,,34854,False,,,,
pass-184439-4-413,184439,4,124542,124557,217.0,,complete,59112,,59122.0,off,,,-40.16465715223097,-1.180653809875328,,,,,0.6,False,3,59114,1,,,,,False,,,,,,,,,False,False,0.25,fold_holdout_184439,completed_control,unresolved,no_usable_ball_flight,0.25,0.0,,34854,False,,,,
pass-184439-4-413,184439,4,124542,124557,217.0,,complete,59112,,59122.0,off,,,-40.16465715223097,-1.180653809875328,,,,,0.6,False,3,34854,2,,,,,False,,,,,,,,,False,False,0.25,fold_holdout_184439,completed_control,unresolved,no_usable_ball_flight,0.25,0.0,,34854,True,,,,
pass-184439-4-413,184439,4,124542,124557,217.0,,complete,59112,,59122.0,off,,,-40.16465715223097,-1.180653809875328,,,,,0.6,False,3,59122,3,,,,,False,,,,,,,,,False,False,0.25,fold_holdout_184439,completed_control,unresolved,no_usable_ball_flight,0.25,0.0,,34854,False,,,,
pass-188630-1-40,188630,1,6875,6885,420.0,21.0,complete,59161,,59164.0,off,-8.061126148293964,14.87912155511811,-9.400375246062993,11.54061064632546,-0.32025610682547884,-0.947331001308934,35.76545109223474,0.4,0.4,False,11,59164,3,-20.761564960629922,-11.015163631889763,11.27788713911082,9.804072342522474,True,1.5803459748195539,-16.250410104985594,-7.093534694880773,0.43726372343026965,1.5053471643276088,19.84646906015848,0.5215515409094076,-0.1549061581518112,False,False,0.973929730650327,fold_holdout_188630,completed_control,auto_accept,margin_satisfied,0.973929730650327,0.949004289573801,8.251317232606254,59164,True,,,,
pass-188630-1-40,188630,1,6875,6885,420.0,21.0,complete,59161,,59164.0,off,-8.061126148293964,14.87912155511811,-9.400375246062993,11.54061064632546,-0.32025610682547884,-0.947331001308934,35.76545109223474,0.4,0.4,False,11,59165,1,-23.452878937007874,-5.0718452673884515,-1.4097358923888414,0.7048679461944207,True,1.0132476726541995,-24.15785925522604,-4.719355108279369,0.5001126182998746,23.548352805488104,20.129744014872585,8.772868773515661,-0.16282650994560166,False,False,0.024925441076525973,fold_holdout_188630,completed_control,auto_accept,margin_satisfied,0.973929730650327,0.949004289573801,8.251317232606254,59164,False,,,,
pass-188630-1-40,188630,1,6875,6885,420.0,21.0,complete,59161,,59164.0,off,-8.061126148293964,14.87912155511811,-9.400375246062993,11.54061064632546,-0.32025610682547884,-0.947331001308934,35.76545109223474,0.4,0.4,False,11,59160,2,-35.653502296587924,-16.032541830708663,-4.613681102363465,-4.869996719161485,True,1.2911899196194225,-40.02911948256631,-20.651248860352563,0.9504945741605902,24.89623481553529,40.30538888659369,18.705919349320446,-0.7269364052658248,False,True,0.0011448267534839144,fold_holdout_188630,completed_control,auto_accept,margin_satisfied,0.973929730650327,0.949004289573801,8.251317232606254,59164,False,,,,
pass-188630-1-40,188630,1,6875,6885,420.0,21.0,complete,59161,,59164.0,off,-8.061126148293964,14.87912155511811,-9.400375246062993,11.54061064632546,-0.32025610682547884,-0.947331001308934,35.76545109223474,0.4,0.4,False,11,59163,0,-32.705872703412076,21.645853838582678,-8.202099737535207,1.1534202755909106,True,0.32379871278297245,-38.611384514437425,22.476316437008133,0.724509539944479,91.84594474169803,-1.0047290119747494,31.174721221366582,,True,False,1.5196631231919954e-09,fold_holdout_188630,completed_control,auto_accept,margin_satisfied,0.973929730650327,0.949004289573801,8.251317232606254,59164,False,,,,
pass-188630-1-62,188630,1,9620,9630,326.20001220703125,9.4,complete,59161,,59163.0,off,-20.32582841207349,13.366859416010499,-17.929277395013123,10.784479576771654,0.3080050721510833,-0.9513847147864033,30.582609732810866,0.4,0.4,False,11,59163,0,-18.288119258530184,-8.445599573490814,9.73999343832297,12.110912893704207,True,1.9015414821194225,-14.494828670348655,-3.728942197396681,0.3986157521962629,4.625509564040682,14.865675262431393,1.2027255003483894,-0.08608262644383158,False,False,0.9857783810084069,fold_holdout_188630,completed_control,auto_accept,margin_satisfied,0.9857783810084069,0.9715571111810255,11.296531898227386,59163,True,,,,
pass-188630-1-62,188630,1,9620,9630,326.20001220703125,9.4,complete,59161,,59163.0,off,-20.32582841207349,13.366859416010499,-17.929277395013123,10.784479576771654,0.3080050721510833,-0.9513847147864033,30.582609732810866,0.4,0.4,False,11,59165,1,-24.516588746719158,-12.501794209317586,2.0505249343838017,-1.1534202755908662,True,0.9075174807250656,-23.308438281661694,-13.181378845912397,0.5896415236813094,30.589488211046366,21.143942543072107,12.499257398575775,-0.2913714273503485,False,False,0.014221269827381353,fold_holdout_188630,completed_control,auto_accept,margin_satisfied,0.9857783810084069,0.9715571111810255,11.296531898227386,59163,False,,,,
pass-188630-1-62,188630,1,9620,9630,326.20001220703125,9.4,complete,59161,,59163.0,off,-20.32582841207349,13.366859416010499,-17.929277395013123,10.784479576771654,0.3080050721510833,-0.9513847147864033,30.582609732810866,0.4,0.4,False,11,59160,2,-29.399401246719158,16.54517306430446,-4.357365485565534,3.460260826772643,True,-0.06372847269213419,-31.072878777540858,17.874111103486406,0.3994242621060602,136.28137998621938,-10.79326296013474,10.320978982671951,,True,False,1.8435586241480896e-07,fold_holdout_188630,completed_control,auto_accept,margin_satisfied,0.9857783810084069,0.9715571111810255,11.296531898227386,59163,False,,,,
pass-188630-1-62,188630,1,9620,9630,326.20001220703125,9.4,complete,59161,,59163.0,off,-20.32582841207349,13.366859416010499,-17.929277395013123,10.784479576771654,0.3080050721510833,-0.9513847147864033,30.582609732810866,0.4,0.4,False,11,59164,3,-25.836614173228345,4.0433788549868765,-10.38078248031784,5.190391240158953,True,0.6636171516158137,-28.917983375928447,5.584063456336938,0.3026908659337869,82.61314773716879,1.5630192290115312,12.056241447914921,0.3488918950126539,False,False,1.6480834935696022e-07,fold_holdout_188630,completed_control,auto_accept,margin_satisfied,0.9857783810084069,0.9715571111810255,11.296531898227386,59163,False,,,,
pass-188630-4-351,188630,4,91035,91040,596.5999755859375,20.6,complete,59290,,59165.0,off,-5.9369104740813645,-0.2426988496555118,-6.709061269685039,-2.5519423597440944,-0.8780418505624543,-0.47858385750133764,31.381111034882725,0.2,0.2,False,6,59165,0,-18.493171751968504,-5.478746309055118,7.561310695538026,-2.563156167978975,True,1.4001240567585302,-16.61990758684837,-6.113751110790751,0.26078135576317457,8.82528005301232,10.406762012720108,1.615753914452402,-0.131625033962377,False,False,0.9814099902450687,fold_holdout_188630,completed_control,ambiguous,margin_not_satisfied,0.9814099902450687,0.9656161487030999,0.08321611812548779,59165,True,,,,
pass-188630-4-351,188630,4,91035,91040,596.5999755859375,20.6,complete,59290,,59165.0,off,-5.9369104740813645,-0.2426988496555118,-6.709061269685039,-2.5519423597440944,-0.8780418505624543,-0.47858385750133764,31.381111034882725,0.2,0.2,False,6,59162,3,-35.11523950131234,-23.9014312664042,-6.66420603674549,0.6407890419947826,True,0.9659894808070866,-41.246623461793135,-23.311875116357946,0.9208202862328037,2.416397762704854,40.260793721203086,1.6989700325778898,-1.0829626610877434,False,True,0.015793841541968827,fold_holdout_188630,completed_control,ambiguous,margin_not_satisfied,0.9814099902450687,0.9656161487030999,0.08321611812548779,59165,False,,,,
pass-188630-4-351,188630,4,91035,91040,596.5999755859375,20.6,complete,59290,,59165.0,off,-5.9369104740813645,-0.2426988496555118,-6.709061269685039,-2.5519423597440944,-0.8780418505624543,-0.47858385750133764,31.381111034882725,0.2,0.2,False,6,59164,1,-37.37081692913386,14.686884842519685,1.7942093175852492,-0.7689468503937036,True,0.6536048228346457,-35.75602854330714,13.994832677165352,0.9,58.261207687842166,17.58543347178724,28.43017062077377,-0.36038275548114157,False,False,0.0023187171134557965,fold_holdout_188630,completed_control,ambiguous,margin_not_satisfied,0.9814099902450687,0.9656161487030999,0.08321611812548779,59165,False,,,,
pass-188630-4-351,188630,4,91035,91040,596.5999755859375,20.6,complete,59290,,59165.0,off,-5.9369104740813645,-0.2426988496555118,-6.709061269685039,-2.5519423597440944,-0.8780418505624543,-0.47858385750133764,31.381111034882725,0.2,0.2,False,6,15680,2,-23.97832595144357,15.609621062992126,-4.10104986876636,-0.5126312335957728,True,0.7605364942175197,-26.438955872703385,15.302042322834662,0.6,70.73554106033038,8.779044307478072,25.118954817812504,-0.07975568799076077,False,False,0.00047745109950669953,fold_holdout_188630,completed_control,ambiguous,margin_not_satisfied,0.9814099902450687,0.9656161487030999,0.08321611812548779,59165,False,,,,
pass-188630-4-354,188630,4,91212,91220,589.5199951171875,13.52,complete,59290,,15680.0,off,-11.46756069553806,-8.922346620734908,-12.868325541338589,-11.891763041338587,-0.7877981677473116,-0.6159334760296591,31.412197728634794,0.32,0.32,False,9,15680,2,-30.865526574803145,-17.391014599737534,14.353674540682793,-4.485523293963389,True,0.7013436064632547,-25.532085186680263,-19.05771503352594,0.3835469153506287,8.515867495490149,14.390236365002133,2.1547096483490256,-0.13810982374799752,False,False,0.9529476689408244,fold_holdout_188630,completed_control,auto_accept,margin_satisfied,0.9529476689408244,0.9058974676948389,7.003142783182718,15680,True,,,,
pass-188630-4-354,188630,4,91212,91220,589.5199951171875,13.52,complete,59290,,15680.0,off,-11.46756069553806,-8.922346620734908,-12.868325541338589,-11.891763041338587,-0.7877981677473116,-0.6159334760296591,31.412197728634794,0.32,0.32,False,9,59165,0,-31.936925853018373,-14.271653543307085,2.5631561679789527,-0.2563156167978864,True,0.787129239460302,-30.91166338582679,-14.37417979002624,0.4,30.186159947700737,15.743512070906963,9.157852431531744,-0.1811910407196839,False,False,0.047050201245985426,fold_holdout_188630,completed_control,auto_accept,margin_satisfied,0.9529476689408244,0.9058974676948389,7.003142783182718,15680,False,,,,
pass-188630-4-354,188630,4,91212,91220,589.5199951171875,13.52,complete,59290,,15680.0,off,-11.46756069553806,-8.922346620734908,-12.868325541338589,-11.891763041338587,-0.7877981677473116,-0.6159334760296591,31.412197728634794,0.32,0.32,False,9,59162,3,-39.89296259842519,8.121360318241472,-0.768946850393526,2.755392880577512,True,0.43397437869094485,-40.58501476377937,10.601213910761231,0.9,77.08021074422818,7.980979505098661,34.79156276685848,0.0659273759179434,False,False,2.1273414869421606e-06,fold_holdout_188630,completed_control,auto_accept,margin_satisfied,0.9529476689408244,0.9058974676948389,7.003142783182718,15680,False,,,,
pass-188630-4-354,188630,4,91212,91220,589.5199951171875,13.52,complete,59290,,15680.0,off,-11.46756069553806,-8.922346620734908,-12.868325541338589,-11.891763041338587,-0.7877981677473116,-0.6159334760296591,31.412197728634794,0.32,0.32,False,9,59164,1,-20.400159940944885,18.585445374015748,-2.0505249343832688,1.794209317585338,True,0.6257304995078741,-22.228692169522837,20.185411074021438,0.9,111.75212777820245,-12.383325674955673,31.03570214880166,,True,False,2.4717032180241595e-09,fold_holdout_188630,completed_control,auto_accept,margin_satisfied,0.9529476689408244,0.9058974676948389,7.003142783182718,15680,False,,,,
pass-188630-4-371,188630,4,93922,93930,481.12000732421876,,complete,35402,,32336.0,off,43.67105479002623,-3.9068907890419844,42.58940288713918,-3.4576976706036158,-0.03712004976698942,-0.9993108134636072,16.39948205124947,0.32,0.32,False,9,59295,0,32.69049376640424,-17.416646161417297,-4.357365485562958,-3.203945209972847,True,0.649039200910429,30.900717758588744,-18.7326579318699,0.41293908628845316,35.296581232561344,15.698317537992743,11.113622159044713,-0.6372447159571539,False,False,0.9995135583740515,fold_holdout_188630,completed_control,ambiguous,margin_not_satisfied,0.9995135583740515,0.9990394906080207,-2.27922950597271,59295,True,,,,
pass-188630-4-371,188630,4,93922,93930,481.12000732421876,,complete,35402,,32336.0,off,43.67105479002623,-3.9068907890419844,42.58940288713918,-3.4576976706036158,-0.03712004976698942,-0.9993108134636072,16.39948205124947,0.32,0.32,False,9,32336,3,34.41806102362208,-4.598302165354314,-3.5884186351694325,-2.050524934382625,True,0.8381520669291391,33.69111885842231,-5.013697688325632,0.2029671767244362,77.95393895997587,1.8852323894459522,8.834392653072003,0.20504317492744736,False,False,0.00047406776603083826,fold_holdout_188630,completed_control,ambiguous,margin_not_satisfied,0.9995135583740515,0.9990394906080207,-2.27922950597271,59295,False,,,,
pass-188630-4-371,188630,4,93922,93930,481.12000732421876,,complete,35402,,32336.0,off,43.67105479002623,-3.9068907890419844,42.58940288713918,-3.4576976706036158,-0.03712004976698942,-0.9993108134636072,16.39948205124947,0.32,0.32,False,9,59157,1,33.9771981627297,2.4660766281168045,-4.6136811023608,-0.7529271243436164,True,0.8906967683727065,32.65530801946709,2.250351500570473,0.28860744871694494,117.75400980327184,-5.3353611646582655,10.139131492544443,,True,False,1.220655730681546e-05,fold_holdout_188630,completed_control,ambiguous,margin_not_satisfied,0.9995135583740515,0.9990394906080207,-2.27922950597271,59295,False,,,,
pass-188630-4-371,188630,4,93922,93930,481.12000732421876,,complete,35402,,32336.0,off,43.67105479002623,-3.9068907890419844,42.58940288713918,-3.4576976706036158,-0.03712004976698942,-0.9993108134636072,16.39948205124947,0.32,0.32,False,9,31539,2,19.24417650918641,12.41208374343831,-6.7923638451423685,1.2815780839891655,True,1.2048435962106177,13.470724750797235,13.50141426388913,0.9,118.08978939137162,-15.866537161308356,29.728133014425136,,True,False,1.6730261083935744e-07,fold_holdout_188630,completed_control,ambiguous,margin_not_satisfied,0.9995135583740515,0.9990394906080207,-2.27922950597271,59295,False,,,,
pass-188630-4-400,188630,4,105395,105470,315.20001220703136,,complete,59290,,59162.0,off,47.008284120734906,-0.8482444943405512,40.44660433070866,2.4990772637795273,-0.9714037183040924,0.23743381407243466,16.264835633634274,3.0,3.0,False,52,15680,2,4.366977321194225,-1.5739380843996063,-13.008017552493433,-4.149109046916011,True,3.0725834563648293,-8.368876534189923,-5.636236296892828,0.986738432911165,23.19676843521616,45.48794109557912,19.493119649939654,0.2032953716720023,False,True,0.7145254407774901,fold_holdout_188630,completed_control,ambiguous,margin_not_satisfied,0.7145254407774901,0.43168166784426226,-17.92070794905637,15680,True,,,,
pass-188630-4-400,188630,4,105395,105470,315.20001220703136,,complete,59290,,59162.0,off,47.008284120734906,-0.8482444943405512,40.44660433070866,2.4990772637795273,-0.9714037183040924,0.23743381407243466,16.264835633634274,3.0,3.0,False,52,59165,0,25.49058809055118,5.0494176509186355,-5.382627952755925,0.03203945209975245,True,0.5626928775016404,23.33753690944881,5.0622334317585365,0.4,5.214859455579334,17.228391654753768,1.572411700883281,1.940758330251617,False,False,0.2828437729332279,fold_holdout_188630,completed_control,ambiguous,margin_not_satisfied,0.7145254407774901,0.43168166784426226,-17.92070794905637,15680,False,,,,
pass-188630-4-400,188630,4,105395,105470,315.20001220703136,,complete,59290,,59162.0,off,47.008284120734906,-0.8482444943405512,40.44660433070866,2.4990772637795273,-0.9714037183040924,0.23743381407243466,16.264835633634274,3.0,3.0,False,52,59164,1,15.622436843832022,-6.657798146325459,-7.817626312335957,3.2680241141732402,True,2.3789293184055116,9.993745898950133,-4.304820784120726,0.725644297640459,26.32953629500287,27.96654444952542,13.83987018955259,1.2805516711344427,False,False,0.0020311384542892807,fold_holdout_188630,completed_control,ambiguous,margin_not_satisfied,0.7145254407774901,0.43168166784426226,-17.92070794905637,15680,False,,,,
pass-188630-4-400,188630,4,105395,105470,315.20001220703136,,complete,59290,,59162.0,off,47.008284120734906,-0.8482444943405512,40.44660433070866,2.4990772637795273,-0.9714037183040924,0.23743381407243466,16.264835633634274,3.0,3.0,False,52,59162,3,19.364644849081365,23.401615813648295,-0.6407890419946938,2.8194717847768835,True,2.6448567708333335,18.90263933199887,25.0,0.7210338876055469,32.509531037936256,26.2703676121699,16.742214231350964,1.3848365760398433,False,False,0.0005996478349926046,fold_holdout_188630,completed_control,ambiguous,margin_not_satisfied,0.7145254407774901,0.43168166784426226,-17.92070794905637,15680,False,,,,
pass-191313-1-105,191313,1,24465,24467,39.400001525878906,12.08,complete,59204,,59207.0,off,-6.068272227690288,15.904384022309712,-4.283674745734908,16.686146653543307,,,,,0.08,False,3,59207,0,-2.221936003116798,18.313750820209975,3.1558860318295245,-7.176837270353431,True,0.8097971518208661,,,,,,,,False,False,0.25,fold_holdout_191313,completed_control,unresolved,no_usable_ball_flight,0.25,0.0,,28857,False,,,,
pass-191313-1-105,191313,1,24465,24467,39.400001525878906,12.08,complete,59204,,59207.0,off,-6.068272227690288,15.904384022309712,-4.283674745734908,16.686146653543307,,,,,0.08,False,3,59527,1,-35.807291666666664,21.01788057742782,-4.101049868773465,0.12815780839918745,True,0.4133089320866142,,,,,,,,False,False,0.25,fold_holdout_191313,completed_control,unresolved,no_usable_ball_flight,0.25,0.0,,28857,False,,,,
pass-191313-1-105,191313,1,24465,24467,39.400001525878906,12.08,complete,59204,,59207.0,off,-6.068272227690288,15.904384022309712,-4.283674745734908,16.686146653543307,,,,,0.08,False,3,28857,2,-0.3640482744832677,3.99531967683727,-5.492763569358119,1.1213808234927236,True,0.457763671875,,,,,,,,False,False,0.25,fold_holdout_191313,completed_control,unresolved,no_usable_ball_flight,0.25,0.0,,28857,True,,,,
pass-191313-1-105,191313,1,24465,24467,39.400001525878906,12.08,complete,59204,,59207.0,off,-6.068272227690288,15.904384022309712,-4.283674745734908,16.686146653543307,,,,,0.08,False,3,59206,3,-18.04461942257218,-14.08454314304462,-0.6407890419958484,0.12815780839914304,True,0.704467453042979,,,,,,,,False,False,0.25,fold_holdout_191313,completed_control,unresolved,no_usable_ball_flight,0.25,0.0,,28857,False,,,,
pass-191313-1-53,191313,1,11957,11960,292.0,,complete,59104,,59107.0,off,-47.63882053805777,-8.161089238845195,-45.02952755905572,-7.620263287401642,,,,,0.12,False,4,59108,0,-35.412565616798055,4.997513738516775,4.61368110235707,8.362296998022,True,1.7935685285433005,,,,,,,,False,False,0.25,fold_holdout_191313,completed_control,unresolved,no_usable_ball_flight,0.25,0.0,,28410,False,,,,
pass-191313-1-53,191313,1,11957,11960,292.0,,complete,59104,,59107.0,off,-47.63882053805777,-8.161089238845195,-45.02952755905572,-7.620263287401642,,,,,0.12,False,4,28410,1,-36.74028051181095,-19.52612368766388,-2.050524934380782,-4.741838910755813,True,1.0110049110072277,,,,,,,,False,False,0.25,fold_holdout_191313,completed_control,unresolved,no_usable_ball_flight,0.25,0.0,,28410,True,,,,
pass-191313-1-53,191313,1,11957,11960,292.0,,complete,59104,,59107.0,off,-47.63882053805777,-8.161089238845195,-45.02952755905572,-7.620263287401642,,,,,0.12,False,4,59107,2,-41.07714074803139,-6.268198408792855,-3.0757874015712616,5.991377542644116,True,0.9711157931430398,,,,,,,,False,False,0.25,fold_holdout_191313,completed_control,unresolved,no_usable_ball_flight,0.25,0.0,,28410,False,,,,
pass-191313-1-53,191313,1,11957,11960,292.0,,complete,59104,,59107.0,off,-47.63882053805777,-8.161089238845195,-45.02952755905572,-7.620263287401642,,,,,0.12,False,4,59110,3,-31.62422080052488,-11.880228838582623,-1.5378937007856308,-1.6019726049850913,True,-0.3351326689632695,,,,,,,,False,False,0.25,fold_holdout_191313,completed_control,unresolved,no_usable_ball_flight,0.25,0.0,,28410,False,,,,
pass-191313-2-120,191313,2,27455,27462,555.7999877929688,14.6,complete,59110,,28410.0,off,-21.453617125984252,-4.748246801181102,-17.942093175853017,-1.3897112348261154,0.9567350272137429,0.2909606291275827,23.671460671701084,0.28,0.28,False,8,28410,1,-8.214915518372703,1.2599514538221785,2.2427616469817835,1.7061008243111464,True,0.16520342488927164,-7.529467104202656,1.7813818546015368,0.3119413102787859,0.022274467253637055,10.884787328348937,0.00423160053321725,-0.17982744703885362,False,False,0.9999999424924153,fold_holdout_191313,completed_control,auto_accept,margin_satisfied,0.9999999424924153,0.9999999131961138,14.9394503875393,28410,True,,,,
pass-191313-2-120,191313,2,27455,27462,555.7999877929688,14.6,complete,59110,,28410.0,off,-21.453617125984252,-4.748246801181102,-17.942093175853017,-1.3897112348261154,0.9567350272137429,0.2909606291275827,23.671460671701084,0.28,0.28,False,8,59104,2,-40.13902559055118,-22.299458661417322,0.7689468503937036,-1.7942093175854268,True,0.9163283300524935,-39.58538385826771,-23.59128937007883,0.72,151.18595446846734,-27.166679441893287,14.943681988072516,,True,False,2.9296301526837615e-08,fold_holdout_191313,completed_control,auto_accept,margin_satisfied,0.9999999424924153,0.9999999131961138,14.9394503875393,28410,False,,,,
pass-191313-2-120,191313,2,27455,27462,555.7999877929688,14.6,complete,59110,,28410.0,off,-21.453617125984252,-4.748246801181102,-17.942093175853017,-1.3897112348261154,0.9567350272137429,0.2909606291275827,23.671460671701084,0.28,0.28,False,8,63998,3,-25.862245734908136,13.559096128608923,2.3068405511812884,3.9728920603677054,True,0.05852206172592684,-24.93950951443562,15.148252952756005,0.4,96.01834420286613,-1.8827768466113914,17.858422277207907,,True,False,1.4392722592511917e-08,fold_holdout_191313,completed_control,auto_accept,margin_satisfied,0.9999999424924153,0.9999999131961138,14.9394503875393,28410,False,,,,
pass-191313-2-120,191313,2,27455,27462,555.7999877929688,14.6,complete,59110,,28410.0,off,-21.453617125984252,-4.748246801181102,-17.942093175853017,-1.3897112348261154,0.9567350272137429,0.2909606291275827,23.671460671701084,0.28,0.28,False,8,59108,0,-22.478879593175854,-21.09477526246719,2.1786827427822786,-0.5126312335958616,True,1.1141719467683726,-21.49252388064859,-21.326858959532444,0.4527359596516243,117.01292418657603,-9.19774646196321,18.041532019420114,,True,False,1.3818560667530926e-08,fold_holdout_191313,completed_control,auto_accept,margin_satisfied,0.9999999424924153,0.9999999131961138,14.9394503875393,28410,False,,,,
pass-191313-2-136,191313,2,30835,30855,468.6000061035156,14.28,complete,28410,,59105.0,off,-24.64474655511811,-12.809372949475065,-27.015666010498688,-7.965007791994751,-0.26646261869852816,0.9638452535735822,34.62910576272655,0.8,0.8,False,21,59105,2,-25.90069307742782,11.194584563648293,-8.330257545930575,10.701177001310791,True,0.6195629049786745,-30.50333137468919,17.10720453013019,0.6,7.534580308382022,25.09506528935556,3.319237644590924,0.07531870267447305,False,False,0.7942301152651452,fold_holdout_191313,completed_control,ambiguous,margin_not_satisfied,0.7942301152651452,0.5884639978725906,-2.766173340308834,59105,True,,,,
pass-191313-2-136,191313,2,30835,30855,468.6000061035156,14.28,complete,28410,,59105.0,off,-24.64474655511811,-12.809372949475065,-27.015666010498688,-7.965007791994751,-0.26646261869852816,0.9638452535735822,34.62910576272655,0.8,0.8,False,21,59103,3,-28.80987532808399,7.176837270341207,-4.101049868765827,-1.7301304133855888,True,0.5963343022063649,-30.438043798806913,6.489953696754972,0.3971042592077871,2.1337239864136492,14.844281769168628,0.5530643042820897,0.3713351112535385,False,False,0.2057661173925546,fold_holdout_191313,completed_control,ambiguous,margin_not_satisfied,0.7942301152651452,0.5884639978725906,-2.766173340308834,59105,False,,,,
pass-191313-2-136,191313,2,30835,30855,468.6000061035156,14.28,complete,28410,,59105.0,off,-24.64474655511811,-12.809372949475065,-27.015666010498688,-7.965007791994751,-0.26646261869852816,0.9638452535735822,34.62910576272655,0.8,0.8,False,21,58474,1,-7.75995529855643,10.784479576771654,-1.3456569881887814,-2.3068405511807555,True,0.7781581928723753,-8.567349491469699,9.4003752460632,0.6,62.18586014116598,11.821755287479565,22.408547752313126,0.45861794501768366,False,False,2.06532768441755e-06,fold_holdout_191313,completed_control,ambiguous,margin_not_satisfied,0.7942301152651452,0.5884639978725906,-2.766173340308834,59105,False,,,,
pass-191313-2-136,191313,2,30835,30855,468.6000061035156,14.28,complete,28410,,59105.0,off,-24.64474655511811,-12.809372949475065,-27.015666010498688,-7.965007791994751,-0.26646261869852816,0.9638452535735822,34.62910576272655,0.8,0.8,False,21,59108,0,-40.0877624671916,-22.658300524934383,-0.768946850393526,-0.128157808398921,True,0.9171293163549868,-40.426191462929935,-22.71470535755744,0.44036581378148737,122.26879545648796,-10.643022260035321,16.855914343584715,,True,False,1.702014615755082e-06,fold_holdout_191313,completed_control,ambiguous,margin_not_satisfied,0.7942301152651452,0.5884639978725906,-2.766173340308834,59105,False,,,,
pass-191313-2-138,191313,2,30987,30990,462.52000122070314,8.2,complete,59103,,58474.0,off,-36.53522801837277,18.980171423884492,-33.85416666666682,20.548822998687644,,,,,0.12,False,4,59108,0,-41.8819717847769,-22.53270587270342,0.0,0.7689468503936148,True,0.8126006038795909,,,,,,,,False,False,0.25,fold_holdout_191313,completed_control,unresolved,no_usable_ball_flight,0.25,0.0,,28410,False,,,,
pass-191313-2-138,191313,2,30987,30990,462.52000122070314,8.2,complete,59103,,58474.0,off,-36.53522801837277,18.980171423884492,-33.85416666666682,20.548822998687644,,,,,0.12,False,4,28410,1,-16.111999671915974,-7.128137303149597,-3.075787401574326,-0.8330257545930531,True,0.4939682527477021,,,,,,,,False,False,0.25,fold_holdout_191313,completed_control,unresolved,no_usable_ball_flight,0.25,0.0,,28410,True,,,,
pass-191313-2-138,191313,2,30987,30990,462.52000122070314,8.2,complete,59103,,58474.0,off,-36.53522801837277,18.980171423884492,-33.85416666666682,20.548822998687644,,,,,0.12,False,4,58474,2,-28.635580708661276,21.80220636482936,-12.559465223095412,3.0757874015742814,True,0.7511649544783525,,,,,,,,False,False,0.25,fold_holdout_191313,completed_control,unresolved,no_usable_ball_flight,0.25,0.0,,28410,False,,,,
pass-191313-2-138,191313,2,30987,30990,462.52000122070314,8.2,complete,59103,,58474.0,off,-36.53522801837277,18.980171423884492,-33.85416666666682,20.548822998687644,,,,,0.12,False,4,59105,3,-20.77694389763785,11.42142388451447,4.613681102361511,-3.0117084973749098,True,0.31406672920767253,,,,,,,,False,False,0.25,fold_holdout_191313,completed_control,unresolved,no_usable_ball_flight,0.25,0.0,,28410,False,,,,
pass-191313-4-403,191313,4,119285,119292,136.8000030517578,12.6,complete,59207,,31739.0,off,-22.248195538057743,13.507833005249344,-25.31116715879265,16.763041338582678,-0.918639861867184,0.39509594301718765,32.85418489962752,0.28,0.28,False,8,31739,2,-35.243397309711284,23.19656332020997,-0.5126312335946182,-0.2563156167973091,True,0.6768334256069554,-35.40743930446156,23.114542322834833,0.32,8.901780590710974,11.784290320218489,1.8457458224714598,-0.07868460460122662,False,False,0.9996498561558961,fold_holdout_191313,completed_control,auto_accept,margin_satisfied,0.9996498561558961,0.9993000985484104,22.646349767758164,31739,True,,,,
pass-191313-4-403,191313,4,119285,119292,136.8000030517578,12.6,complete,59207,,31739.0,off,-22.248195538057743,13.507833005249344,-25.31116715879265,16.763041338582678,-0.918639861867184,0.39509594301718765,32.85418489962752,0.28,0.28,False,8,59205,3,-44.36823326771653,-9.40678313648294,-1.2815780839865454,13.392490977659843,True,1.3784974265912073,-45.13718011810846,-1.3712885498870335,0.6080085566332197,65.72028940206094,11.048165638053167,24.492095590229624,-0.05627879284804366,False,False,0.00034975760748566157,fold_holdout_191313,completed_control,auto_accept,margin_satisfied,0.9996498561558961,0.9993000985484104,22.646349767758164,31739,False,,,,
pass-191313-4-403,191313,4,119285,119292,136.8000030517578,12.6,complete,59207,,31739.0,off,-22.248195538057743,13.507833005249344,-25.31116715879265,16.763041338582678,-0.918639861867184,0.39509594301718765,32.85418489962752,0.28,0.28,False,8,58361,1,-31.936925853018373,-0.46337057599245407,-7.689468503919539,3.1719057578668037,True,1.056500932988845,-35.01271325458619,0.8053917271542677,0.4,81.974204384778,2.6074243437727294,18.49237453820978,0.20063646224252274,False,False,3.8120754951684824e-07,fold_holdout_191313,completed_control,auto_accept,margin_satisfied,0.9996498561558961,0.9993000985484104,22.646349767758164,31739,False,,,,
pass-191313-4-403,191313,4,119285,119292,136.8000030517578,12.6,complete,59207,,31739.0,off,-22.248195538057743,13.507833005249344,-25.31116715879265,16.763041338582678,-0.918639861867184,0.39509594301718765,32.85418489962752,0.28,0.28,False,8,35222,0,-24.6703781167979,-16.41701525590551,2.0505249343785614,2.434998359574525,True,1.0829334809711286,-23.170415935938504,-14.635810166134993,0.7380287407582379,117.17230714756867,-14.372138252567806,27.99843448592331,,True,False,5.02906876484408e-09,fold_holdout_191313,completed_control,auto_accept,margin_satisfied,0.9996498561558961,0.9993000985484104,22.646349767758164,31739,False,,,,
pass-114086-1-109,114086,1,26685,26692,116.99187469482422,4.079999999999998,incomplete_turnover,32336,59139.0,,off,-49.8533874671916,24.49095718503937,-48.469283136482936,25.13174622703412,0.8902384710549748,-0.45549474711976745,436.4355938647688,0.24,0.28,True,8,59156,2,-18.928908300524935,-0.35643890460958005,5.5107857611736755,1.830253701203749,True,-0.05351589733534285,-13.713023399600285,1.3758717056539038,0.9486325998740559,7.255802305031323,41.76203558547701,5.317099672807036,0.14431111446327832,False,True,0.6721464191393688,fold_holdout_114086,failed_ambiguous,ambiguous,margin_not_satisfied,0.6721464191393688,0.3478407631578933,-1.4195525222886314,59156,True,,,,
pass-114086-1-109,114086,1,26685,26692,116.99187469482422,4.079999999999998,incomplete_turnover,32336,59139.0,,off,-49.8533874671916,24.49095718503937,-48.469283136482936,25.13174622703412,0.8902384710549748,-0.45549474711976745,436.4355938647688,0.24,0.28,True,8,59295,1,-33.039083005249346,18.262487696850393,4.357365485579123,6.15157480317059,True,0.7369073982939632,-31.296136811017696,20.72311761811863,0.4,12.698918663480356,17.296302701348466,3.8975471505184043,0.2003691748691153,False,False,0.3243056559814755,fold_holdout_114086,failed_ambiguous,ambiguous,margin_not_satisfied,0.6721464191393688,0.3478407631578933,-1.4195525222886314,59156,False,,,,
pass-114086-1-109,114086,1,26685,26692,116.99187469482422,4.079999999999998,incomplete_turnover,32336,59139.0,,off,-49.8533874671916,24.49095718503937,-48.469283136482936,25.13174622703412,0.8902384710549748,-0.45549474711976745,436.4355938647688,0.24,0.28,True,8,59153,3,-37.03760662729659,-0.5863219734251969,4.357365485579123,0.31638958948598805,True,0.9131243848425197,-33.90030347767962,-0.3585214689952855,0.72,33.15307349411497,24.580549214502184,16.05632323501558,0.18367886221920166,False,False,0.002169081759685291,fold_holdout_114086,failed_ambiguous,ambiguous,margin_not_satisfied,0.6721464191393688,0.3478407631578933,-1.4195525222886314,59156,False,,,,
pass-114086-1-109,114086,1,26685,26692,116.99187469482422,4.079999999999998,incomplete_turnover,32336,59139.0,,off,-49.8533874671916,24.49095718503937,-48.469283136482936,25.13174622703412,0.8902384710549748,-0.45549474711976745,436.4355938647688,0.24,0.28,True,8,59155,0,-34.62823982939633,-11.149729330708661,7.433152887164418,0.8330257545960063,True,0.7949789052247376,-27.690493087091774,-10.372223230277983,0.9347424267734521,32.56481310721601,34.66994987364863,22.14236976705788,0.1605611312160959,False,True,0.0013788431194705184,fold_holdout_114086,failed_ambiguous,ambiguous,margin_not_satisfied,0.6721464191393688,0.3478407631578933,-1.4195525222886314,59156,False,,,,
pass-114086-1-69,114086,1,16837,16855,283.6280212402344,10.52,incomplete_turnover,19426,59139.0,,off,-23.58616305774273,2.203673515419997,-26.341555938320656,4.391327304790254,-0.8895923833793704,0.4567552861581474,20.80757412674581,0.6,0.72,True,19,59154,3,-39.67765748031493,23.006889763779526,1.281578083988144,-0.12815780839874336,True,0.44358621432086176,-39.023222367434556,22.941446252491524,0.5107885124150151,28.463864286794806,19.75437875212255,10.709626347864301,-0.3493840383214353,False,False,0.929938191098482,fold_holdout_114086,failed_ambiguous,ambiguous,margin_not_satisfied,0.929938191098482,0.8598820273946058,-7.540761961503661,59154,True,,,,
pass-114086-1-69,114086,1,16837,16855,283.6280212402344,10.52,incomplete_turnover,19426,59139.0,,off,-23.58616305774273,2.203673515419997,-26.341555938320656,4.391327304790254,-0.8895923833793704,0.4567552861581474,20.80757412674581,0.6,0.72,True,19,32336,2,-27.99479166666698,12.28136277887127,-13.841043307070855,-5.318549048550381,True,0.46329047736220347,-31.87028379264682,10.792169045277163,0.28,22.003253497054793,7.841932489815036,3.1688643863606396,0.2231212518072873,False,False,0.07005616370387611,fold_holdout_114086,failed_ambiguous,ambiguous,margin_not_satisfied,0.929938191098482,0.8598820273946058,-7.540761961503661,59154,False,,,,
pass-114086-1-69,114086,1,16837,16855,283.6280212402344,10.52,incomplete_turnover,19426,59139.0,,off,-23.58616305774273,2.203673515419997,-26.341555938320656,4.391327304790254,-0.8895923833793704,0.4567552861581474,20.80757412674581,0.6,0.72,True,19,59155,0,-21.609969652230806,-17.819061679789904,7.176837270333092,5.382627952749797,True,1.0355150918635037,-18.126056050694224,-15.20612647863748,0.4867044993285665,139.92197540919287,-16.25968673650715,13.681272617261499,,True,False,4.449089003535693e-06,fold_holdout_114086,failed_ambiguous,ambiguous,margin_not_satisfied,0.929938191098482,0.8598820273946058,-7.540761961503661,59154,False,,,,
pass-114086-1-69,114086,1,16837,16855,283.6280212402344,10.52,incomplete_turnover,19426,59139.0,,off,-23.58616305774273,2.203673515419997,-26.341555938320656,4.391327304790254,-0.8895923833793704,0.4567552861581474,20.80757412674581,0.6,0.72,True,19,59156,1,-26.19032972440945,-17.314119914698146,-0.25631561679757553,0.640789041994072,True,1.1482939632545954,-26.31577748622809,-17.000500510151483,0.4895062894265281,117.24697428200116,-9.793762749696388,19.01823264647287,,True,False,1.196108638405977e-06,fold_holdout_114086,failed_ambiguous,ambiguous,margin_not_satisfied,0.929938191098482,0.8598820273946058,-7.540761961503661,59154,False,,,,
pass-114086-1-76,114086,1,17545,17572,255.3015899658203,21.8,incomplete_turnover,59154,59139.0,,off,19.210855479002625,10.675545439632545,16.570804625984252,10.957492618110235,-0.9720949859927754,-0.23458759175989188,25.63564898724934,1.0,1.08,True,28,59155,0,13.969201115485564,-17.813935367454068,-18.19840879265091,-3.716576443569508,True,1.5194710158300524,-1.0465766942879249,-20.88053787790073,0.8564312133385642,47.47500304953863,24.594574948196573,26.816770752018982,0.04061040309806774,False,False,0.9329235981427558,fold_holdout_114086,failed_ambiguous,ambiguous,margin_not_satisfied,0.9329235981427558,0.8704044990601916,-13.270260685814884,59155,True,,,,
pass-114086-1-76,114086,1,17545,17572,255.3015899658203,21.8,incomplete_turnover,59154,59139.0,,off,19.210855479002625,10.675545439632545,16.570804625984252,10.957492618110235,-0.9720949859927754,-0.23458759175989188,25.63564898724934,1.0,1.08,True,28,32336,3,5.356996391076115,19.17240813648294,-16.724593996062985,3.0757874015748143,True,0.6860447680856299,-1.7317047838537993,20.476077318079252,0.4684290689176222,41.04489917833663,15.558835766660877,13.546510066204098,0.39307813996050844,False,False,0.06251909908256427,fold_holdout_114086,failed_ambiguous,ambiguous,margin_not_satisfied,0.9329235981427558,0.8704044990601916,-13.270260685814884,59155,False,,,,
pass-114086-1-76,114086,1,17545,17572,255.3015899658203,21.8,incomplete_turnover,59154,59139.0,,off,19.210855479002625,10.675545439632545,16.570804625984252,10.957492618110235,-0.9720949859927754,-0.23458759175989188,25.63564898724934,1.0,1.08,True,28,19426,2,38.75492125984252,1.1141719467683726,-9.996309055118147,1.3536668512139083,True,0.99242202878937,34.75639763779526,1.655638687253936,0.46003638252512985,139.34313402491836,-15.496024271544872,13.30840003598886,,True,False,0.004245265278200002,fold_holdout_114086,failed_ambiguous,ambiguous,margin_not_satisfied,0.9329235981427558,0.8704044990601916,-13.270260685814884,59155,False,,,,
pass-114086-1-76,114086,1,17545,17572,255.3015899658203,21.8,incomplete_turnover,59154,59139.0,,off,19.210855479002625,10.675545439632545,16.570804625984252,10.957492618110235,-0.9720949859927754,-0.23458759175989188,25.63564898724934,1.0,1.08,True,28,59156,1,20.479617782152232,-4.443872006233596,-11.277887139107623,-1.3136175360892288,True,1.1077640563484252,15.968462926509183,-4.969319020669287,0.4,74.26682897535123,4.321765732668787,15.341071848212536,0.8314157860868532,False,False,0.00031203749647989835,fold_holdout_114086,failed_ambiguous,ambiguous,margin_not_satisfied,0.9329235981427558,0.8704044990601916,-13.270260685814884,59155,False,,,,
pass-114086-2-159,114086,2,36643,36658,489.3543395996094,9.0,incomplete_turnover,24268,35402.0,,off,-7.65742905183727,3.040544004265092,-9.208138533464567,3.3160832923228347,-0.8671042142753409,0.4981267726050707,42.63170838614164,0.52,0.6,True,16,59136,1,-35.03834481627297,22.389169127296586,-0.0,-0.1281578083990098,True,0.039723914439283955,-35.03834481627297,22.293423294917623,0.7470961538464947,6.428417335251259,31.8506018515462,3.588614200607383,-0.22711061454670511,False,False,0.996102282064052,fold_holdout_114086,failed_ambiguous,ambiguous,margin_not_satisfied,0.996102282064052,0.9927371931578278,-2.275452540573566,59136,True,,,,
pass-114086-2-159,114086,2,36643,36658,489.3543395996094,9.0,incomplete_turnover,24268,35402.0,,off,-7.65742905183727,3.040544004265092,-9.208138533464567,3.3160832923228347,-0.8671042142753409,0.4981267726050707,42.63170838614164,0.52,0.6,True,16,35096,3,-14.686884842519685,6.4175022555774275,-2.178682742782767,6.824403297246029,True,0.20925767152641075,-15.29691601049886,8.328335178806316,0.28,9.584899282049395,7.776341465818907,1.313161660033817,0.3375925441367774,False,False,0.003365088906224231,fold_holdout_114086,failed_ambiguous,ambiguous,margin_not_satisfied,0.996102282064052,0.9927371931578278,-2.275452540573566,59136,False,,,,
pass-114086-2-159,114086,2,36643,36658,489.3543395996094,9.0,incomplete_turnover,24268,35402.0,,off,-7.65742905183727,3.040544004265092,-9.208138533464567,3.3160832923228347,-0.8671042142753409,0.4981267726050707,42.63170838614164,0.52,0.6,True,16,59137,2,-26.759350393700785,2.984474963090551,-12.687623031499662,-1.8903276738850505,True,0.7989838367372047,-33.28552224332608,2.0121412784241564,0.5695609722688061,32.97604468164996,20.228072456497856,13.124243055589437,0.04551579042341575,False,False,0.0005326195573008986,fold_holdout_114086,failed_ambiguous,ambiguous,margin_not_satisfied,0.996102282064052,0.9927371931578278,-2.275452540573566,59136,False,,,,
pass-114086-2-159,114086,2,36643,36658,489.3543395996094,9.0,incomplete_turnover,24268,35402.0,,off,-7.65742905183727,3.040544004265092,-9.208138533464567,3.3160832923228347,-0.8671042142753409,0.4981267726050707,42.63170838614164,0.52,0.6,True,16,24949,0,-28.476665026246717,-24.6703781167979,-4.101049868767603,0.1281578083990098,True,1.0060387959317585,-31.935198895568703,-24.56229893338157,0.8461474526969919,80.68848174906957,5.819761254529851,35.49441994406261,0.38348749616560784,False,False,9.472422723034503e-09,fold_holdout_114086,failed_ambiguous,ambiguous,margin_not_satisfied,0.996102282064052,0.9927371931578278,-2.275452540573566,59136,False,,,,
pass-114086-2-187,114086,2,46150,46178,346.4385986328125,10.64,incomplete_turnover,59154,24268.0,,off,-23.645115649606343,14.553600721784813,-26.292855971129136,13.315596292650497,-0.8756672851045892,-0.48291490533794645,16.574642045062923,1.12,1.12,False,29,15347,1,-34.16687171916019,-21.648416994750697,-3.8447342519750904,-1.7942093175883578,True,1.0465687028379214,-37.593836633496124,-23.247667288107447,0.8933254865023639,43.94870391767252,27.552844026582477,26.559841747532897,-0.5423492653218187,False,False,0.7598674658163804,fold_holdout_114086,failed_ambiguous,ambiguous,margin_not_satisfied,0.7598674658163804,0.5202132639205865,-19.557625480573343,15347,True,,,,
pass-114086-2-187,114086,2,46150,46178,346.4385986328125,10.64,incomplete_turnover,59154,24268.0,,off,-23.645115649606343,14.553600721784813,-26.292855971129136,13.315596292650497,-0.8756672851045892,-0.48291490533794645,16.574642045062923,1.12,1.12,False,29,19426,2,-30.09145341207375,1.3559096128608599,-11.534202755925094,-1.4337654814656986,True,1.0713992782152244,-34.46527223434757,0.8122196342587631,0.39951738654541274,27.954744546307545,13.194384517349015,7.002216266959554,0.32394151008050187,False,False,0.23965420189579387,fold_holdout_114086,failed_ambiguous,ambiguous,margin_not_satisfied,0.7598674658163804,0.5202132639205865,-19.557625480573343,15347,False,,,,
pass-114086-2-187,114086,2,46150,46178,346.4385986328125,10.64,incomplete_turnover,59154,24268.0,,off,-23.645115649606343,14.553600721784813,-26.292855971129136,13.315596292650497,-0.8756672851045892,-0.48291490533794645,16.574642045062923,1.12,1.12,False,29,35402,3,-41.066888123359576,22.878731955380573,0.25631561679819725,-0.12815780839918745,True,0.7051883407152332,-40.9643618766403,22.827468832020898,0.4,61.832215965530224,8.253932717738238,15.414324488336419,0.6220144208666739,False,False,0.0004184080149816557,fold_holdout_114086,failed_ambiguous,ambiguous,margin_not_satisfied,0.7598674658163804,0.5202132639205865,-19.557625480573343,15347,False,,,,
pass-114086-2-187,114086,2,46150,46178,346.4385986328125,10.64,incomplete_turnover,59154,24268.0,,off,-23.645115649606343,14.553600721784813,-26.292855971129136,13.315596292650497,-0.8756672851045892,-0.48291490533794645,16.574642045062923,1.12,1.12,False,29,59156,0,-15.745468339894947,-6.398278584317542,2.947629593180867,1.922367125987523,True,0.3250402415518179,-14.251247859787203,-5.423786966855969,0.5069235002873759,93.8481558068114,-1.4949147902961268,22.224536904591755,,True,False,5.992427284390308e-05,fold_holdout_114086,failed_ambiguous,ambiguous,margin_not_satisfied,0.7598674658163804,0.5202132639205865,-19.557625480573343,15347,False,,,,
pass-114086-4-395,114086,4,101362,101377,549.0704956054688,2.8000000000000007,incomplete_turnover,32336,22724.0,,off,-25.887877296587927,0.5506780829642388,-21.056327919947506,-0.17711809613886154,0.9923860157709313,-0.12316653645490323,5.488496180313595,0.6,0.6,False,16,59156,1,-34.756397637795274,-5.824772391732283,0.7689468503938812,3.4923002788723956,True,0.5222430692257217,-34.47667913391902,-4.554384186627562,0.36604077498420906,154.86053198031016,-12.779036167972784,5.996875832542511,,True,False,0.6189113804025311,fold_holdout_114086,failed_ambiguous,ambiguous,margin_not_satisfied,0.6189113804025311,0.24558913571031532,0.8236884378144644,59156,True,,,,
pass-114086-4-395,114086,4,101362,101377,549.0704956054688,2.8000000000000007,incomplete_turnover,32336,22724.0,,off,-25.887877296587927,0.5506780829642388,-21.056327919947506,-0.17711809613886154,0.9923860157709313,-0.12316653645490323,5.488496180313595,0.6,0.6,False,16,19426,2,-37.2682906824147,8.259770751312336,1.2815780839897428,0.9611835629923959,True,1.0068397822342519,-36.755659448818804,8.644244176509295,0.4,157.74351116625309,-16.666293704139576,6.820564270356975,,True,False,0.3733222446922158,fold_holdout_114086,failed_ambiguous,ambiguous,margin_not_satisfied,0.6189113804025311,0.24558913571031532,0.8236884378144644,59156,False,,,,
pass-114086-4-395,114086,4,101362,101377,549.0704956054688,2.8000000000000007,incomplete_turnover,32336,22724.0,,off,-25.887877296587927,0.5506780829642388,-21.056327919947506,-0.17711809613886154,0.9923860157709313,-0.12316653645490323,5.488496180313595,0.6,0.6,False,16,59158,3,-25.9519562007874,-19.47998687664042,-2.819471784777683,-2.0505249343838017,True,1.0020338644192914,-27.31660714701121,-20.472460292075937,0.48648970985771633,100.06795701279567,-3.712906555318657,20.911870690171675,,True,False,0.00434707289360172,fold_holdout_114086,failed_ambiguous,ambiguous,margin_not_satisfied,0.6189113804025311,0.24558913571031532,0.8236884378144644,59156,False,,,,
pass-114086-4-395,114086,4,101362,101377,549.0704956054688,2.8000000000000007,incomplete_turnover,32336,22724.0,,off,-25.887877296587927,0.5506780829642388,-21.056327919947506,-0.17711809613886154,0.9923860157709313,-0.12316653645490323,5.488496180313595,0.6,0.6,False,16,59155,0,-26.323613845144358,22.376353346456693,2.0505249343838017,0.6407890419949602,True,0.645995452960958,-25.22846517229957,22.7185873067207,0.5341339663664468,107.40221669027673,-6.960355399273171,22.207510168022107,,True,False,0.0034193020116513023,fold_holdout_114086,failed_ambiguous,ambiguous,margin_not_satisfied,0.6189113804025311,0.24558913571031532,0.8236884378144644,59156,False,,,,
pass-114086-4-500,114086,4,122897,122997,40.512733459472656,15.12,incomplete_turnover,59154,59138.0,,off,-21.556143372703414,-14.67406906167979,-23.965510170603675,-13.302780511811024,-0.9708952157996292,0.23950465535640728,9.952772035571638,2.0,4.0,True,77,15347,1,-34.730766076115486,22.44043225065617,1.7942093175811635,-0.0,True,0.6335801652723096,-33.17134232145079,22.44043225065617,0.8692568949474239,61.69978958567148,17.498564246717315,32.49807461183008,0.24184014421543165,False,False,0.7842087956236342,fold_holdout_114086,failed_ambiguous,ambiguous,margin_not_satisfied,0.7842087956236342,0.6536010597620067,-21.338383628696285,15347,True,,,,
pass-114086-4-500,114086,4,122897,122997,40.512733459472656,15.12,incomplete_turnover,59154,59138.0,,off,-21.556143372703414,-14.67406906167979,-23.965510170603675,-13.302780511811024,-0.9708952157996292,0.23950465535640728,9.952772035571638,2.0,4.0,True,77,19426,3,-26.477403215223095,-1.7717817011154855,-12.303149606271191,4.597661376301882,True,1.1742459194553805,-31.0664712762716,-0.05685652726011359,0.4,47.94753493340743,10.066749623869267,11.15969098313379,0.988548156444228,False,False,0.13060773586162755,fold_holdout_114086,failed_ambiguous,ambiguous,margin_not_satisfied,0.7842087956236342,0.6536010597620067,-21.338383628696285,15347,False,,,,
pass-114086-4-500,114086,4,122897,122997,40.512733459472656,15.12,incomplete_turnover,59154,59138.0,,off,-21.556143372703414,-14.67406906167979,-23.965510170603675,-13.302780511811024,-0.9708952157996292,0.23950465535640728,9.952772035571638,2.0,4.0,True,77,59155,0,-36.2430282152231,-22.92743192257218,-0.2563156167973091,-0.12815780839865454,True,1.0140486589566928,-36.34555446194202,-22.97869504593164,0.4,51.86754719772066,9.702299198095304,12.359377370957853,1.025166138296058,False,False,0.06963424020620212,fold_holdout_114086,failed_ambiguous,ambiguous,margin_not_satisfied,0.7842087956236342,0.6536010597620067,-21.338383628696285,15347,False,,,,
pass-114086-4-500,114086,4,122897,122997,40.512733459472656,15.12,incomplete_turnover,59154,59138.0,,off,-21.556143372703414,-14.67406906167979,-23.965510170603675,-13.302780511811024,-0.9708952157996292,0.23950465535640728,9.952772035571638,2.0,4.0,True,77,59153,2,-11.66876845472441,10.30388779527559,0.3844734251959636,-5.190391240145686,True,0.8186080011482939,-11.451470956096928,7.370371563804504,0.5717972706030872,107.33038994242257,-7.198504640692659,23.068635094900294,,True,False,0.015549228308536332,fold_holdout_114086,failed_ambiguous,ambiguous,margin_not_satisfied,0.7842087956236342,0.6536010597620067,-21.338383628696285,15347,False,,,,
pass-114099-1-14,114099,1,4207,4225,540.7464599609375,5.32,incomplete_turnover,31700,18363.0,,off,-27.543676181102324,2.108836737204737,-28.794496391076038,-0.1753759509309019,-0.9226826706860073,-0.3855602277410587,11.75222523485572,0.72,0.72,False,19,59188,1,-34.27452427821523,-23.055589730971132,1.5378937007868743,0.6407890419945161,True,0.965188494504595,-33.47197009488772,-22.721192154584678,0.5227610985908175,55.60086284501972,13.008593959185337,18.999186081088673,-0.3869047520126976,False,False,0.9996591107561815,fold_holdout_114099,failed_ambiguous,ambiguous,margin_not_satisfied,0.9996591107561815,0.999384338761679,-10.164356669402448,59188,True,,,,
pass-114099-1-14,114099,1,4207,4225,540.7464599609375,5.32,incomplete_turnover,31700,18363.0,,off,-27.543676181102324,2.108836737204737,-28.794496391076038,-0.1753759509309019,-0.9226826706860073,-0.3855602277410587,11.75222523485572,0.72,0.72,False,19,58436,3,-12.064776082677175,-2.6028850885826795,1.858288221783999,0.38447342519668526,True,1.0132476726541975,-11.321460793963576,-2.4490957185040054,0.4,149.9073885123662,-15.245411238330568,8.834829411686226,,True,False,0.00027477199450253576,fold_holdout_114099,failed_ambiguous,ambiguous,margin_not_satisfied,0.9996591107561815,0.999384338761679,-10.164356669402448,59188,False,,,,
pass-114099-1-14,114099,1,4207,4225,540.7464599609375,5.32,incomplete_turnover,31700,18363.0,,off,-27.543676181102324,2.108836737204737,-28.794496391076038,-0.1753759509309019,-0.9226826706860073,-0.3855602277410587,11.75222523485572,0.72,0.72,False,19,59190,2,-23.427247375328104,19.29287647637797,3.844734251966919,-2.819471784775729,True,0.7880904230232906,-21.793380269188994,18.094707265209294,0.42625560557597886,133.64541205339646,-13.504025966788708,14.158137249127469,,True,False,4.215053154856615e-05,fold_holdout_114099,failed_ambiguous,ambiguous,margin_not_satisfied,0.9996591107561815,0.999384338761679,-10.164356669402448,59188,False,,,,
pass-114099-1-14,114099,1,4207,4225,540.7464599609375,5.32,incomplete_turnover,31700,18363.0,,off,-27.543676181102324,2.108836737204737,-28.794496391076038,-0.1753759509309019,-0.9226826706860073,-0.3855602277410587,11.75222523485572,0.72,0.72,False,19,28336,0,-41.943487532808426,12.3082759186351,4.3573654855624255,12.55946522309177,True,1.0023542589402905,-39.85636568003413,18.324097729572813,0.49242049572384994,81.80096215081082,3.073933812970643,21.334160624105174,0.45843814668785304,False,False,2.396671776710387e-05,fold_holdout_114099,failed_ambiguous,ambiguous,margin_not_satisfied,0.9996591107561815,0.999384338761679,-10.164356669402448,59188,False,,,,
pass-114099-3-285,114099,3,82120,82145,390.9576110839844,22.32,incomplete_turnover,59190,34945.0,,off,38.31918471128609,3.3064714566929134,36.26865977690289,5.424279240485564,-0.737840152850159,0.6749754875860708,28.094873162507252,0.8,1.0,True,26,28336,0,21.774011646981627,15.917199803149606,-6.151574803151316,6.536048228348301,True,1.363278686843832,18.759747428301747,19.119855535496992,0.5056408275949721,4.419515862667269,22.162956851029474,1.7129405427165842,0.011138746815698375,False,False,0.9930213533505635,fold_holdout_114099,failed_ambiguous,ambiguous,margin_not_satisfied,0.9930213533505635,0.986174831141735,-0.873826593822641,28336,True,,,,
pass-114099-3-285,114099,3,82120,82145,390.9576110839844,22.32,incomplete_turnover,59190,34945.0,,off,38.31918471128609,3.3064714566929134,36.26865977690289,5.424279240485564,-0.737840152850159,0.6749754875860708,28.094873162507252,0.8,1.0,True,26,31700,1,44.54765419947506,-0.0815504179226132,-3.5884186351717418,-0.9374042821371186,True,1.032471343914042,43.756407352432376,-0.28824820267252704,0.22540671735570028,174.88836706351364,-9.38057681192653,0.8391139488939432,,True,False,0.006846522208828512,fold_holdout_114099,failed_ambiguous,ambiguous,margin_not_satisfied,0.9930213533505635,0.986174831141735,-0.873826593822641,28336,False,,,,
pass-114099-3-285,114099,3,82120,82145,390.9576110839844,22.32,incomplete_turnover,59190,34945.0,,off,38.31918471128609,3.3064714566929134,36.26865977690289,5.424279240485564,-0.737840152850159,0.6749754875860708,28.094873162507252,0.8,1.0,True,26,58436,3,32.29576771653543,5.7446737614829395,-5.382627952757524,5.2865095964582,True,1.1718429605479002,31.219242125983925,6.8019756807745795,0.2,27.190975764114043,4.655574417888009,2.3917133888707713,0.6342909615231545,False,False,0.00013209517803674216,fold_holdout_114099,failed_ambiguous,ambiguous,margin_not_satisfied,0.9930213533505635,0.986174831141735,-0.873826593822641,28336,False,,,,
pass-114099-3-285,114099,3,82120,82145,390.9576110839844,22.32,incomplete_turnover,59190,34945.0,,off,38.31918471128609,3.3064714566929134,36.26865977690289,5.424279240485564,-0.737840152850159,0.6749754875860708,28.094873162507252,0.8,1.0,True,26,59188,2,26.631192585301836,-10.707584891732283,-11.53420275590884,-8.586573162732103,True,1.0701177001312336,20.015772830964163,-15.632397375516977,0.6,94.78899513882452,-2.2207079773807497,26.50676178388396,,True,False,2.9262571452054315e-08,fold_holdout_114099,failed_ambiguous,ambiguous,margin_not_satisfied,0.9930213533505635,0.986174831141735,-0.873826593822641,28336,False,,,,
pass-114099-3-320,114099,3,97980,98140,222.70993041992188,14.64,incomplete_turnover,28032,19069.0,,off,-19.774749835958005,10.515348179133857,-15.583989501312336,7.343442421259843,0.8403609267820843,-0.5420272250892535,11.97786278158437,1.2,6.4,True,78,24684,2,-15.020095144356954,-17.583251312335957,4.613681102356981,-1.153420275589223,True,1.5507094816272966,-12.251886482942766,-18.27530347768949,0.6,49.76767598056695,16.686226930524633,19.7229024938774,-0.19308883686489065,False,False,0.96155814958975,fold_holdout_114099,failed_ambiguous,ambiguous,margin_not_satisfied,0.96155814958975,0.9232569444468186,-17.07583022105377,24684,True,,,,
pass-114099-3-320,114099,3,97980,98140,222.70993041992188,14.64,incomplete_turnover,28032,19069.0,,off,-19.774749835958005,10.515348179133857,-15.583989501312336,7.343442421259843,0.8403609267820843,-0.5420272250892535,11.97786278158437,1.2,6.4,True,78,18363,0,-34.52571358267716,22.453248031496063,1.5378937007856308,-0.5126312335952399,True,0.41971682250656167,-33.6998011856057,22.177943899138892,0.5394867298398166,173.50871714482773,-23.26452396805969,2.64707227282363,,True,False,0.03830120514293149,fold_holdout_114099,failed_ambiguous,ambiguous,margin_not_satisfied,0.96155814958975,0.9232569444468186,-17.07583022105377,24684,False,,,,
pass-114099-3-320,114099,3,97980,98140,222.70993041992188,14.64,incomplete_turnover,28032,19069.0,,off,-19.774749835958005,10.515348179133857,-15.583989501312336,7.343442421259843,0.8403609267820843,-0.5420272250892535,11.97786278158437,1.2,6.4,True,78,59134,1,-18.2496719160105,-13.661622375328085,-1.0252624671904798,2.4349983595772784,True,3.9857078412073492,-18.707407076526177,-12.574501369103402,0.4498841566012276,66.09046778686081,8.171269713940164,18.43123906435128,0.5178023606595942,False,False,0.00012706881431369068,fold_holdout_114099,failed_ambiguous,ambiguous,margin_not_satisfied,0.96155814958975,0.9232569444468186,-17.07583022105377,24684,False,,,,
pass-114099-3-320,114099,3,97980,98140,222.70993041992188,14.64,incomplete_turnover,28032,19069.0,,off,-19.774749835958005,10.515348179133857,-15.583989501312336,7.343442421259843,0.8403609267820843,-0.5420272250892535,11.97786278158437,1.2,6.4,True,78,59201,3,-32.654609580052494,-0.6668210968257874,1.0252624671904798,-11.361990700856506,True,1.4601980294455381,-32.16489116651213,-6.093895859380308,0.4882597734792044,108.15657748129512,-6.6505387094089174,20.279514170069163,,True,False,1.3576453004806982e-05,fold_holdout_114099,failed_ambiguous,ambiguous,margin_not_satisfied,0.96155814958975,0.9232569444468186,-17.07583022105377,24684,False,,,,
pass-114234-1-46,114234,1,15260,15272,326.6986999511719,4.32,incomplete_turnover,59104,59205.0,,off,-13.6231750328084,-4.533582472112861,-15.00727936351706,-1.8598901943897637,-0.6485802635442025,0.7611462682960042,28.824528514077294,0.48,0.48,False,13,59105,3,-23.106852854330707,18.134329888451443,0.8971046587916476,-2.178682742779703,True,0.15779430159120736,-22.693997875896486,17.13168208368262,0.46326582436071984,18.39931631942545,19.440818287077782,6.466841842091544,-0.19445399072471548,False,False,0.6024933012750475,fold_holdout_114234,failed_ambiguous,ambiguous,margin_not_satisfied,0.6024933012750475,0.20634855215159326,-3.3148096760107304,59105,True,,,,
pass-114234-1-46,114234,1,15260,15272,326.6986999511719,4.32,incomplete_turnover,59104,59205.0,,off,-13.6231750328084,-4.533582472112861,-15.00727936351706,-1.8598901943897637,-0.6485802635442025,0.7611462682960042,28.824528514077294,0.48,0.48,False,13,58771,2,-40.24155183727034,22.299458661417322,0.5126312335951511,0.12815780839883217,True,0.24309934280675852,-39.823846939317384,22.403884885905597,0.8148708044100971,5.210650613761815,34.56381779571548,3.1520321660808133,-0.7191112978252268,False,False,0.39614474912345427,fold_holdout_114234,failed_ambiguous,ambiguous,margin_not_satisfied,0.6024933012750475,0.20634855215159326,-3.3148096760107304,59105,False,,,,
pass-114234-1-46,114234,1,15260,15272,326.6986999511719,4.32,incomplete_turnover,59104,59205.0,,off,-13.6231750328084,-4.533582472112861,-15.00727936351706,-1.8598901943897637,-0.6485802635442025,0.7611462682960042,28.824528514077294,0.48,0.48,False,13,59110,1,-34.11560859580052,-2.375725373195538,-3.844734251964077,0.9131243848414794,True,1.025262467191601,-35.9260844584852,-1.9457373558079225,0.4801760624571808,49.800485497303455,13.502181874967006,15.97794920982355,0.011573192311790104,False,False,0.001361608573950593,fold_holdout_114234,failed_ambiguous,ambiguous,margin_not_satisfied,0.6024933012750475,0.20634855215159326,-3.3148096760107304,59105,False,,,,
pass-114234-1-46,114234,1,15260,15272,326.6986999511719,4.32,incomplete_turnover,59104,59205.0,,off,-13.6231750328084,-4.533582472112861,-15.00727936351706,-1.8598901943897637,-0.6485802635442025,0.7611462682960042,28.824528514077294,0.48,0.48,False,13,24280,0,-23.41443159448819,-19.24930282152231,8.714730971118723,3.0757874015713504,True,1.2166981934875327,-19.9285392060407,-18.01898786089377,0.4,122.62721909799038,-9.10760488225671,14.226270387629526,,True,False,3.410275477116304e-07,fold_holdout_114234,failed_ambiguous,ambiguous,margin_not_satisfied,0.6024933012750475,0.20634855215159326,-3.3148096760107304,59105,False,,,,
pass-114234-1-87,114234,1,22680,22722,96.36650085449219,20.72,incomplete_turnover,24280,59206.0,,off,15.199516076115485,16.13506807742782,10.771663795931758,16.660515091863516,-0.9638670113793815,-0.26638390412068674,27.997876724987748,1.28,1.68,True,43,28410,1,-4.722615239501312,-19.518434219160106,-10.12446686353432,0.0,True,0.9459648232447506,-14.54032752367695,-19.518434219160106,0.974338254781364,39.5728890937314,34.03488318974699,28.12898867847617,0.06437627524192613,False,True,0.5290779486836915,fold_holdout_114234,failed_ambiguous,ambiguous,margin_not_satisfied,0.5290779486836915,0.06437212591011848,-18.58821733537993,28410,True,,,,
pass-114234-1-87,114234,1,22680,22722,96.36650085449219,20.72,incomplete_turnover,24280,59206.0,,off,15.199516076115485,16.13506807742782,10.771663795931758,16.660515091863516,-0.9638670113793815,-0.26638390412068674,27.997876724987748,1.28,1.68,True,43,59110,3,-0.9163283300524935,0.011094911830631767,-17.121082215826437,1.1362115854998565,True,1.3640796731463254,-11.188977659548355,0.6928218631305456,0.6230966195912473,20.571888296038374,25.42067430973911,9.54077134309624,0.3720499236625512,False,False,0.46470582277357303,fold_holdout_114234,failed_ambiguous,ambiguous,margin_not_satisfied,0.5290779486836915,0.06437212591011848,-18.58821733537993,28410,False,,,,
pass-114234-1-87,114234,1,22680,22722,96.36650085449219,20.72,incomplete_turnover,24280,59206.0,,off,15.199516076115485,16.13506807742782,10.771663795931758,16.660515091863516,-0.9638670113793815,-0.26638390412068674,27.997876724987748,1.28,1.68,True,43,59104,2,2.220334030511811,21.99187992125984,-14.64202960960501,-0.6407890419958484,True,0.8546523847604987,-2.564832122730654,21.782463459411154,0.37346116043417354,36.45873812111372,11.490203860542538,8.489504915570542,0.8696044556018894,False,False,0.006194282362637784,fold_holdout_114234,failed_ambiguous,ambiguous,margin_not_satisfied,0.5290779486836915,0.06437212591011848,-18.58821733537993,28410,False,,,,
pass-114234-1-87,114234,1,22680,22722,96.36650085449219,20.72,incomplete_turnover,24280,59206.0,,off,15.199516076115485,16.13506807742782,10.771663795931758,16.660515091863516,-0.9638670113793815,-0.26638390412068674,27.997876724987748,1.28,1.68,True,43,59108,0,17.301304133858267,1.0877393987860893,-7.8176263123492795,-7.593350147650741,True,0.8049912340059056,14.166498598553183,-1.9571331908340157,0.4012307228484356,84.8848606663985,1.6872725597613423,18.849266357723216,1.2197356958052654,False,False,2.1946180097695037e-05,fold_holdout_114234,failed_ambiguous,ambiguous,margin_not_satisfied,0.5290779486836915,0.06437212591011848,-18.58821733537993,28410,False,,,,
pass-114234-4-395,114234,4,128192,128212,382.8636169433594,14.6,incomplete_turnover,59204,59108.0,,off,-38.75492125984264,-13.082349081364294,-39.00098425196799,-7.399831856955433,-0.9957701749659267,-0.09187904357538548,5.734397851586358,0.72,0.8,True,21,35222,0,-35.325418307086515,-2.8262000697175362,-1.0252624671903021,-3.428221374668028,True,0.5630132720226246,-35.530470800524576,-3.511844344651142,0.2,137.02460281270592,-3.8130583608289736,3.552674548758451,,True,False,0.5635643565098872,fold_holdout_114234,failed_ambiguous,ambiguous,margin_not_satisfied,0.5635643565098872,0.22597337332268275,0.5126081487212186,35222,True,,,,
pass-114234-4-395,114234,4,128192,128212,382.8636169433594,14.6,incomplete_turnover,59204,59108.0,,off,-38.75492125984264,-13.082349081364294,-39.00098425196799,-7.399831856955433,-0.9957701749659267,-0.09187904357538548,5.734397851586358,0.72,0.8,True,21,31739,1,-17.4268987860894,-9.013338664698093,1.7942093175832952,-0.7689468503928598,True,-0.1762970851787952,-16.50834926336523,-9.407002745865604,0.5125971751609142,169.62889854264986,-22.213078136480274,4.065282697479669,,True,False,0.3375909831872045,fold_holdout_114234,failed_ambiguous,ambiguous,margin_not_satisfied,0.5635643565098872,0.22597337332268275,0.5126081487212186,35222,False,,,,
pass-114234-4-395,114234,4,128192,128212,382.8636169433594,14.6,incomplete_turnover,59204,59108.0,,off,-38.75492125984264,-13.082349081364294,-39.00098425196799,-7.399831856955433,-0.9957701749659267,-0.09187904357538548,5.734397851586358,0.72,0.8,True,21,59205,3,-43.655675853018515,10.209051017060927,1.5378937007856308,-6.151574803142612,True,0.16476288242310405,-43.04051837270426,7.748421095803883,0.4,80.340299155082,2.6306406050488524,15.455327024700644,0.26125251279502437,False,False,0.09864682999579363,fold_holdout_114234,failed_ambiguous,ambiguous,margin_not_satisfied,0.5635643565098872,0.22597337332268275,0.5126081487212186,35222,False,,,,
pass-114234-4-395,114234,4,128192,128212,382.8636169433594,14.6,incomplete_turnover,59204,59108.0,,off,-38.75492125984264,-13.082349081364294,-39.00098425196799,-7.399831856955433,-0.9957701749659267,-0.09187904357538548,5.734397851586358,0.72,0.8,True,21,15780,2,-30.12733759842571,21.345964566929226,5.638943569547372,-1.0252624671904798,True,0.7489221928313757,-26.067298228351603,20.60777559055208,0.72,120.05882628601898,-15.452290979802687,26.700805466627344,,True,False,0.0001978303071145984,fold_holdout_114234,failed_ambiguous,ambiguous,margin_not_satisfied,0.5635643565098872,0.22597337332268275,0.5126081487212186,35222,False,,,,
pass-114234-4-403,114234,4,129527,129617,348.9415588378906,18.12,incomplete_turnover,58474,35222.0,,off,-28.574064960629983,3.3487635334648393,-25.21376722440928,1.8730263697510279,0.4837887318542353,0.875184816442145,13.688939640311787,0.8,3.6,True,77,28410,1,-27.682086614173375,18.536745406824142,-6.407890419958484,-0.2563156167982861,True,9.376025262467264,-30.24524278215677,18.434219160104828,0.4,45.83251189576538,12.059933292850527,12.415589470479144,-0.0809983541264152,False,False,0.9046116973946062,fold_holdout_114234,failed_ambiguous,ambiguous,margin_not_satisfied,0.9046116973946062,0.8240333898087159,-11.079157670440704,28410,True,,,,
pass-114234-4-403,114234,4,129527,129617,348.9415588378906,18.12,incomplete_turnover,58474,35222.0,,off,-28.574064960629983,3.3487635334648393,-25.21376722440928,1.8730263697510279,0.4837887318542353,0.875184816442145,13.688939640311787,0.8,3.6,True,77,59108,0,-26.13137713254612,0.5703022473752588,-8.33025754594594,-3.0437479494802577,True,1.0846956508366121,-27.79742864173531,-0.03844734252079274,0.2,155.42834062757345,-2.9228390506374735,1.3364318000384396,,True,False,0.08057830758589031,fold_holdout_114234,failed_ambiguous,ambiguous,margin_not_satisfied,0.9046116973946062,0.8240333898087159,-11.079157670440704,28410,False,,,,
pass-114234-4-403,114234,4,129527,129617,348.9415588378906,18.12,incomplete_turnover,58474,35222.0,,off,-28.574064960629983,3.3487635334648393,-25.21376722440928,1.8730263697510279,0.4837887318542353,0.875184816442145,13.688939640311787,0.8,3.6,True,77,59107,2,-40.169783464566954,-21.748380085301836,-1.025262467193322,-0.0,True,1.2110912893700807,-40.8745159997665,-21.748380085301836,0.6879948918238981,175.38917633181862,-28.249590062388574,2.2782792688040825,,True,False,0.014685187606876952,fold_holdout_114234,failed_ambiguous,ambiguous,margin_not_satisfied,0.9046116973946062,0.8240333898087159,-11.079157670440704,28410,False,,,,
pass-114234-4-403,114234,4,129527,129617,348.9415588378906,18.12,incomplete_turnover,58474,35222.0,,off,-28.574064960629983,3.3487635334648393,-25.21376722440928,1.8730263697510279,0.4837887318542353,0.875184816442145,13.688939640311787,0.8,3.6,True,77,59106,3,-16.986035925197182,-5.228197793635142,-14.481832349106138,1.2495386318918777,True,1.4669263143864826,-19.88240239501841,-4.978290067256767,0.2,113.17851925225222,-3.416913888446435,7.980519240188636,,True,False,0.00012480741262643945,fold_holdout_114234,failed_ambiguous,ambiguous,margin_not_satisfied,0.9046116973946062,0.8240333898087159,-11.079157670440704,28410,False,,,,
pass-114243-3-345,114243,3,96446,96488,224.9056396484375,15.12,incomplete_turnover,59183,59301.0,,off,-10.5345718503937,3.0853992372047245,-11.335558152887138,3.8479381971784776,-0.9970521878119802,-0.07672636300088534,25.637718044632244,1.2,1.68,True,43,15630,0,-33.218503937007874,-9.599019849081365,-9.996309055118147,6.6642060367454015,True,1.5154660843175853,-40.41584645669294,-4.800791502624676,0.72,12.162512375854709,29.658150649956347,6.392010112414981,0.04318289957300392,False,False,0.98680248442284,fold_holdout_114243,failed_ambiguous,ambiguous,margin_not_satisfied,0.98680248442284,0.9736649420295351,-0.927473499012688,15630,True,,,,
pass-114243-3-345,114243,3,96446,96488,224.9056396484375,15.12,incomplete_turnover,59183,59301.0,,off,-10.5345718503937,3.0853992372047245,-11.335558152887138,3.8479381971784776,-0.9970521878119802,-0.07672636300088534,25.637718044632244,1.2,1.68,True,43,18534,3,-32.60334645669291,-4.145905101706036,1.7942093175852492,1.922367125984259,True,0.6596122201033464,-31.721950942485268,-3.2015527650549607,0.492320103942054,14.674653525763622,20.867179335002977,5.464536613402293,0.3860750126561311,False,False,0.013137542393304889,fold_holdout_114243,failed_ambiguous,ambiguous,margin_not_satisfied,0.98680248442284,0.9736649420295351,-0.927473499012688,15630,False,,,,
pass-114243-3-345,114243,3,96446,96488,224.9056396484375,15.12,incomplete_turnover,59183,59301.0,,off,-10.5345718503937,3.0853992372047245,-11.335558152887138,3.8479381971784776,-0.9970521878119802,-0.07672636300088534,25.637718044632244,1.2,1.68,True,43,59179,2,-28.65608595800525,16.032541830708663,1.0252624671915456,2.0505249343832244,True,0.6267717817011155,-28.15535272167608,17.034008303367063,0.4884292409402459,42.49549870169903,15.75849377183653,14.4377217117027,0.5853394539871742,False,False,3.999035692074005e-05,fold_holdout_114243,failed_ambiguous,ambiguous,margin_not_satisfied,0.98680248442284,0.9736649420295351,-0.927473499012688,15630,False,,,,
pass-114243-3-345,114243,3,96446,96488,224.9056396484375,15.12,incomplete_turnover,59183,59301.0,,off,-10.5345718503937,3.0853992372047245,-11.335558152887138,3.8479381971784776,-0.9970521878119802,-0.07672636300088534,25.637718044632244,1.2,1.68,True,43,59184,1,-17.224409448818896,11.156137221128608,-1.0252624671915456,-4.6136811023622215,True,0.7240916174540682,-17.429461942257205,10.233401000656164,0.2,50.73879571952301,5.586006768518863,6.834202732635126,0.9821176300170598,False,False,1.9982826934205254e-05,fold_holdout_114243,failed_ambiguous,ambiguous,margin_not_satisfied,0.98680248442284,0.9736649420295351,-0.927473499012688,15630,False,,,,
pass-114243-3-381,114243,3,107463,107521,29.872121810913086,19.64,incomplete_turnover,59214,59220.0,,off,-21.348527723097234,8.409715387139379,-27.438586778216244,5.659448818896863,-0.7823724429056914,-0.622810854579286,15.116504921681129,0.92,2.32,True,59,59179,1,-25.734087926509854,-13.858985400262368,-14.738147965845716,2.1786827427771716,True,0.8625821491552202,-31.78024923244804,-12.9652050332976,0.4093479741472116,38.35622139513529,14.996433642517873,11.867381429199373,-0.07205694174775534,False,False,0.999405298238745,fold_holdout_114243,failed_ambiguous,ambiguous,margin_not_satisfied,0.999405298238745,0.9988805178557274,-1.484189647386696,59179,True,,,,
pass-114243-3-381,114243,3,107463,107521,29.872121810913086,19.64,incomplete_turnover,59214,59220.0,,off,-21.348527723097234,8.409715387139379,-27.438586778216244,5.659448818896863,-0.7823724429056914,-0.622810854579286,15.116504921681129,0.92,2.32,True,59,59184,0,-37.39132217847805,12.305712762466719,-7.945784120716759,-10.380782480291373,True,1.2035620181266502,-39.93397309710741,8.98386236877348,0.32,53.420183812937374,7.705565075387624,10.383191781812677,0.41025484956276015,False,False,0.000524780383017624,fold_holdout_114243,failed_ambiguous,ambiguous,margin_not_satisfied,0.999405298238745,0.9988805178557274,-1.484189647386696,59179,False,,,,
pass-114243-3-381,114243,3,107463,107521,29.872121810913086,19.64,incomplete_turnover,59214,59220.0,,off,-21.348527723097234,8.409715387139379,-27.438586778216244,5.659448818896863,-0.7823724429056914,-0.622810854579286,15.116504921681129,0.92,2.32,True,59,18534,3,-21.27163303805804,19.98749179790036,-6.536048228331648,2.178682742777216,True,0.5573262692749329,-23.8860523293907,20.858964895011248,0.4,141.67709087360038,-12.24582865179066,9.67912550745855,,True,False,6.589734893021162e-05,fold_holdout_114243,failed_ambiguous,ambiguous,margin_not_satisfied,0.999405298238745,0.9988805178557274,-1.484189647386696,59179,False,,,,
pass-114243-3-381,114243,3,107463,107521,29.872121810913086,19.64,incomplete_turnover,59214,59220.0,,off,-21.348527723097234,8.409715387139379,-27.438586778216244,5.659448818896863,-0.7823724429056914,-0.622810854579286,15.116504921681129,0.92,2.32,True,59,18503,2,5.0923505167316465,0.9015901820866186,-14.001240567553474,0.09611835629899368,True,2.9575618233267456,-1.9971060043843138,0.9502592199890163,0.6,130.99161424954724,-16.971779065689386,19.529570553116343,,True,False,4.024029307261377e-06,fold_holdout_114243,failed_ambiguous,ambiguous,margin_not_satisfied,0.999405298238745,0.9988805178557274,-1.484189647386696,59179,False,,,,
pass-178442-1-12,178442,1,1747,1812,550.1199829101563,18.2,incomplete_turnover,15369,59151.0,,off,-19.785002460629798,-2.0242525836613527,-18.1958456364829,-4.308024729330555,-0.31315066688703397,-0.9497034588903032,8.903629246365929,1.72,2.6,True,66,35581,1,-40.85158300524935,-22.5096374671916,1.0252624671911903,-0.384473425196763,True,1.096870642634513,-40.13005392459132,-22.780210872438406,0.7041907072328544,31.647938260226184,24.411811026435316,15.046416069661273,-1.021782070092277,False,False,0.6690223668780119,fold_holdout_178442,failed_ambiguous,ambiguous,margin_not_satisfied,0.6690223668780119,0.33814690928775837,-13.103570030485436,35581,True,,,,
pass-178442-1-12,178442,1,1747,1812,550.1199829101563,18.2,incomplete_turnover,15369,59151.0,,off,-19.785002460629798,-2.0242525836613527,-18.1958456364829,-4.308024729330555,-0.31315066688703397,-0.9497034588903032,8.903629246365929,1.72,2.6,True,66,22847,2,-18.34194553805772,-12.936249179790032,-3.075787401574015,0.5767101377951,True,10.283382545931767,-18.95710301837252,-12.820907152231012,0.2,13.139172361988786,8.32310213896644,1.942846039175838,0.785201177108361,False,False,0.3308754575902535,fold_holdout_178442,failed_ambiguous,ambiguous,margin_not_satisfied,0.6690223668780119,0.33814690928775837,-13.103570030485436,35581,False,,,,
pass-178442-1-12,178442,1,1747,1812,550.1199829101563,18.2,incomplete_turnover,15369,59151.0,,off,-19.785002460629798,-2.0242525836613527,-18.1958456364829,-4.308024729330555,-0.31315066688703397,-0.9497034588903032,8.903629246365929,1.72,2.6,True,66,59170,3,-29.968421916010367,6.324587844488233,-15.122621391071789,-5.286509596455202,True,0.938435552001304,-36.529576313223025,4.030963955632105,0.44888627369488154,96.20892562847573,-2.1783464098076966,20.022967305922844,,True,False,6.996062952508453e-05,fold_holdout_178442,failed_ambiguous,ambiguous,margin_not_satisfied,0.6690223668780119,0.33814690928775837,-13.103570030485436,35581,False,,,,
pass-178442-1-12,178442,1,1747,1812,550.1199829101563,18.2,incomplete_turnover,15369,59151.0,,off,-19.785002460629798,-2.0242525836613527,-18.1958456364829,-4.308024729330555,-0.31315066688703397,-0.9497034588903032,8.903629246365929,1.72,2.6,True,66,59475,0,-35.6586286089239,23.809157644356954,1.5378937007868743,0.128157808398921,True,2.408405614337278,-34.494410786160955,23.906175796253876,0.757284994335345,131.73695176305893,-21.69121728304869,24.31409940786947,,True,False,3.22149022096069e-05,fold_holdout_178442,failed_ambiguous,ambiguous,margin_not_satisfied,0.6690223668780119,0.33814690928775837,-13.103570030485436,35581,False,,,,
pass-178442-1-65,178442,1,16542,16545,270.31998901367194,24.0,incomplete_turnover,59374,59152.0,,off,-22.222563976377312,0.2067345646740371,-22.202058727032394,3.9389302411425975,0.9897415380697973,-0.14286947826331586,394.1126390003201,0.12,0.12,False,4,31457,0,-6.609098179133695,3.3788806184385183,-1.7942093175832508,-2.1786827427796807,True,0.6229270474491623,-7.326781906166995,2.507407521326646,0.4,2.7169913585546697,14.927200263999511,0.7083855399269361,0.08212453297142955,False,False,0.9631353408390738,fold_holdout_178442,failed_ambiguous,ambiguous,margin_not_satisfied,0.9631353408390738,0.9262708878938364,-0.11228494822326884,31457,True,,,,
pass-178442-1-65,178442,1,16542,16545,270.31998901367194,24.0,incomplete_turnover,59374,59152.0,,off,-22.222563976377312,0.2067345646740371,-22.202058727032394,3.9389302411425975,0.9897415380697973,-0.14286947826331586,394.1126390003201,0.12,0.12,False,4,59170,3,-30.368274278214034,8.018834071522875,-13.07209645667804,-6.215653707342028,True,0.6832413160268227,-34.07701749197458,6.255363033607317,0.3017452908267021,177.17592370095718,-12.08408749702077,0.5961005917036672,,True,False,0.03686445294523743,fold_holdout_178442,failed_ambiguous,ambiguous,margin_not_satisfied,0.9631353408390738,0.9262708878938364,-0.11228494822326884,31457,False,,,,
pass-178442-1-65,178442,1,16542,16545,270.31998901367194,24.0,incomplete_turnover,59374,59152.0,,off,-22.222563976377312,0.2067345646740371,-22.202058727032394,3.9389302411425975,0.9897415380697973,-0.14286947826331586,394.1126390003201,0.12,0.12,False,4,22847,2,-28.825254265092283,-20.8000123031499,4.613681102356892,3.203945209970094,True,1.1032785330544999,-26.389378800168743,-19.108432119175202,0.5401674142792099,92.083438770714,-0.8515999738123172,23.409172105123393,,True,False,1.495767752188869e-07,fold_holdout_178442,failed_ambiguous,ambiguous,margin_not_satisfied,0.9631353408390738,0.9262708878938364,-0.11228494822326884,31457,False,,,,
pass-178442-1-65,178442,1,16542,16545,270.31998901367194,24.0,incomplete_turnover,59374,59152.0,,off,-22.222563976377312,0.2067345646740371,-22.202058727032394,3.9389302411425975,0.9897415380697973,-0.14286947826331586,394.1126390003201,0.12,0.12,False,4,59167,1,-41.75894028871394,-21.82271161417304,0.2563156167974867,-2.0505249343808707,True,0.9432414698162351,-41.558544199602686,-23.42588032706384,0.783147990195598,117.05973556204032,-15.24832149459328,29.849540681242853,,True,False,5.6638913560029886e-08,fold_holdout_178442,failed_ambiguous,ambiguous,margin_not_satisfied,0.9631353408390738,0.9262708878938364,-0.11228494822326884,31457,False,,,,
pass-178442-2-192,178442,2,54205,54215,138.8000030517578,14.0,incomplete_turnover,23056,59167.0,,off,-29.52755905511811,1.0132476726541995,-25.02921998031496,-2.7201494832677167,-0.14562014594422584,-0.9893405748755998,13.578422739460857,0.28,0.4,True,11,59146,2,-14.456200787401574,-14.430569225721785,-3.5884186351767156,3.332103018378385,True,0.7577330421587927,-15.727716514309174,-13.249876050736153,0.36356638464774116,49.829174469571974,9.062999443321614,10.735695105773095,-0.3874559790352696,False,False,0.8496084349611361,fold_holdout_178442,failed_ambiguous,ambiguous,margin_not_satisfied,0.8496084349611361,0.7106177443973618,-3.716069999386338,59146,True,,,,
pass-178442-2-192,178442,2,54205,54215,138.8000030517578,14.0,incomplete_turnover,23056,59167.0,,off,-29.52755905511811,1.0132476726541995,-25.02921998031496,-2.7201494832677167,-0.14562014594422584,-0.9893405748755998,13.578422739460857,0.28,0.4,True,11,35376,1,-33.88492454068241,-22.748010990813647,-2.3068405511850187,0.2563156167983749,True,1.4842276185203411,-35.05325206355149,-22.618196821605952,0.506582708012882,18.364385829996895,21.145646607523958,7.019625106386757,-1.2772977077869034,False,False,0.13899069056377428,fold_holdout_178442,failed_ambiguous,ambiguous,margin_not_satisfied,0.8496084349611361,0.7106177443973618,-3.716069999386338,59146,False,,,,
pass-178442-2-192,178442,2,54205,54215,138.8000030517578,14.0,incomplete_turnover,23056,59167.0,,off,-29.52755905511811,1.0132476726541995,-25.02921998031496,-2.7201494832677167,-0.14562014594422584,-0.9893405748755998,13.578422739460857,0.28,0.4,True,11,28155,0,-22.619853182414698,22.209748195538058,-0.12815780839918745,-2.1786827427858313,True,0.44414690473261154,-22.69079813029909,21.003684081503597,0.5579129493853273,177.2561807259037,-23.811472468302377,1.141172488662158,,True,False,0.011368499189536632,fold_holdout_178442,failed_ambiguous,ambiguous,margin_not_satisfied,0.8496084349611361,0.7106177443973618,-3.716069999386338,59146,False,,,,
pass-178442-2-192,178442,2,54205,54215,138.8000030517578,14.0,incomplete_turnover,23056,59167.0,,off,-29.52755905511811,1.0132476726541995,-25.02921998031496,-2.7201494832677167,-0.14562014594422584,-0.9893405748755998,13.578422739460857,0.28,0.4,True,11,59147,3,-15.712147309711286,5.72865403543307,-6.151574803160109,1.6340120570893957,True,0.782964110687336,-17.50861321367055,6.2058402911722474,0.2930908042241833,148.25732598929872,-9.92599570972605,6.14063748827469,,True,False,3.2375285553053595e-05,fold_holdout_178442,failed_ambiguous,ambiguous,margin_not_satisfied,0.8496084349611361,0.7106177443973618,-3.716069999386338,59146,False,,,,
pass-179612-4-504,179612,4,123877,123890,185.91999511718768,23.12,incomplete_turnover,446,15452.0,,off,45.94201115485564,4.063884104330708,45.49089566929133,4.832830954724409,-0.9999959389489418,0.002849927301558341,190.60638728107295,0.44,0.52,True,14,59143,1,35.54072342519685,17.129572670603675,0.5126312335958616,2.1786827427821898,True,0.7906535791912729,35.745775918635196,18.00104576771655,0.4,53.33346832015715,9.782608630135593,13.140388453365091,0.38867638608715716,False,False,0.2929224619883605,fold_holdout_179612,failed_ambiguous,ambiguous,margin_not_satisfied,0.2929224619883605,0.021537028927235413,4.884386496925281,59143,True,,,,
pass-179612-4-504,179612,4,123877,123890,185.91999511718768,23.12,incomplete_turnover,446,15452.0,,off,45.94201115485564,4.063884104330708,45.49089566929133,4.832830954724409,-0.9999959389489418,0.002849927301558341,190.60638728107295,0.44,0.52,True,14,59142,0,27.456528871391075,19.446665846456693,-5.382627952755925,5.510785761154846,True,1.213974840059055,24.06519962338886,22.918741028935134,0.6714615912354694,40.00517227246496,21.477152563950895,18.02477495029037,0.32732196821777987,False,False,0.2713854330611251,fold_holdout_179612,failed_ambiguous,ambiguous,margin_not_satisfied,0.2929224619883605,0.021537028927235413,4.884386496925281,59143,False,,,,
pass-179612-4-504,179612,4,123877,123890,185.91999511718768,23.12,incomplete_turnover,446,15452.0,,off,45.94201115485564,4.063884104330708,45.49089566929133,4.832830954724409,-0.9999959389489418,0.002849927301558341,190.60638728107295,0.44,0.52,True,14,31587,2,17.696030183727036,-20.987122703412073,-4.9981545275589845,0.3844734251968518,True,1.7310915969488188,13.052587121886349,-20.629934775578167,0.9310290935192297,38.293774882231034,32.365609782549754,25.555109145856488,0.2701966148971565,False,True,0.2426301477027646,fold_holdout_179612,failed_ambiguous,ambiguous,margin_not_satisfied,0.2929224619883605,0.021537028927235413,4.884386496925281,59143,False,,,,
pass-179612-4-504,179612,4,123877,123890,185.91999511718768,23.12,incomplete_turnover,446,15452.0,,off,45.94201115485564,4.063884104330708,45.49089566929133,4.832830954724409,-0.9999959389489418,0.002849927301558341,190.60638728107295,0.44,0.52,True,14,24598,3,36.13024934383202,-9.19788590879265,0.5126312335958616,-0.8330257545931641,True,1.2644369771161417,36.335301837270364,-9.531096210629915,0.4,57.649776899657724,9.11462050250081,14.389961609536565,0.39218092828620604,False,False,0.1930619572477497,fold_holdout_179612,failed_ambiguous,ambiguous,margin_not_satisfied,0.2929224619883605,0.021537028927235413,4.884386496925281,59143,False,,,,
pass-184439-2-221,184439,2,54827,54840,107.92000122070331,4.84,incomplete_turnover,59120,59174.0,,off,-32.56746227034121,-5.469134473425196,-31.931799540682412,-4.136293266076116,-0.25974644865568136,0.965676851959682,31.379973263765194,0.4,0.52,True,14,59117,1,-38.6472687007874,24.080852198162727,-1.5378937007874072,-0.6407890419947826,True,0.32788374292568895,-39.74604547905894,23.623028540549562,0.7145269333954595,0.6668870516927045,28.83625712617342,0.33565116184894617,-0.518938231202095,False,False,0.7546852925755902,fold_holdout_184439,failed_ambiguous,ambiguous,margin_not_satisfied,0.7546852925755902,0.5122692153236037,0.8512347617930285,59117,True,,,,
pass-184439-2-221,184439,2,54827,54840,107.92000122070331,4.84,incomplete_turnover,59120,59174.0,,off,-32.56746227034121,-5.469134473425196,-31.931799540682412,-4.136293266076116,-0.25974644865568136,0.965676851959682,31.379973263765194,0.4,0.52,True,14,59118,0,-33.864419291338585,5.888851295931759,-7.433152887139194,0.6407890419947604,True,0.785767562746063,-35.90473121608014,6.064740254961204,0.27798093411881875,6.22408703058947,10.882856830766736,1.1868859236419746,0.05319101009772714,False,False,0.2424160772519866,fold_holdout_184439,failed_ambiguous,ambiguous,margin_not_satisfied,0.7546852925755902,0.5122692153236037,0.8512347617930285,59117,False,,,,
pass-184439-2-221,184439,2,54827,54840,107.92000122070331,4.84,incomplete_turnover,59120,59174.0,,off,-32.56746227034121,-5.469134473425196,-31.931799540682412,-4.136293266076116,-0.25974644865568136,0.965676851959682,31.379973263765194,0.4,0.52,True,14,34854,3,-27.6615813648294,-21.84578001968504,-1.0252624671916344,0.3844734251968518,True,0.6190823131971784,-28.071686351706052,-21.6919906496063,0.4,177.3457379865862,-17.95578127552982,0.8324080965070619,,True,False,0.0028983900293177464,fold_holdout_184439,failed_ambiguous,ambiguous,margin_not_satisfied,0.7546852925755902,0.5122692153236037,0.8512347617930285,59117,False,,,,
pass-184439-2-221,184439,2,54827,54840,107.92000122070331,4.84,incomplete_turnover,59120,59174.0,,off,-32.56746227034121,-5.469134473425196,-31.931799540682412,-4.136293266076116,-0.25974644865568136,0.965676851959682,31.379973263765194,0.4,0.52,True,14,59113,2,-39.91346784776903,-23.327284284776905,0.256315616797842,0.128157808398921,True,0.9802470369914699,-39.79306975847018,-23.267085240127482,0.4697595620062896,142.60612543749713,-16.432225948004422,12.56060195154815,,True,False,2.401431054152589e-07,fold_holdout_184439,failed_ambiguous,ambiguous,margin_not_satisfied,0.7546852925755902,0.5122692153236037,0.8512347617930285,59117,False,,,,
pass-184439-3-250,184439,3,62610,62627,542.5999755859375,2.6000000000000014,incomplete_turnover,34982,59115.0,,off,-31.75750492125984,-23.094037073490814,-32.42392552493438,-20.63340715223097,-0.01852539122752012,0.9998283902149744,26.04406294169096,0.68,0.68,False,18,34838,0,-39.03686843832021,11.130505659448819,0.512631233595684,-8.138020833333037,True,0.8426375902230971,-38.7292896981628,6.247693159448996,0.6497609276494005,12.139439898425167,26.993296589975273,5.806299211138058,-0.3564472183318522,False,False,0.7901015501722289,fold_holdout_184439,failed_ambiguous,ambiguous,margin_not_satisfied,0.7901015501722289,0.6717639813099691,-0.8913356970356716,34838,True,,,,
pass-184439-3-250,184439,3,62610,62627,542.5999755859375,2.6000000000000014,incomplete_turnover,34982,59115.0,,off,-31.75750492125984,-23.094037073490814,-32.42392552493438,-20.63340715223097,-0.01852539122752012,0.9998283902149744,26.04406294169096,0.68,0.68,False,18,59215,3,-33.96181922572178,22.978695045931758,-4.357365485564202,-0.8971046587926246,True,0.45455972666502625,-38.13189495584745,22.120150042670595,0.957045705179125,6.543024778353211,42.85196263296465,4.914963514102387,-0.9653639637142731,False,True,0.11833756886225985,fold_holdout_184439,failed_ambiguous,ambiguous,margin_not_satisfied,0.7901015501722289,0.6717639813099691,-0.8913356970356716,34838,False,,,,
pass-184439-3-250,184439,3,62610,62627,542.5999755859375,2.6000000000000014,incomplete_turnover,34982,59115.0,,off,-31.75750492125984,-23.094037073490814,-32.42392552493438,-20.63340715223097,-0.01852539122752012,0.9998283902149744,26.04406294169096,0.68,0.68,False,18,36019,1,-33.83366141732284,-4.3093063074146984,-4.10104986876636,-4.325326033464405,True,0.6532043296833989,-35.467135788066734,-6.03211130780861,0.39854219640445104,10.711591248694956,14.655166779893534,2.7721933005266197,0.11729337420569075,False,False,0.08944162771400953,fold_holdout_184439,failed_ambiguous,ambiguous,margin_not_satisfied,0.7901015501722289,0.6717639813099691,-0.8913356970356716,34838,False,,,,
pass-184439-3-250,184439,3,62610,62627,542.5999755859375,2.6000000000000014,incomplete_turnover,34982,59115.0,,off,-31.75750492125984,-23.094037073490814,-32.42392552493438,-20.63340715223097,-0.01852539122752012,0.9998283902149744,26.04406294169096,0.68,0.68,False,18,59174,2,-5.869627624671916,7.791994750656168,3.3321030183725897,0.3844734251968296,True,0.7765562202673885,-2.7643266366547214,8.150298710811992,0.9330408380224461,46.92011817137966,28.22931062441086,30.187738422981234,-0.4039057902606197,False,True,0.00211925325150148,fold_holdout_184439,failed_ambiguous,ambiguous,margin_not_satisfied,0.7901015501722289,0.6717639813099691,-0.8913356970356716,34838,False,,,,
pass-188630-1-21,188630,1,2790,2872,529.4000244140625,7.4,incomplete_turnover,61550,59164.0,,off,-19.672223589238843,2.052126906988189,-23.837352362204722,3.6717212106299213,-0.8500053865925414,0.5267739959068446,17.88167029981603,1.0,3.28,True,77,32336,2,-22.389169127296586,16.070989173228345,-8.97104658792518,-0.256315616797842,True,0.8626622477854331,-25.146869700193527,15.992197728288438,0.30737393928408535,52.145186651677726,7.603203437810231,9.782651724554999,0.5748046289675492,False,False,0.8957110486907488,fold_holdout_188630,failed_ambiguous,ambiguous,margin_not_satisfied,0.8957110486907488,0.8188564037481997,-0.63596039394813,32336,True,,,,
pass-188630-1-21,188630,1,2790,2872,529.4000244140625,7.4,incomplete_turnover,61550,59164.0,,off,-19.672223589238843,2.052126906988189,-23.837352362204722,3.6717212106299213,-0.8500053865925414,0.5267739959068446,17.88167029981603,1.0,3.28,True,77,59157,0,-21.838090551181104,12.841412401574804,1.2815780839892987,0.7689468503936148,True,1.8807158382545932,-21.54946028055522,13.014590563950343,0.225566495331161,71.97212881953217,2.9768600291396945,9.146691330606869,0.8335244985939417,False,False,0.07685464494254915,fold_holdout_188630,failed_ambiguous,ambiguous,margin_not_satisfied,0.8957110486907488,0.8188564037481997,-0.63596039394813,32336,False,,,,
pass-188630-1-21,188630,1,2790,2872,529.4000244140625,7.4,incomplete_turnover,61550,59164.0,,off,-19.672223589238843,2.052126906988189,-23.837352362204722,3.6717212106299213,-0.8500053865925414,0.5267739959068446,17.88167029981603,1.0,3.28,True,77,35402,3,-29.73261154855643,-22.222563976377952,6.4078904199465825,1.0252624671914568,True,0.9443628506397638,-25.88787729658848,-21.607406496063078,0.6,117.15033147906415,-11.573429875525587,22.567557932441762,,True,False,0.016649846799510627,fold_holdout_188630,failed_ambiguous,ambiguous,margin_not_satisfied,0.8957110486907488,0.8188564037481997,-0.63596039394813,32336,False,,,,
pass-188630-1-21,188630,1,2790,2872,529.4000244140625,7.4,incomplete_turnover,61550,59164.0,,off,-19.672223589238843,2.052126906988189,-23.837352362204722,3.6717212106299213,-0.8500053865925414,0.5267739959068446,17.88167029981603,1.0,3.28,True,77,31539,1,-35.19213418635171,-18.04461942257218,-0.0,-1.4097358923883085,True,0.8650652066929134,-35.19213418635171,-18.890460958005164,0.6,95.07318142703406,-2.23354514324204,25.15938017077833,,True,False,0.010784459567191504,fold_holdout_188630,failed_ambiguous,ambiguous,margin_not_satisfied,0.8957110486907488,0.8188564037481997,-0.63596039394813,32336,False,,,,
pass-191313-1-49,191313,1,10552,10575,308.9199951171875,9.56,incomplete_turnover,58361,59107.0,,off,-37.95521653543302,-11.76232365485566,-41.01049868766369,-6.27460629921336,-0.40106086459776497,0.9160514084308223,23.549226825241917,0.92,0.92,False,24,59205,3,-34.87942913385822,21.592027559055158,-1.5378937007858084,-1.153420275589223,True,0.38679628547408257,-35.86913028800445,20.849751693445572,0.6476316425144543,34.37748587599564,22.785304686374083,15.58827623196466,-0.04756062759355639,False,False,0.9982239269529926,fold_holdout_191313,failed_ambiguous,ambiguous,margin_not_satisfied,0.9982239269529926,0.996454725393011,-9.345309576395781,59205,True,,,,
pass-191313-1-49,191313,1,10552,10575,308.9199951171875,9.56,incomplete_turnover,58361,59107.0,,off,-37.95521653543302,-11.76232365485566,-41.01049868766369,-6.27460629921336,-0.40106086459776497,0.9160514084308223,23.549226825241917,0.92,0.92,False,24,35222,0,-28.133202099737602,-22.335342847769024,2.0505249343808707,-0.12815780839874336,True,0.483555430815278,-27.136514432031937,-22.3976358270006,0.48666195499171716,162.93228035594183,-20.333836028080686,6.242966655568878,,True,False,0.001769201559981487,fold_holdout_191313,failed_ambiguous,ambiguous,margin_not_satisfied,0.9982239269529926,0.996454725393011,-9.345309576395781,59205,False,,,,
pass-191313-1-49,191313,1,10552,10575,308.9199951171875,9.56,incomplete_turnover,58361,59107.0,,off,-37.95521653543302,-11.76232365485566,-41.01049868766369,-6.27460629921336,-0.40106086459776497,0.9160514084308223,23.549226825241917,0.92,0.92,False,24,31739,2,-12.318528543307114,-9.543911991469908,0.7689468503928154,2.6913139763748983,True,0.552119858308724,-11.764886811024287,-7.606165928479982,0.72,116.25140504399761,-12.949047458734976,26.25644749383956,,True,False,5.861500498658138e-06,fold_holdout_191313,failed_ambiguous,ambiguous,margin_not_satisfied,0.9982239269529926,0.996454725393011,-9.345309576395781,59205,False,,,,
pass-191313-1-49,191313,1,10552,10575,308.9199951171875,9.56,incomplete_turnover,58361,59107.0,,off,-37.95521653543302,-11.76232365485566,-41.01049868766369,-6.27460629921336,-0.40106086459776497,0.9160514084308223,23.549226825241917,0.92,0.92,False,24,59208,1,-15.519910597112817,10.498687664042043,-1.2815780839880553,-1.409735892386843,True,0.4538388389927857,-16.44264681758422,9.483677821523516,0.72,80.96763595983401,4.582194450930189,28.825446361746074,0.7254205989464321,False,False,1.0099865274120138e-06,fold_holdout_191313,failed_ambiguous,ambiguous,margin_not_satisfied,0.9982239269529926,0.996454725393011,-9.345309576395781,59205,False,,,,
pass-191313-1-95,191313,1,20470,20502,95.1999969482423,2.320000000000001,incomplete_turnover,59204,63998.0,,off,-42.26644520997375,-3.088603182414698,-38.16539534120735,-7.087126804461942,0.9789719636401902,0.2039948391662642,15.76245458568388,1.28,1.28,False,33,28857,2,-7.721507956036746,-17.10906742125984,0.3203945209973691,0.6407890419947826,True,1.1510173166830708,-7.476771553570892,-16.619594616328097,0.7638742191227871,29.026448263103912,28.098728052658288,15.592339605912407,-0.5026365747742567,False,False,0.9998351320847496,fold_holdout_191313,failed_ambiguous,ambiguous,margin_not_satisfied,0.9998351320847496,0.9997310589175632,-8.503828954498768,28857,True,,,,
pass-191313-1-95,191313,1,20470,20502,95.1999969482423,2.320000000000001,incomplete_turnover,59204,63998.0,,off,-42.26644520997375,-3.088603182414698,-38.16539534120735,-7.087126804461942,0.9789719636401902,0.2039948391662642,15.76245458568388,1.28,1.28,False,33,59206,3,-33.75676673228347,0.7793596723261155,-5.126312335958083,0.3964882197342534,True,1.1550222481955381,-34.78202919947508,0.8586573162729662,0.2,55.164718004257416,4.933119549244545,7.088510651413638,0.9670335440188985,False,False,0.00010407316718640084,fold_holdout_191313,failed_ambiguous,ambiguous,margin_not_satisfied,0.9998351320847496,0.9997310589175632,-8.503828954498768,28857,False,,,,
pass-191313-1-95,191313,1,20470,20502,95.1999969482423,2.320000000000001,incomplete_turnover,59204,63998.0,,off,-42.26644520997375,-3.088603182414698,-38.16539534120735,-7.087126804461942,0.9789719636401902,0.2039948391662642,15.76245458568388,1.28,1.28,False,33,59527,1,-29.47629593175853,17.27567257217848,-4.10104986876636,-1.2815780839894764,True,0.6884477269931102,-31.865834535919504,16.52894175837818,0.5843089270240724,63.29351875335053,10.984649519839461,21.834391121132164,0.5831130107225699,False,False,3.6862486652834906e-05,fold_holdout_191313,failed_ambiguous,ambiguous,margin_not_satisfied,0.9998351320847496,0.9997310589175632,-8.503828954498768,28857,False,,,,
pass-191313-1-95,191313,1,20470,20502,95.1999969482423,2.320000000000001,incomplete_turnover,59204,63998.0,,off,-42.26644520997375,-3.088603182414698,-38.16539534120735,-7.087126804461942,0.9789719636401902,0.2039948391662642,15.76245458568388,1.28,1.28,False,33,59207,0,-36.781291010498684,-25.631561679790025,0.7689468503937036,0.5126312335958616,True,1.129390686515748,-36.4737122703412,-25.0,0.4,96.37567954881244,-1.9980233887867715,17.881295262635252,,True,False,2.3932261411074008e-05,fold_holdout_191313,failed_ambiguous,ambiguous,margin_not_satisfied,0.9998351320847496,0.9997310589175632,-8.503828954498768,28857,False,,,,
pass-191313-2-145,191313,2,32630,32675,437.79998779296875,7.8,incomplete_turnover,31739,28410.0,,off,-45.70107447506562,-3.0165144151902887,-48.28986220472441,0.6163589597687008,-0.20688148155970082,0.9783660115660515,6.745389318458532,1.8,1.8,False,46,59205,3,-23.747641896325458,16.519541502624673,1.9223671259831931,3.7165764435674653,True,0.8126006038795932,-22.297096065408994,19.323930109063134,0.759584963596137,66.19625766383108,12.925429802686933,29.300688973040685,-0.11618736776496008,False,False,0.9994596229794738,fold_holdout_191313,failed_ambiguous,ambiguous,margin_not_satisfied,0.9994596229794738,0.9989757234588731,-15.942104924278318,59205,True,,,,
pass-191313-2-145,191313,2,32630,32675,437.79998779296875,7.8,incomplete_turnover,31739,28410.0,,off,-45.70107447506562,-3.0165144151902887,-48.28986220472441,0.6163589597687008,-0.20688148155970082,0.9783660115660515,6.745389318458532,1.8,1.8,False,46,58361,2,-34.14124015748031,-0.2827481647801837,-0.25631561679766435,-2.6901875893885414,True,0.68724624753937,-34.23583236748003,-1.275550681354739,0.3690464903935408,109.60654979731578,-4.758498604442658,13.358584048762367,,True,False,0.0004838995206006534,fold_holdout_191313,failed_ambiguous,ambiguous,margin_not_satisfied,0.9994596229794738,0.9989757234588731,-15.942104924278318,59205,False,,,,
pass-191313-2-145,191313,2,32630,32675,437.79998779296875,7.8,incomplete_turnover,31739,28410.0,,off,-45.70107447506562,-3.0165144151902887,-48.28986220472441,0.6163589597687008,-0.20688148155970082,0.9783660115660515,6.745389318458532,1.8,1.8,False,46,35222,1,-18.185593011811022,-14.507463910761155,-2.0505249343820253,-1.1534202755898892,True,0.37085665805446194,-19.79273395199732,-15.411480689615948,0.7857034670612655,131.2946733400628,-21.57662166490967,24.56475849684083,,True,False,4.257070835209986e-05,fold_holdout_191313,failed_ambiguous,ambiguous,margin_not_satisfied,0.9994596229794738,0.9989757234588731,-15.942104924278318,59205,False,,,,
pass-191313-2-145,191313,2,32630,32675,437.79998779296875,7.8,incomplete_turnover,31739,28410.0,,off,-45.70107447506562,-3.0165144151902887,-48.28986220472441,0.6163589597687008,-0.20688148155970082,0.9783660115660515,6.745389318458532,1.8,1.8,False,46,59207,0,-14.097358923884514,1.6163903584317585,-1.537893700786519,0.22427616469803402,True,0.39608772658300523,-15.319147024946824,1.7945677898366788,0.7972582283132504,99.8930670312274,-5.668310930609793,32.50117669727045,,True,False,1.3906791573453144e-05,fold_holdout_191313,failed_ambiguous,ambiguous,margin_not_satisfied,0.9994596229794738,0.9989757234588731,-15.942104924278318,59205,False,,,,
pass-191313-4-422,191313,4,126205,126227,42.79999923706055,10.84,incomplete_turnover,58771,31739.0,,off,-10.515348179133857,-19.954170767716533,-8.983862368766404,-15.507094816272966,0.08265690311455588,0.9965780633585666,20.87861185409693,0.88,0.88,False,23,59107,1,-7.88811310695538,18.595697998687665,-4.29328658136483,-1.922367125984259,True,0.921134247867454,-11.242793831711463,17.09360215178195,0.7850658413606243,8.705041398036014,32.30242316948859,4.945874193357032,-0.6671537760854541,False,False,0.53358980131517,fold_holdout_191313,failed_ambiguous,ambiguous,margin_not_satisfied,0.53358980131517,0.08001102712733821,0.15135816974647653,59107,True,,,,
pass-191313-4-422,191313,4,126205,126227,42.79999923706055,10.84,incomplete_turnover,58771,31739.0,,off,-10.515348179133857,-19.954170767716533,-8.983862368766404,-15.507094816272966,0.08265690311455588,0.9965780633585666,20.87861185409693,0.88,0.88,False,23,28410,0,5.648555405183727,18.81356627296588,-8.650652066929142,-2.5631561679789527,True,0.9571786314796588,-1.1906202682677733,16.78714385120251,0.8062012139683682,8.825916134965675,32.82789508612124,5.097232363103508,-0.6923217288356048,False,False,0.45357877418783177,fold_holdout_191313,failed_ambiguous,ambiguous,margin_not_satisfied,0.53358980131517,0.08001102712733821,0.15135816974647653,59107,False,,,,
pass-191313-4-422,191313,4,126205,126227,42.79999923706055,10.84,incomplete_turnover,58771,31739.0,,off,-10.515348179133857,-19.954170767716533,-8.983862368766404,-15.507094816272966,0.08265690311455588,0.9965780633585666,20.87861185409693,0.88,0.88,False,23,58474,3,-6.715469160104987,-5.7446737614829395,-13.616767142388442,-1.9544065780839892,True,0.91552734375,-9.730659881132372,-6.1774423120304,0.22250567902598123,9.317817664937545,9.235999054860635,1.5154022017303226,0.43763347106583195,False,False,0.012831390710012835,fold_holdout_191313,failed_ambiguous,ambiguous,margin_not_satisfied,0.53358980131517,0.08001102712733821,0.15135816974647653,59107,False,,,,
pass-191313-4-422,191313,4,126205,126227,42.79999923706055,10.84,incomplete_turnover,58771,31739.0,,off,-10.515348179133857,-19.954170767716533,-8.983862368766404,-15.507094816272966,0.08265690311455588,0.9965780633585666,20.87861185409693,0.88,0.88,False,23,59110,2,-35.320291994750654,-8.24695497047244,-1.2815780839893876,-0.3203945209973913,True,-0.1070317946706857,-36.18064605713696,-8.462043486069048,0.6737612009331438,80.21862497394069,4.772941696559135,27.686040142975923,0.6513956401932651,False,False,3.37869853247715e-08,fold_holdout_191313,failed_ambiguous,ambiguous,margin_not_satisfied,0.53358980131517,0.08001102712733821,0.15135816974647653,59107,False,,,,
pass-114086-1-115,114086,1,27377,27390,89.32814025878906,7.0,incomplete_turnover,32336,59135.0,,off,-21.215243602362204,-14.72276902887139,-20.205360072178475,-14.29215879265092,0.10014585365381698,0.994972767464491,35.339727420326206,0.52,0.52,False,14,59295,1,-20.128465387139105,18.077940452755904,11.277887139107623,-6.792363845144411,True,0.1502450056902067,-12.231528585155385,13.321830787924767,0.7092125980438873,10.359062975747381,28.273713794880624,5.168318622604502,-0.2800546653514523,False,False,0.994390085924688,fold_holdout_114086,failed_auto_accept,auto_accept,margin_satisfied,0.994390085924688,0.9899687343648744,17.662476346321455,59295,True,,,,
pass-114086-1-115,114086,1,27377,27390,89.32814025878906,7.0,incomplete_turnover,32336,59135.0,,off,-21.215243602362204,-14.72276902887139,-20.205360072178475,-14.29215879265092,0.10014585365381698,0.994972767464491,35.339727420326206,0.52,0.52,False,14,59153,3,-42.153666338582674,5.92409469324147,2.0505249343832688,6.728284940944884,True,0.74219390789042,-40.605356416522184,11.004486625002286,0.7586628538600491,44.63134651710592,23.1264982503313,22.830794968925957,-0.1344051111449639,False,False,0.004421351559813641,fold_holdout_114086,failed_auto_accept,auto_accept,margin_satisfied,0.994390085924688,0.9899687343648744,17.662476346321455,59295,False,,,,
pass-114086-1-115,114086,1,27377,27390,89.32814025878906,7.0,incomplete_turnover,32336,59135.0,,off,-21.215243602362204,-14.72276902887139,-20.205360072178475,-14.29215879265092,0.10014585365381698,0.994972767464491,35.339727420326206,0.52,0.52,False,14,59156,2,-31.490936679790025,4.661740280511811,-6.9205216535432434,1.6019726049868899,True,0.5406657541830708,-35.59410583344322,5.611547954968586,0.6,43.45732315100632,18.26252710455723,17.304656661008632,0.003229542567064425,False,False,0.0011746701164481238,fold_holdout_114086,failed_auto_accept,auto_accept,margin_satisfied,0.994390085924688,0.9899687343648744,17.662476346321455,59295,False,,,,
pass-114086-1-115,114086,1,27377,27390,89.32814025878906,7.0,incomplete_turnover,32336,59135.0,,off,-21.215243602362204,-14.72276902887139,-20.205360072178475,-14.29215879265092,0.10014585365381698,0.994972767464491,35.339727420326206,0.52,0.52,False,14,59155,0,-18.767429461942257,-20.56420193569554,13.072096456692872,4.229207677165281,True,1.5726565063156166,-15.107242454068253,-19.38002378608926,0.28,129.194759942846,-4.551731772113838,5.582016778393863,,True,False,1.3892399050138279e-05,fold_holdout_114086,failed_auto_accept,auto_accept,margin_satisfied,0.994390085924688,0.9899687343648744,17.662476346321455,59295,False,,,,
pass-114086-1-123,114086,1,29980,30015,42.66442108154297,23.8,incomplete_turnover,59155,34992.0,,def,27.374507874015748,-21.91498523622047,30.0658218503937,-22.209748195538058,0.23088714549711592,0.9729805373409036,9.486597653241656,0.88,1.4,True,36,59156,1,35.49971292650918,-8.676283628608923,1.0252624671892363,-4.101049868757078,True,0.782964110687336,35.84086331079226,-10.040885165741276,0.3396839312935163,12.038552154754736,13.173449727478447,2.8093688944094213,-0.508637972116058,False,False,0.9976787092143894,fold_holdout_114086,failed_auto_accept,auto_accept,margin_satisfied,0.9976787092143894,0.9962109505759307,22.858882140301525,59156,True,,,,
pass-114086-1-123,114086,1,29980,30015,42.66442108154297,23.8,incomplete_turnover,59155,34992.0,,def,27.374507874015748,-21.91498523622047,30.0658218503937,-22.209748195538058,0.23088714549711592,0.9729805373409036,9.486597653241656,0.88,1.4,True,36,59295,0,11.630321112204724,-3.284043840223097,-5.126312335946359,-0.5927298638437994,True,0.5242455349819554,8.07835889449106,-3.6947394716462405,0.7093349294341009,63.249542606701624,12.93812057843184,25.668251034710945,-0.48383148641396934,False,False,0.0014677586384587269,fold_holdout_114086,failed_auto_accept,auto_accept,margin_satisfied,0.9976787092143894,0.9962109505759307,22.858882140301525,59156,False,,,,
pass-114086-1-123,114086,1,29980,30015,42.66442108154297,23.8,incomplete_turnover,59155,34992.0,,def,27.374507874015748,-21.91498523622047,30.0658218503937,-22.209748195538058,0.23088714549711592,0.9729805373409036,9.486597653241656,0.88,1.4,True,36,32336,3,35.57660761154855,21.825274770341206,-2.0505249343786502,-0.3844734251959636,True,1.110968001558399,33.581112529206095,21.451119442402028,0.9732293822041114,8.746151137837732,43.29280988555663,6.66042368527104,-3.683576054136025,False,True,0.0006003923826145053,fold_holdout_114086,failed_auto_accept,auto_accept,margin_satisfied,0.9976787092143894,0.9962109505759307,22.858882140301525,59156,False,,,,
pass-114086-1-123,114086,1,29980,30015,42.66442108154297,23.8,incomplete_turnover,59155,34992.0,,def,27.374507874015748,-21.91498523622047,30.0658218503937,-22.209748195538058,0.23088714549711592,0.9729805373409036,9.486597653241656,0.88,1.4,True,36,59153,2,22.3635375656168,17.03217273622047,-1.0252624671892363,-2.434998359574525,True,0.8506474532480315,21.451608206006497,14.866340507145926,0.8903466437410241,26.429276928906727,34.0854015093816,16.94185450724578,-2.7130059179577737,False,False,0.00025313976453733464,fold_holdout_114086,failed_auto_accept,auto_accept,margin_satisfied,0.9976787092143894,0.9962109505759307,22.858882140301525,59156,False,,,,
pass-114086-2-204,114086,2,50820,50878,270.2365417480469,8.72,incomplete_turnover,59157,59138.0,,off,-32.644356955380616,16.98603592519683,-27.287360564304066,18.07794045275581,0.989776221855312,-0.14262899652533564,13.927364551222738,0.32,2.32,True,59,59156,0,-21.1486015419947,4.984697957677166,2.0505249343808707,0.03203945209968584,True,0.4242023458005217,-20.341042247455025,4.9973160716543426,0.3943523623784527,53.82996277706072,8.740977028856536,11.956144568357354,-0.30761170619958617,False,False,0.999998709130686,fold_holdout_114086,failed_auto_accept,auto_accept,margin_satisfied,0.999998709130686,0.9999976045470093,5.278067896015278,59156,True,,,,
pass-114086-2-204,114086,2,50820,50878,270.2365417480469,8.72,incomplete_turnover,59157,59138.0,,off,-32.644356955380616,16.98603592519683,-27.287360564304066,18.07794045275581,0.989776221855312,-0.14262899652533564,13.927364551222738,0.32,2.32,True,59,32336,2,-40.85158300524938,3.6460896489500874,-1.5378937007856308,-1.9223671259820718,True,4.4752706692913975,-41.58735776358592,2.7263712010293943,0.48138196383591125,124.76889287381903,-11.9642182829838,17.234212464372632,,True,False,1.104583676782648e-06,fold_holdout_114086,failed_auto_accept,auto_accept,margin_satisfied,0.999998709130686,0.9999976045470093,5.278067896015278,59156,False,,,,
pass-114086-2-204,114086,2,50820,50878,270.2365417480469,8.72,incomplete_turnover,59157,59138.0,,off,-32.644356955380616,16.98603592519683,-27.287360564304066,18.07794045275581,0.989776221855312,-0.14262899652533564,13.927364551222738,0.32,2.32,True,59,59154,3,-35.253649934383134,-23.096600229658776,3.0757874015712616,0.7689468503928154,True,0.8769198039698164,-32.395276973216426,-22.3820069893671,0.9295955504236039,88.9953079019318,0.7150674983717833,40.774830907467376,0.26865737191398464,False,True,1.3646138370561794e-07,fold_holdout_114086,failed_auto_accept,auto_accept,margin_satisfied,0.999998709130686,0.9999976045470093,5.278067896015278,59156,False,,,,
pass-114086-2-204,114086,2,50820,50878,270.2365417480469,8.72,incomplete_turnover,59157,59138.0,,off,-32.644356955380616,16.98603592519683,-27.287360564304066,18.07794045275581,0.989776221855312,-0.14262899652533564,13.927364551222738,0.32,2.32,True,59,15347,1,-43.17380249343834,-7.005746596128876,-0.7689468503928154,-11.758478920590298,True,1.2504998154527485,-43.85063116161054,-17.35558498026235,0.9055119629777927,106.85356051885053,-11.340083217502844,37.43366359457824,,True,False,4.9824253572004494e-08,fold_holdout_114086,failed_auto_accept,auto_accept,margin_satisfied,0.999998709130686,0.9999976045470093,5.278067896015278,59156,False,,,,
pass-114086-3-355,114086,3,89732,89760,173.0470428466797,23.0,incomplete_turnover,59154,24268.0,,off,33.00832513123355,17.024483267716516,27.887139107610732,14.322916666666497,-0.9227586779721192,-0.3853782845817172,36.98227300454354,1.04,1.12,True,29,25182,3,-1.7533990654736555,-8.100855068897637,-17.339350983206998,0.06407890419937168,True,1.0337529219980226,-20.204158938504033,-8.032668867726983,1.1065591157270918,2.2644728042386806,52.99201981106043,2.0954686086897603,-0.3929032670477006,False,True,0.9999935565061945,fold_holdout_114086,failed_auto_accept,auto_accept,margin_satisfied,0.9999935565061945,0.9999874422570252,7.103270237084448,25182,True,,,,
pass-114086-3-355,114086,3,89732,89760,173.0470428466797,23.0,incomplete_turnover,59154,24268.0,,off,33.00832513123355,17.024483267716516,27.887139107610732,14.322916666666497,-0.9227586779721192,-0.3853782845817172,36.98227300454354,1.04,1.12,True,29,59157,1,18.605950623359277,-1.977474983595816,-13.328412073475615,-0.688848220143573,True,1.1790518372703294,11.896138673358843,-2.3242561300501663,0.5261456137677262,23.48451806038422,21.17129331569595,9.198738845774209,0.4675286077441778,False,False,6.114249169259268e-06,fold_holdout_114086,failed_auto_accept,auto_accept,margin_satisfied,0.9999935565061945,0.9999874422570252,7.103270237084448,25182,False,,,,
pass-114086-3-355,114086,3,89732,89760,173.0470428466797,23.0,incomplete_turnover,59154,24268.0,,off,33.00832513123355,17.024483267716516,27.887139107610732,14.322916666666497,-0.9227586779721192,-0.3853782845817172,36.98227300454354,1.04,1.12,True,29,59155,0,42.13316108923865,4.6764784284776555,-8.714730971118634,-1.537893700785653,True,0.8592981053149581,38.67581642232193,4.0663587813747,0.3974254573510811,113.78116310921381,-6.00269093244386,13.622049751225461,,True,False,1.858863878979294e-07,fold_holdout_114086,failed_auto_accept,auto_accept,margin_satisfied,0.9999935565061945,0.9999874422570252,7.103270237084448,25182,False,,,,
pass-114086-3-355,114086,3,89732,89760,173.0470428466797,23.0,incomplete_turnover,59154,24268.0,,off,33.00832513123355,17.024483267716516,27.887139107610732,14.322916666666497,-0.9227586779721192,-0.3853782845817172,36.98227300454354,1.04,1.12,True,29,32336,2,27.184834317585022,-14.67150590551193,-12.303149606285224,-5.2544701443509645,True,0.6816393434218924,17.325748471111094,-18.88215715244349,0.818549494688922,49.68869770585955,22.542129249101418,26.570139412996912,0.4304612286450876,False,False,1.4335824833985596e-07,fold_holdout_114086,failed_auto_accept,auto_accept,margin_satisfied,0.9999935565061945,0.9999874422570252,7.103270237084448,25182,False,,,,
pass-114086-4-508,114086,4,124287,124342,9.620251655578613,0.0,incomplete_turnover,59153,59138.0,,off,-14.315227198162729,16.276041666666668,-13.277148950131233,11.374005495406823,0.7837497214375622,-0.6210767860309574,19.13302357639168,1.08,2.2,True,56,15347,1,-35.9867125984252,23.017142388451443,0.256315616797842,-0.5126312335957728,True,0.5398647678805775,-35.832923228346495,22.70956364829398,0.6,168.28731738843317,-24.71833383282191,5.124627250489077,,True,False,0.9135769814262907,fold_holdout_114086,failed_auto_accept,auto_accept,margin_satisfied,0.9135769814262907,0.8580239635194468,5.305612473987276,15347,True,,,,
pass-114086-4-508,114086,4,124287,124342,9.620251655578613,0.0,incomplete_turnover,59153,59138.0,,off,-14.315227198162729,16.276041666666668,-13.277148950131233,11.374005495406823,0.7837497214375622,-0.6210767860309574,19.13302357639168,1.08,2.2,True,56,59154,3,-7.003824229002625,19.749118274278214,-5.670983021653542,4.357365485564291,True,0.6656196173720472,-8.591699475065617,20.969180610236215,0.28,102.36794791681454,-2.287120800830013,10.430239724476353,,True,False,0.05555301790684397,fold_holdout_114086,failed_auto_accept,auto_accept,margin_satisfied,0.9135769814262907,0.8580239635194468,5.305612473987276,15347,False,,,,
pass-114086-4-508,114086,4,124287,124342,9.620251655578613,0.0,incomplete_turnover,59153,59138.0,,off,-14.315227198162729,16.276041666666668,-13.277148950131233,11.374005495406823,0.7837497214375622,-0.6210767860309574,19.13302357639168,1.08,2.2,True,56,19426,2,-18.095882545931758,-10.284664124015748,5.510785761154846,3.5243397309711266,True,0.6191624118274278,-15.661862568246901,-8.72802344061264,0.4524605508669508,58.37059808033845,10.61588489037776,17.236049848478604,0.5251538279879221,False,False,0.030776452795852068,fold_holdout_114086,failed_auto_accept,auto_accept,margin_satisfied,0.9135769814262907,0.8580239635194468,5.305612473987276,15347,False,,,,
pass-114086-4-508,114086,4,124287,124342,9.620251655578613,0.0,incomplete_turnover,59153,59138.0,,off,-14.315227198162729,16.276041666666668,-13.277148950131233,11.374005495406823,0.7837497214375622,-0.6210767860309574,19.13302357639168,1.08,2.2,True,56,59155,0,-36.06360728346456,-22.325090223097114,3.844734251968518,-0.1281578083990098,True,1.8310546875,-32.59417286188821,-22.44073803714971,0.9030524138059581,81.34280726909954,5.861840123819057,38.499650950920966,0.7736270892880723,False,False,9.354787101332093e-05,fold_holdout_114086,failed_auto_accept,auto_accept,margin_satisfied,0.9135769814262907,0.8580239635194468,5.305612473987276,15347,False,,,,
pass-114099-1-118,114099,1,31085,31137,26.604061126708984,18.68,incomplete_turnover,59191,59134.0,,off,-6.260508940288714,-3.63647781332021,-7.907336778215223,-1.428959563648294,-0.06986775379820549,0.9975562625632667,20.635776393389946,0.4,2.08,True,53,59192,0,-10.598650754593177,14.62280593832021,-7.625389599763555,2.691313976387155,True,0.7168827407316273,-13.648806594498598,15.699331528875073,0.4,14.524960703164924,17.487577645917217,4.530723946515032,-0.4474397721967388,False,False,0.9985989281422144,fold_holdout_114099,failed_auto_accept,auto_accept,margin_satisfied,0.9985989281422144,0.9971979539093254,26.97583813389014,59192,True,,,,
pass-114099-1-118,114099,1,31085,31137,26.604061126708984,18.68,incomplete_turnover,59191,59134.0,,off,-6.260508940288714,-3.63647781332021,-7.907336778215223,-1.428959563648294,-0.06986775379820549,0.9975562625632667,20.635776393389946,0.4,2.08,True,53,59188,1,-38.26792158792651,22.63266896325459,-3.075787401585295,-1.0252624671950983,True,0.5526805487204725,-41.109979927795024,21.68531618329842,0.9245961490024592,51.149605169517244,25.37758462300544,31.50656208040517,-0.8297857923646813,False,True,0.0014009742328889763,fold_holdout_114099,failed_auto_accept,auto_accept,margin_satisfied,0.9985989281422144,0.9971979539093254,26.97583813389014,59192,False,,,,
pass-114099-1-118,114099,1,31085,31137,26.604061126708984,18.68,incomplete_turnover,59191,59134.0,,off,-6.260508940288714,-3.63647781332021,-7.907336778215223,-1.428959563648294,-0.06986775379820549,0.9975562625632667,20.635776393389946,0.4,2.08,True,53,19069,2,-22.530142716535433,-10.278256233595801,-9.868151246752799,-0.7689468503963237,True,0.9163283300524935,-27.182420299528957,-10.64077136993296,0.4886718579654021,111.53734749697702,-7.842593767006511,19.871588877433435,,True,False,8.433049008953136e-08,fold_holdout_114099,failed_auto_accept,auto_accept,margin_satisfied,0.9985989281422144,0.9971979539093254,26.97583813389014,59192,False,,,,
pass-114099-1-118,114099,1,31085,31137,26.604061126708984,18.68,incomplete_turnover,59191,59134.0,,off,-6.260508940288714,-3.63647781332021,-7.907336778215223,-1.428959563648294,-0.06986775379820549,0.9975562625632667,20.635776393389946,0.4,2.08,True,53,28390,3,-37.44771161417323,-19.492802657480315,-1.0252624671950983,0.38447342519818406,True,7.164021489501312,-38.2961570757835,-19.17463560937645,0.8278146539148127,116.27657556311758,-15.579111658066658,31.554408524694594,,True,False,1.3294406594046178e-08,fold_holdout_114099,failed_auto_accept,auto_accept,margin_satisfied,0.9985989281422144,0.9971979539093254,26.97583813389014,59192,False,,,,
pass-114099-1-59,114099,1,16022,16032,315.5015869140625,12.0,incomplete_turnover,34945,19069.0,,off,-6.748790190288742,-4.5419127296587725,-9.505464648950653,-4.136293266076297,-0.9400906949474248,-0.3409244568423744,25.930139794199196,0.24,0.4,True,11,59132,2,-22.5634637467194,-14.745837434383164,-10.508940288701929,1.666051509184463,True,1.4686884842519707,-27.19090022991596,-14.012219455339801,0.453640704121218,9.246719856682075,19.99285819764763,3.2548687950528006,-0.5310277829709277,False,False,0.9767010299804298,fold_holdout_114099,failed_auto_accept,auto_accept,margin_satisfied,0.9767010299804298,0.9576835634884846,20.032319503214875,59132,True,,,,
pass-114099-1-59,114099,1,16022,16032,315.5015869140625,12.0,incomplete_turnover,34945,19069.0,,off,-6.748790190288742,-4.5419127296587725,-9.505464648950653,-4.136293266076297,-0.9400906949474248,-0.3409244568423744,25.930139794199196,0.24,0.4,True,11,22895,3,-31.5473261154856,12.172428641732285,-1.5378937007856308,0.12815780839878776,True,9.68488558070865,-32.598929688232566,12.260062272794523,0.6870960393433552,55.30795116987069,16.120032991238602,23.287188298267676,-0.38167165773802725,False,False,0.019017466491945245,fold_holdout_114099,failed_auto_accept,auto_accept,margin_satisfied,0.9767010299804298,0.9576835634884846,20.032319503214875,59132,False,,,,
pass-114099-1-59,114099,1,16022,16032,315.5015869140625,12.0,incomplete_turnover,34945,19069.0,,off,-6.748790190288742,-4.5419127296587725,-9.505464648950653,-4.136293266076297,-0.9400906949474248,-0.3409244568423744,25.930139794199196,0.24,0.4,True,11,59133,1,-35.31516568241488,16.176078576115582,-7.945784120725996,4.357365485559317,True,0.5515591678969939,-42.58071748028684,20.16041343301302,0.9324544462526125,56.23378988096524,22.81039588532711,34.11727049212812,-0.639686575790463,False,True,0.003884208678859652,fold_holdout_114099,failed_auto_accept,auto_accept,margin_satisfied,0.9767010299804298,0.9576835634884846,20.032319503214875,59132,False,,,,
pass-114099-1-59,114099,1,16022,16032,315.5015869140625,12.0,incomplete_turnover,34945,19069.0,,off,-6.748790190288742,-4.5419127296587725,-9.505464648950653,-4.136293266076297,-0.9400906949474248,-0.3409244568423744,25.930139794199196,0.24,0.4,True,11,18363,0,-19.869586614173134,6.830811187664034,4.101049868761741,-0.3203945209970138,True,0.8802839464402915,-18.403904358053147,6.716304761404659,0.3623517673326865,70.58363474627423,4.665424282230354,13.236122146210008,0.06007716428609258,False,False,0.00039729484876532427,fold_holdout_114099,failed_auto_accept,auto_accept,margin_satisfied,0.9767010299804298,0.9576835634884846,20.032319503214875,59132,False,,,,
pass-114099-1-60,114099,1,16087,16107,312.9014587402344,21.64,incomplete_turnover,19069,34945.0,,off,12.797838746718766,8.637836286089195,8.272586532151356,10.202643126640535,-0.9840041513237646,0.1781455308942603,24.198801162058434,0.8,0.8,False,21,28336,0,3.276354371718892,14.474142880577567,-11.790518372690006,6.151574803142612,True,1.2213439140420141,0.7830675555782105,15.774988175955315,0.2204539592948058,26.388190478285082,8.362406131502274,4.148986326909911,0.4544289084612265,False,False,0.9871705014309926,fold_holdout_114099,failed_auto_accept,auto_accept,margin_satisfied,0.9871705014309926,0.9799337501396376,6.092342207626881,28336,True,,,,
pass-114099-1-60,114099,1,16087,16107,312.9014587402344,21.64,incomplete_turnover,19069,34945.0,,off,12.797838746718766,8.637836286089195,8.272586532151356,10.202643126640535,-0.9840041513237646,0.1781455308942603,24.198801162058434,0.8,0.8,False,21,28390,3,18.585445374015396,-0.3805485923146889,-15.507094816255318,-2.4790526062143727,True,1.3057678703247957,13.623175032813695,-1.1738454263032883,0.32,125.45029423856687,-7.291671889653591,10.241328534536793,,True,False,0.0072367512913550655,fold_holdout_114099,failed_auto_accept,auto_accept,margin_satisfied,0.9871705014309926,0.9799337501396376,6.092342207626881,28336,False,,,,
pass-114099-1-60,114099,1,16087,16107,312.9014587402344,21.64,incomplete_turnover,19069,34945.0,,off,12.797838746718766,8.637836286089195,8.272586532151356,10.202643126640535,-0.9840041513237646,0.1781455308942603,24.198801162058434,0.8,0.8,False,21,59190,1,2.2703155757870332,-17.27310941601063,-16.19594303639891,-5.895259186344948,True,1.5625640789042023,-11.375400657780496,-22.24009613604308,0.8906038379004149,69.06180488603094,13.554171950434256,35.423991223749205,0.23988250245694032,False,False,0.0054205973324156255,fold_holdout_114099,failed_auto_accept,auto_accept,margin_satisfied,0.9871705014309926,0.9799337501396376,6.092342207626881,28336,False,,,,
pass-114099-1-60,114099,1,16087,16107,312.9014587402344,21.64,incomplete_turnover,19069,34945.0,,off,12.797838746718766,8.637836286089195,8.272586532151356,10.202643126640535,-0.9840041513237646,0.1781455308942603,24.198801162058434,0.8,0.8,False,21,59189,2,9.914288057742343,-11.66876845472435,-19.287750164020068,2.563156167976066,True,1.429279958169308,0.2143908362746778,-10.379745568150586,0.5031822410017103,78.88095782702361,4.262637455816359,21.68868747012558,0.6238492300808771,False,False,0.00017214994523651078,fold_holdout_114099,failed_auto_accept,auto_accept,margin_satisfied,0.9871705014309926,0.9799337501396376,6.092342207626881,28336,False,,,,
pass-114099-3-272,114099,3,78950,78980,459.699462890625,3.5199999999999996,incomplete_turnover,58436,28032.0,,off,-16.160699639107612,-4.8796085547900265,-17.19877788713911,-4.802713869750656,0.8871804107736043,0.4614227115558777,18.268910734554115,1.16,1.2,True,31,28336,0,-40.395341207349084,-20.761564960629922,0.256315616797842,1.9223671259839925,True,1.2599514538221785,-40.23358301399505,-19.548378510474596,0.6342818252444272,174.85372716579286,-27.24001243675045,2.453282571292174,,True,False,0.9814960894385256,fold_holdout_114099,failed_auto_accept,auto_accept,margin_satisfied,0.9814960894385256,0.9681362269975589,5.114095246030122,28336,True,,,,
pass-114099-3-272,114099,3,78950,78980,459.699462890625,3.5199999999999996,incomplete_turnover,58436,28032.0,,off,-16.160699639107612,-4.8796085547900265,-17.19877788713911,-4.802713869750656,0.8871804107736043,0.4614227115558777,18.268910734554115,1.16,1.2,True,31,59188,2,-28.57919127296588,-19.19803969816273,0.256315616797842,0.0,True,1.0116457000492125,-28.476665026246742,-19.19803969816273,0.4,155.55555206214814,-16.64785082220812,7.5673778173222965,,True,False,0.013359862440966805,fold_holdout_114099,failed_auto_accept,auto_accept,margin_satisfied,0.9814960894385256,0.9681362269975589,5.114095246030122,28336,False,,,,
pass-114099-3-272,114099,3,78950,78980,459.699462890625,3.5199999999999996,incomplete_turnover,58436,28032.0,,off,-16.160699639107612,-4.8796085547900265,-17.19877788713911,-4.802713869750656,0.8871804107736043,0.4614227115558777,18.268910734554115,1.16,1.2,True,31,31700,1,-27.015666010498688,-0.30177158946440286,-9.355520013122032,-1.0552994535349551,True,0.7813621380823491,-30.14911178876247,-0.6552232001546884,0.3444459192702646,134.76279844471378,-9.575536159579874,9.655150660372904,,True,False,0.005092011158893323,fold_holdout_114099,failed_auto_accept,auto_accept,margin_satisfied,0.9814960894385256,0.9681362269975589,5.114095246030122,28336,False,,,,
pass-114099-3-272,114099,3,78950,78980,459.699462890625,3.5199999999999996,incomplete_turnover,58436,28032.0,,off,-16.160699639107612,-4.8796085547900265,-17.19877788713911,-4.802713869750656,0.8871804107736043,0.4614227115558777,18.268910734554115,1.16,1.2,True,31,59190,3,-34.55134514435696,22.222563976377952,2.5631561679785975,-1.0252624671914568,True,-0.2463032880167323,-32.70587270341237,21.484375000000103,0.72,93.05795542997055,-1.628130923815812,30.476716039986627,,True,False,5.203696161420214e-05,fold_holdout_114099,failed_auto_accept,auto_accept,margin_satisfied,0.9814960894385256,0.9681362269975589,5.114095246030122,28336,False,,,,
pass-114099-3-354,114099,3,104187,104202,44.619991302490234,10.64,incomplete_turnover,18363,59189.0,,off,-37.78092191601015,4.761703371062561,-37.401574803149536,4.163847194880902,-0.07376950275892404,-0.9972753182861296,41.578747761189206,0.6,0.6,False,16,59201,3,-39.01636318897643,-20.892285925196816,-1.025262467189414,0.7689468503919272,True,8.07650508530186,-39.625989646752615,-20.435066081864754,0.5947615618250187,0.9365288031644882,24.69598304450159,0.4037044203192295,0.006043126013681177,False,False,0.9999995099992475,fold_holdout_114099,failed_auto_accept,auto_accept,margin_satisfied,0.9999995099992475,0.9999991245910882,11.244625261068263,59201,True,,,,
pass-114099-3-354,114099,3,104187,104202,44.619991302490234,10.64,incomplete_turnover,18363,59189.0,,off,-37.78092191601015,4.761703371062561,-37.401574803149536,4.163847194880902,-0.07376950275892404,-0.9972753182861296,41.578747761189206,0.6,0.6,False,16,59132,1,-22.84797408136524,4.066447260498628,-9.099204396304739,-1.3136175360862534,True,1.001393075377278,-25.759719488182757,3.646089648951027,0.32,91.68404112423434,-0.34246705636417474,11.648329681387493,,True,False,3.854081592972254e-07,fold_holdout_114099,failed_auto_accept,auto_accept,margin_satisfied,0.9999995099992475,0.9999991245910882,11.244625261068263,59201,False,,,,
pass-114099-3-354,114099,3,104187,104202,44.619991302490234,10.64,incomplete_turnover,18363,59189.0,,off,-37.78092191601015,4.761703371062561,-37.401574803149536,4.163847194880902,-0.07376950275892404,-0.9972753182861296,41.578747761189206,0.6,0.6,False,16,24684,2,-20.59752296587923,16.742536089238833,0.7689468503919272,-0.2563156167973091,True,1.4872713664698294,-20.22398953979882,16.618024947212028,0.4858135080481574,130.17357269769244,-13.687426005424463,16.212043310834492,,True,False,1.0326126179504733e-07,fold_holdout_114099,failed_auto_accept,auto_accept,margin_satisfied,0.9999995099992475,0.9999991245910882,11.244625261068263,59201,False,,,,
pass-114099-3-354,114099,3,104187,104202,44.619991302490234,10.64,incomplete_turnover,18363,59189.0,,off,-37.78092191601015,4.761703371062561,-37.401574803149536,4.163847194880902,-0.07376950275892404,-0.9972753182861296,41.578747761189206,0.6,0.6,False,16,59134,0,-2.5971179872046872,0.43717832390092626,0.8170060285414449,0.16820712352323963,True,0.7876899298720282,-1.9105757931548184,0.5785252462053119,0.8406879420440786,88.46203987636716,0.9573997381389203,35.658784751369645,0.5769738198072288,False,False,1.3313313844488715e-09,fold_holdout_114099,failed_auto_accept,auto_accept,margin_satisfied,0.9999995099992475,0.9999991245910882,11.244625261068263,59201,False,,,,
pass-114099-3-355,114099,3,104382,104407,36.81706619262695,24.0,incomplete_turnover,59201,58436.0,,off,3.6563422736220472,-23.932189140419947,1.0723604617782152,-21.45105396981627,-0.05006596102746818,0.9987459134066061,1058.3087355672876,0.04,1.0,True,26,59134,1,-3.1699833907480315,-3.662750164041995,3.8287145259186306,2.1146038385826738,True,1.4300809444717848,-1.6384975803805792,-2.8169086286089255,0.4,5.407440353022056,18.746498222445307,1.7745219969984647,0.022286361633028967,False,False,0.8738808726839056,fold_holdout_114099,failed_auto_accept,auto_accept,margin_satisfied,0.8738808726839056,0.7481697215947286,2.820241844468082,59134,True,,,,
pass-114099-3-355,114099,3,104382,104407,36.81706619262695,24.0,incomplete_turnover,59201,58436.0,,off,3.6563422736220472,-23.932189140419947,1.0723604617782152,-21.45105396981627,-0.05006596102746818,0.9987459134066061,1058.3087355672876,0.04,1.0,True,26,24684,3,-7.129418881233596,6.10223404691601,3.7165764435695525,-1.6980909612861028,True,1.5418986322998687,-4.857348051051996,5.064132719333029,0.6244944563308594,9.736122143364708,26.77881090430871,4.594763841466547,0.014696598445864285,False,False,0.12571115108917694,fold_holdout_114099,failed_auto_accept,auto_accept,margin_satisfied,0.8738808726839056,0.7481697215947286,2.820241844468082,59134,False,,,,
pass-114099-3-355,114099,3,104382,104407,36.81706619262695,24.0,incomplete_turnover,59201,58436.0,,off,3.6563422736220472,-23.932189140419947,1.0723604617782152,-21.45105396981627,-0.05006596102746818,0.9987459134066061,1058.3087355672876,0.04,1.0,True,26,59132,2,-19.02374507874016,-1.538214095308399,2.8194717847768835,0.17621698654855522,True,0.8228532285515092,-17.282647619353572,-1.4293955040967372,0.6240509731808324,39.643510891616906,20.91551069150897,17.32958573912561,0.020236853397701964,False,False,0.0003639780464186946,fold_holdout_114099,failed_auto_accept,auto_accept,margin_satisfied,0.8738808726839056,0.7481697215947286,2.820241844468082,59134,False,,,,
pass-114099-3-355,114099,3,104382,104407,36.81706619262695,24.0,incomplete_turnover,59201,58436.0,,off,3.6563422736220472,-23.932189140419947,1.0723604617782152,-21.45105396981627,-0.05006596102746818,0.9987459134066061,1058.3087355672876,0.04,1.0,True,26,18363,0,-18.91352936351706,-15.381500164041993,4.357365485564291,2.0505249343832244,True,6.056738024934383,-17.112640879987758,-14.534023230616429,0.4219137851613051,66.3049138564806,7.818805752145031,17.815887983967837,0.032611980332984875,False,False,4.3998180498837605e-05,fold_holdout_114099,failed_auto_accept,auto_accept,margin_satisfied,0.8738808726839056,0.7481697215947286,2.820241844468082,59134,False,,,,
pass-114099-4-373,114099,4,115333,115345,527.2767944335938,20.2,incomplete_turnover,24684,31700.0,,off,7.003824229002625,0.0018241211498190412,3.1366623605643045,-1.1157739193733596,-0.9207905592093292,-0.39005736253911544,36.98626388404229,0.48,0.48,False,13,59132,1,-19.902907644356954,-8.445599573490814,7.304995078739118,-1.4738147965877246,True,1.7189166051509186,-16.502802815366568,-9.131585635480105,0.4857145940226957,0.7553317072182626,21.210460498512273,0.2796342356117778,-0.09346858728446805,False,False,0.9955966294204249,fold_holdout_114099,failed_auto_accept,auto_accept,margin_satisfied,0.9955966294204249,0.9912972050879735,14.706476298981354,59132,True,,,,
pass-114099-4-373,114099,4,115333,115345,527.2767944335938,20.2,incomplete_turnover,24684,31700.0,,off,7.003824229002625,0.0018241211498190412,3.1366623605643045,-1.1157739193733596,-0.9207905592093292,-0.39005736253911544,36.98626388404229,0.48,0.48,False,13,59201,2,-25.759719488188978,-2.066544660433071,-3.3321030183722122,5.446706856954608,True,1.6316090981791338,-28.181804226180944,1.892632315130744,0.7276927501993341,28.444982711599582,27.664297360710947,14.98611053459313,-0.26796139040814826,False,False,0.004299424332451491,fold_holdout_114099,failed_auto_accept,auto_accept,margin_satisfied,0.9955966294204249,0.9912972050879735,14.706476298981354,59132,False,,,,
pass-114099-4-373,114099,4,115333,115345,527.2767944335938,20.2,incomplete_turnover,24684,31700.0,,off,7.003824229002625,0.0018241211498190412,3.1366623605643045,-1.1157739193733596,-0.9207905592093292,-0.39005736253911544,36.98626388404229,0.48,0.48,False,13,59134,0,-27.989665354330707,21.42798556430446,-9.22736220472311,3.844734251967896,True,0.8794829601377953,-37.359177887507144,25.0,1.028568411627449,55.776044902401274,27.101537492014778,39.84285871237232,-0.25274601557438536,False,True,9.60180711933807e-05,fold_holdout_114099,failed_auto_accept,auto_accept,margin_satisfied,0.9955966294204249,0.9912972050879735,14.706476298981354,59132,False,,,,
pass-114099-4-373,114099,4,115333,115345,527.2767944335938,20.2,incomplete_turnover,24684,31700.0,,off,7.003824229002625,0.0018241211498190412,3.1366623605643045,-1.1157739193733596,-0.9207905592093292,-0.39005736253911544,36.98626388404229,0.48,0.48,False,13,59131,3,-15.85312089895013,11.341966043307087,-1.4097358923882641,-1.1534202755903777,True,0.9507707410597113,-16.589115147951695,10.739788930487636,0.5222639900353139,53.96472664110154,13.538960126271757,18.610675095270008,0.1139462626255382,False,False,7.928175930195426e-06,fold_holdout_114099,failed_auto_accept,auto_accept,margin_satisfied,0.9955966294204249,0.9912972050879735,14.706476298981354,59132,False,,,,
pass-114099-4-436,114099,4,129960,129973,207.12307739257812,13.8,incomplete_turnover,28390,22895.0,,off,-21.174233103674318,-13.948695866141813,-24.75496227033996,-13.69622498359485,-0.7910953173602889,-0.6116928958641122,17.091048941116895,0.4,0.52,True,14,59189,3,-37.088869750656514,-22.671116305774277,3.8447342519642547,0.0,True,0.8617010642225167,-35.69492782204013,-22.671116305774277,0.3671169604484302,1.6526398251727359,14.144432782962497,0.40809528982052967,-0.42759301852646625,False,False,0.9999962834490205,fold_holdout_114099,failed_auto_accept,auto_accept,margin_satisfied,0.9999962834490205,0.9999926703420373,5.431279036903327,59189,True,,,,
pass-114099-4-436,114099,4,129960,129973,207.12307739257812,13.8,incomplete_turnover,28390,22895.0,,off,-21.174233103674318,-13.948695866141813,-24.75496227033996,-13.69622498359485,-0.7910953173602889,-0.6116928958641122,17.091048941116895,0.4,0.52,True,14,59187,0,-10.97287155511853,6.982037401574878,4.613681102356981,-0.8330257545922315,True,0.23733224142891068,-8.204662893704342,6.482221948819539,0.6,167.0705085498305,-25.435876975896214,5.839374326723856,,True,False,3.613106983181489e-06,fold_holdout_114099,failed_auto_accept,auto_accept,margin_satisfied,0.9999962834490205,0.9999926703420373,5.431279036903327,59189,False,,,,
pass-114099-4-436,114099,4,129960,129973,207.12307739257812,13.8,incomplete_turnover,28390,22895.0,,off,-21.174233103674318,-13.948695866141813,-24.75496227033996,-13.69622498359485,-0.7910953173602889,-0.6116928958641122,17.091048941116895,0.4,0.52,True,14,31700,1,-40.97974081364815,2.4910674007542215,-1.5378937007856308,4.085030142711887,True,0.7859277600065605,-41.90247703411953,4.9420854863813535,0.6,85.09750722562842,2.1643965285982905,25.23369309903436,0.27336081383564004,False,False,1.0122906861838268e-07,fold_holdout_114099,failed_auto_accept,auto_accept,margin_satisfied,0.9999962834490205,0.9999926703420373,5.431279036903327,59189,False,,,,
pass-114099-4-436,114099,4,129960,129973,207.12307739257812,13.8,incomplete_turnover,28390,22895.0,,off,-21.174233103674318,-13.948695866141813,-24.75496227033996,-13.69622498359485,-0.7910953173602889,-0.6116928958641122,17.091048941116895,0.4,0.52,True,14,59188,2,-39.70841535433073,22.67880577427825,0.2563156167974867,-0.3844734251964077,True,0.12273112619957202,-39.47673292079029,22.331282123967426,0.9039288578307025,105.48581730975535,-10.391446328566266,37.50639469037831,,True,True,2.214927852324063e-09,fold_holdout_114099,failed_auto_accept,auto_accept,margin_satisfied,0.9999962834490205,0.9999926703420373,5.431279036903327,59189,False,,,,
pass-114169-1-102,114169,1,23030,23037,103.14742279052734,9.280000000000001,incomplete_turnover,15362,34943.0,,off,-33.859292979002625,-11.149729330708661,-29.296875,-9.195322752624671,0.9726959602679118,0.23208310769740426,229.660396446185,0.24,0.28,True,8,8673,2,-16.942462270341206,5.203207020997375,5.382627952765073,-6.247693159459478,True,0.7357059188402231,-14.789411089235177,2.7041297572135843,0.4,25.93987646581771,16.873013458114404,8.207612076501299,0.16653059160738598,False,False,0.9142448931637805,fold_holdout_114169,failed_auto_accept,auto_accept,margin_satisfied,0.9142448931637805,0.8405360490510554,1.7560694004703592,8673,True,,,,
pass-114169-1-102,114169,1,23030,23037,103.14742279052734,9.280000000000001,incomplete_turnover,15362,34943.0,,off,-33.859292979002625,-11.149729330708661,-29.296875,-9.195322752624671,0.9726959602679118,0.23208310769740426,229.660396446185,0.24,0.28,True,8,59090,1,-24.093667979002625,1.4706108513779528,-12.046833989521843,-0.17621698654885498,True,0.7865685490485564,-27.74998975184782,1.4171274211900582,0.30530729848714816,68.28714846241554,3.9676194484984313,9.963681476971658,0.22272397196079846,False,False,0.07370884411272516,fold_holdout_114169,failed_auto_accept,auto_accept,margin_satisfied,0.9142448931637805,0.8405360490510554,1.7560694004703592,8673,False,,,,
pass-114169-1-102,114169,1,23030,23037,103.14742279052734,9.280000000000001,incomplete_turnover,15362,34943.0,,off,-33.859292979002625,-11.149729330708661,-29.296875,-9.195322752624671,0.9726959602679118,0.23208310769740426,229.660396446185,0.24,0.28,True,8,59036,3,-37.93471128608924,-22.325090223097114,0.2563156167983749,-0.0,True,0.6968580831692913,-37.83218503936989,-22.325090223097114,0.4,136.4465601733465,-11.349458832820774,10.790370498687766,,True,False,0.011552444814246365,fold_holdout_114169,failed_auto_accept,auto_accept,margin_satisfied,0.9142448931637805,0.8405360490510554,1.7560694004703592,8673,False,,,,
pass-114169-1-102,114169,1,23030,23037,103.14742279052734,9.280000000000001,incomplete_turnover,15362,34943.0,,off,-33.859292979002625,-11.149729330708661,-29.296875,-9.195322752624671,0.9726959602679118,0.23208310769740426,229.660396446185,0.24,0.28,True,8,24504,0,-37.03760662729659,22.85053723753281,0.5126312335965721,-0.12815780839918745,True,0.5626928775016404,-36.64491990307268,22.752365556476796,0.766052079024718,89.53315088349761,0.26710519343827954,32.78074445476657,0.2388369557939831,False,False,0.0004938179092480552,fold_holdout_114169,failed_auto_accept,auto_accept,margin_satisfied,0.9142448931637805,0.8405360490510554,1.7560694004703592,8673,False,,,,
pass-114169-1-25,114169,1,4450,4485,482.9725341796875,16.2,incomplete_turnover,30735,15394.0,,off,-16.968093832020998,8.45200746391076,-17.903645833333332,3.514727895341207,0.6360328136411416,-0.7716620114867212,7.390570468495091,1.4,1.4,False,36,59100,0,-35.67913385826772,23.247826443569554,-0.256315616797842,0.256315616797842,True,-0.07994844531762631,-35.83349877692299,23.402191362224823,0.6022902556805733,177.45989526661975,-26.750374878107326,1.1867070430841036,,True,False,0.616819123525709,fold_holdout_114169,failed_auto_accept,auto_accept,margin_satisfied,0.616819123525709,0.23603711274964145,15.815540019829564,59100,True,,,,
pass-114169-1-25,114169,1,4450,4485,482.9725341796875,16.2,incomplete_turnover,30735,15394.0,,off,-16.968093832020998,8.45200746391076,-17.903645833333332,3.514727895341207,0.6360328136411416,-0.7716620114867212,7.390570468495091,1.4,1.4,False,36,34943,3,-21.107591043307085,-19.749118274278214,0.128157808398921,0.6407890419946938,True,0.5674987953166011,-21.04010698087426,-19.411697962114044,0.5270046535760219,47.28664776343739,15.696559684818514,17.002247062913668,-0.7238630700743096,False,False,0.38078201077606755,fold_holdout_114169,failed_auto_accept,auto_accept,margin_satisfied,0.616819123525709,0.23603711274964145,15.815540019829564,59100,False,,,,
pass-114169-1-25,114169,1,4450,4485,482.9725341796875,16.2,incomplete_turnover,30735,15394.0,,off,-16.968093832020998,8.45200746391076,-17.903645833333332,3.514727895341207,0.6360328136411416,-0.7716620114867212,7.390570468495091,1.4,1.4,False,36,59096,2,-19.005802985564305,1.4866305774278215,0.384473425196763,-0.24029589074799906,True,0.39849068549048555,-18.928908300524952,1.4385713992782216,0.2,65.77803950413362,0.9499905261846415,2.1116597554851984,1.2714591072185413,False,False,0.0023366433666739996,fold_holdout_114169,failed_auto_accept,auto_accept,margin_satisfied,0.616819123525709,0.23603711274964145,15.815540019829564,59100,False,,,,
pass-114169-1-25,114169,1,4450,4485,482.9725341796875,16.2,incomplete_turnover,30735,15394.0,,off,-16.968093832020998,8.45200746391076,-17.903645833333332,3.514727895341207,0.6360328136411416,-0.7716620114867212,7.390570468495091,1.4,1.4,False,36,59101,1,-37.242659120734906,-22.55577427821522,-2.0505249343829135,-0.8971046587925358,True,0.7661433983349737,-38.875283444427325,-23.27004741983066,0.7981683176231936,77.55645663020739,7.330143920478898,33.21901206960192,0.4081761683044336,False,False,6.222233154952662e-05,fold_holdout_114169,failed_auto_accept,auto_accept,margin_satisfied,0.616819123525709,0.23603711274964145,15.815540019829564,59100,False,,,,
pass-114169-3-335,114169,3,109385,109402,61.12339782714844,9.36,incomplete_turnover,59096,24504.0,,off,-37.2682906824147,12.623544127296588,-34.9358185695538,8.862112450787402,0.25938735152796016,-0.965773369827161,17.50450838194567,0.28,0.68,True,18,59102,1,-29.37376968503937,-5.437095021325459,-8.971046587957154,10.316703576150665,True,1.291990905921916,-31.91605575162237,-2.5134660447550288,0.32,0.16685372658758818,11.769519056959245,0.03427466530476542,-0.39237072873742906,False,False,0.9821267540951459,fold_holdout_114169,failed_auto_accept,auto_accept,margin_satisfied,0.9821267540951459,0.9694009238594572,17.604966508181068,59102,True,,,,
pass-114169-3-335,114169,3,109385,109402,61.12339782714844,9.36,incomplete_turnover,59096,24504.0,,off,-37.2682906824147,12.623544127296588,-34.9358185695538,8.862112450787402,0.25938735152796016,-0.965773369827161,17.50450838194567,0.28,0.68,True,18,59097,2,-13.418122539370078,-0.6692240557332677,-2.8194717847865203,5.154346856562856,True,0.9371539739173228,-14.780397890991251,1.8211855714491887,0.48831235898836967,55.710361306620214,12.028000867709324,17.639241173485832,-0.40713731372856654,False,False,0.012725830235688757,fold_holdout_114169,failed_auto_accept,auto_accept,margin_satisfied,0.9821267540951459,0.9694009238594572,17.604966508181068,59102,False,,,,
pass-114169-3-335,114169,3,109385,109402,61.12339782714844,9.36,incomplete_turnover,59096,24504.0,,off,-37.2682906824147,12.623544127296588,-34.9358185695538,8.862112450787402,0.25938735152796016,-0.965773369827161,17.50450838194567,0.28,0.68,True,18,59099,0,-37.088869750656166,-23.15811597769029,1.2815780839938284,-0.7689468503963681,True,0.9683924397145669,-36.11258910311102,-23.74388436621743,0.7620357494008563,17.100655775455746,31.184764030476888,9.594076801998842,-1.5015275556462457,False,False,0.005147332802230919,fold_holdout_114169,failed_auto_accept,auto_accept,margin_satisfied,0.9821267540951459,0.9694009238594572,17.604966508181068,59102,False,,,,
pass-114169-3-335,114169,3,109385,109402,61.12339782714844,9.36,incomplete_turnover,59096,24504.0,,off,-37.2682906824147,12.623544127296588,-34.9358185695538,8.862112450787402,0.25938735152796016,-0.965773369827161,17.50450838194567,0.28,0.68,True,18,34943,3,-22.107221948818896,20.35145997375328,-2.819471784786476,0.25631561679873016,True,0.617560439222441,-23.235010662733487,20.45398622047277,0.4,119.69833083335713,-8.16008141947258,14.307114118235265,,True,False,8.286693459372315e-08,fold_holdout_114169,failed_auto_accept,auto_accept,margin_satisfied,0.9821267540951459,0.9694009238594572,17.604966508181068,59102,False,,,,
pass-114169-4-346,114169,4,116207,116220,591.5982055664062,15.639999999999999,incomplete_turnover,30735,59036.0,,off,-11.817431512467204,2.5836614173228396,-14.981647801837333,1.4100562869093975,-0.6547461526626082,-0.7558488443951693,39.245195224889244,0.44,0.52,True,14,59097,3,-35.920070538057736,-23.02483185695538,1.7942093175852492,-0.256315616797842,True,0.9712759904035422,-34.60676483411075,-23.212446957519198,0.732407923044878,2.3441619715091613,31.4603604958521,1.2878672382483956,-0.36163597901788463,False,False,0.9999690472422803,fold_holdout_114169,failed_auto_accept,auto_accept,margin_satisfied,0.9999690472422803,0.9999405108986242,11.464264208709245,59097,True,,,,
pass-114169-4-346,114169,4,116207,116220,591.5982055664062,15.639999999999999,incomplete_turnover,30735,59036.0,,off,-11.817431512467204,2.5836614173228396,-14.981647801837333,1.4100562869093975,-0.6547461526626082,-0.7558488443951693,39.245195224889244,0.44,0.52,True,14,59099,1,-12.44156003937008,-17.180835793963244,-0.7689468503937036,4.2292076771654585,True,0.5846399021899602,-12.749138779527561,-15.48915272309706,0.4,48.4260179935168,11.311520908263931,12.752131446957641,0.1517731013071842,False,False,2.853634365612636e-05,fold_holdout_114169,failed_auto_accept,auto_accept,margin_satisfied,0.9999690472422803,0.9999405108986242,11.464264208709245,59097,False,,,,
pass-114169-4-346,114169,4,116207,116220,591.5982055664062,15.639999999999999,incomplete_turnover,30735,59036.0,,off,-11.817431512467204,2.5836614173228396,-14.981647801837333,1.4100562869093975,-0.6547461526626082,-0.7558488443951693,39.245195224889244,0.44,0.52,True,14,59096,2,-31.901041666666682,3.941493397309724,-5.638943569553945,4.613681102362365,True,0.8974250533136515,-34.327460570651695,5.926745227842935,0.4381384024121433,62.241105369884316,9.252662364015308,17.57979493204363,0.2042345181112188,False,False,2.3971383252111775e-06,fold_holdout_114169,failed_auto_accept,auto_accept,margin_satisfied,0.9999690472422803,0.9999405108986242,11.464264208709245,59097,False,,,,
pass-114169-4-346,114169,4,116207,116220,591.5982055664062,15.639999999999999,incomplete_turnover,30735,59036.0,,off,-11.817431512467204,2.5836614173228396,-14.981647801837333,1.4100562869093975,-0.6547461526626082,-0.7558488443951693,39.245195224889244,0.44,0.52,True,14,34905,0,-24.48070456036745,22.166174540682416,0.7689468503937924,0.2563156167979308,True,0.5055024555036085,-24.083743690424626,22.29849483066336,0.5162407958929005,115.55452565594385,-9.82893987029727,20.556433430614966,,True,False,1.927573835956349e-08,fold_holdout_114169,failed_auto_accept,auto_accept,margin_satisfied,0.9999690472422803,0.9999405108986242,11.464264208709245,59097,False,,,,
pass-114169-4-389,114169,4,130327,130350,388.7520751953125,8.4,incomplete_turnover,59036,30735.0,,off,-46.17782152230972,2.3574628854985082,-42.94824475065577,5.634458046259706,0.9977214444190553,0.06746791345783344,23.919715155797345,0.92,0.92,False,24,24504,1,-9.937356463254623,13.233575295275596,-1.3456569881912461,0.2563156167983305,True,0.21770807701769795,-10.971668965803557,13.43058720052301,0.7694655896778588,9.833261583124914,32.42970394672406,5.620972392938832,-0.43577299877938447,False,False,0.9382444551717896,fold_holdout_114169,failed_auto_accept,auto_accept,margin_satisfied,0.9382444551717896,0.8764940225283088,8.865325660197563,24504,True,,,,
pass-114169-4-389,114169,4,130327,130350,388.7520751953125,8.4,incomplete_turnover,59036,30735.0,,off,-46.17782152230972,2.3574628854985082,-42.94824475065577,5.634458046259706,0.9977214444190553,0.06746791345783344,23.919715155797345,0.92,0.92,False,24,15362,0,-19.562007874015613,-3.342355643044735,6.023416994760922,-5.094272883866957,True,0.8178070148458141,-15.22514763778775,-7.010232119428943,0.72,28.38661177460436,26.80681763342062,14.486298053136395,-0.2006997014311659,False,False,0.061750432643480804,fold_holdout_114169,failed_auto_accept,auto_accept,margin_satisfied,0.9382444551717896,0.8764940225283088,8.865325660197563,24504,False,,,,
pass-114169-4-389,114169,4,130327,130350,388.7520751953125,8.4,incomplete_turnover,59036,30735.0,,off,-46.17782152230972,2.3574628854985082,-42.94824475065577,5.634458046259706,0.9977214444190553,0.06746791345783344,23.919715155797345,0.92,0.92,False,24,59092,3,-25.793040518372738,-18.057435203412073,-1.5378937007900717,0.0,True,0.8844490752132553,-26.875104525455466,-18.057435203412073,0.7043810020579366,59.71466956816579,14.43807407841578,24.722331187794026,0.31639439749279497,False,False,4.396691688906835e-06,fold_holdout_114169,failed_auto_accept,auto_accept,margin_satisfied,0.9382444551717896,0.8764940225283088,8.865325660197563,24504,False,,,,
pass-114169-4-389,114169,4,130327,130350,388.7520751953125,8.4,incomplete_turnover,59036,30735.0,,off,-46.17782152230972,2.3574628854985082,-42.94824475065577,5.634458046259706,0.9977214444190553,0.06746791345783344,23.919715155797345,0.92,0.92,False,24,59090,2,-42.99438156167978,-8.476357447506627,0.5126312335965721,-2.947629593180867,True,0.5291315514271543,-42.78932906824115,-9.655409284778974,0.4,93.27308147237356,-0.8730218616727222,15.26575022800788,,True,False,7.15493040517631e-07,fold_holdout_114169,failed_auto_accept,auto_accept,margin_satisfied,0.9382444551717896,0.8764940225283088,8.865325660197563,24504,False,,,,
pass-114234-1-75,114234,1,21090,21100,159.9709930419922,19.28,incomplete_turnover,59207,59110.0,,off,-13.289964730971128,-18.89046095800525,-12.867043963254593,-18.672592683727032,0.6069806735117373,0.7947165922410565,376.7086824948779,0.12,0.4,True,11,15780,2,-3.777451402559055,-13.559096128608923,-8.394336450145545,8.586573162744315,True,0.684442795480643,-5.816110362484654,-11.47375032227281,0.24267072679476204,7.033802164560914,10.000819895457337,1.233935738261538,0.09345211204259057,False,False,0.9985857363748486,fold_holdout_114234,failed_auto_accept,auto_accept,margin_satisfied,0.9985857363748486,0.9971884504182496,16.59416081131335,15780,True,,,,
pass-114234-1-75,114234,1,21090,21100,159.9709930419922,19.28,incomplete_turnover,59207,59110.0,,off,-13.289964730971128,-18.89046095800525,-12.867043963254593,-18.672592683727032,0.6069806735117373,0.7947165922410565,376.7086824948779,0.12,0.4,True,11,59206,3,0.10823327412442585,16.173515419947506,-12.94293741543792,-2.0505249343867327,True,0.8126006038795932,-9.896508660072287,14.588483202013322,0.7809223693024575,32.26797847926874,28.236186401202744,17.82809654957489,0.045045034231228076,False,False,0.0013972859565990947,fold_holdout_114234,failed_auto_accept,auto_accept,margin_satisfied,0.9985857363748486,0.9971884504182496,16.59416081131335,15780,False,,,,
pass-114234-1-75,114234,1,21090,21100,159.9709930419922,19.28,incomplete_turnover,59207,59110.0,,off,-13.289964730971128,-18.89046095800525,-12.867043963254593,-18.672592683727032,0.6069806735117373,0.7947165922410565,376.7086824948779,0.12,0.4,True,11,59527,0,-24.33716781496063,19.0186187664042,-8.842888779542601,0.12815780839918745,True,0.46256958968996065,-32.762285915110844,19.14072192727596,0.9551513741481505,65.12232918840918,17.974841169378575,38.76303005608832,0.0722845052300514,False,True,1.1816125685113387e-05,fold_holdout_114234,failed_auto_accept,auto_accept,margin_satisfied,0.9985857363748486,0.9971884504182496,16.59416081131335,15780,False,,,,
pass-114234-1-75,114234,1,21090,21100,159.9709930419922,19.28,incomplete_turnover,59207,59110.0,,off,-13.289964730971128,-18.89046095800525,-12.867043963254593,-18.672592683727032,0.6069806735117373,0.7947165922410565,376.7086824948779,0.12,0.4,True,11,23482,1,-25.13174622703412,0.2607210414616142,-13.200254265114353,-4.966115075467786,True,0.6792363845144357,-33.05189878610273,-2.718948003819057,0.6,89.0494721814523,0.42680935873212356,25.724793032471812,0.11886700419033233,False,False,5.161542867310698e-06,fold_holdout_114234,failed_auto_accept,auto_accept,margin_satisfied,0.9985857363748486,0.9971884504182496,16.59416081131335,15780,False,,,,
pass-114234-1-81,114234,1,21815,21837,130.9689483642578,1.2399999999999984,incomplete_turnover,23482,59110.0,,off,-30.450295275590552,17.006541174540683,-28.70734908136483,12.226254921259843,-0.29306330142664566,-0.9560930401152992,20.553296729506485,0.12,0.88,True,23,15780,2,-25.00358841863517,2.8402974286417324,-12.81578083991688,-2.8034520587318146,True,1.3144185223917322,-28.117718665403363,2.1590814371611913,0.24297478314086568,20.39340277435987,9.452355465456774,3.5140606342257836,-0.33989485725114327,False,False,0.963382555761961,fold_holdout_114234,failed_auto_accept,auto_accept,margin_satisfied,0.963382555761961,0.9364077855976904,14.102350672270452,15780,True,,,,
pass-114234-1-81,114234,1,21815,21837,130.9689483642578,1.2399999999999984,incomplete_turnover,23482,59110.0,,off,-30.450295275590552,17.006541174540683,-28.70734908136483,12.226254921259843,-0.29306330142664566,-0.9560930401152992,20.553296729506485,0.12,0.88,True,23,59206,3,-15.622436843832022,-10.701177001312336,-3.4602608267775725,-2.114603838586282,True,0.30036986343503935,-17.698593339898565,-11.969939304464106,0.6,41.50597013179551,19.907550594299014,17.616411306496236,-0.8485818706504425,False,False,0.02697477016427058,fold_holdout_114234,failed_auto_accept,auto_accept,margin_satisfied,0.963382555761961,0.9364077855976904,14.102350672270452,15780,False,,,,
pass-114234-1-81,114234,1,21815,21837,130.9689483642578,1.2399999999999984,incomplete_turnover,23482,59110.0,,off,-30.450295275590552,17.006541174540683,-28.70734908136483,12.226254921259843,-0.29306330142664566,-0.9560930401152992,20.553296729506485,0.12,0.88,True,23,59527,1,-35.78166010498688,-15.750594652230971,-1.025262467193322,-3.844734251975046,True,0.7176837270341208,-36.538805564321535,-18.58989012473601,0.7407246312751687,2.7824413450190644,31.75821429353459,1.54348016710117,-1.4251640051467866,False,False,0.0096400494708387,fold_holdout_114234,failed_auto_accept,auto_accept,margin_satisfied,0.963382555761961,0.9364077855976904,14.102350672270452,15780,False,,,,
pass-114234-1-81,114234,1,21815,21837,130.9689483642578,1.2399999999999984,incomplete_turnover,23482,59110.0,,off,-30.450295275590552,17.006541174540683,-28.70734908136483,12.226254921259843,-0.29306330142664566,-0.9560930401152992,20.553296729506485,0.12,0.88,True,23,59207,0,-22.965879265091864,12.758109826115485,3.716576443575903,1.9864460301870945,True,0.7385093708989501,-22.222563976376684,13.155399032152904,0.2,115.19532054361089,-2.7888007495991363,5.927759864883079,,True,False,2.6246029299507354e-06,fold_holdout_114234,failed_auto_accept,auto_accept,margin_satisfied,0.963382555761961,0.9364077855976904,14.102350672270452,15780,False,,,,
pass-114234-2-107,114234,2,30480,30515,591.844482421875,15.84,incomplete_turnover,15780,59104.0,,off,-13.764148622047244,9.079980725065617,-11.82255782480315,2.559952222769029,0.9170026826562234,-0.3988810348979876,15.123735139387659,1.4,1.4,False,36,23482,2,-26.784981955380577,16.224778543307085,-5.895259186351698,-1.1534202755905554,True,0.7060694256479658,-29.739674815153926,15.646686462047079,0.5049062900754043,167.36370281729623,-21.65009444241522,4.853772237127588,,True,False,0.9955257687438751,fold_holdout_114234,failed_auto_accept,auto_accept,margin_satisfied,0.9955257687438751,0.9931711312837781,17.486606436907906,23482,True,,,,
pass-114234-2-107,114234,2,30480,30515,591.844482421875,15.84,incomplete_turnover,15780,59104.0,,off,-13.764148622047244,9.079980725065617,-11.82255782480315,2.559952222769029,0.9170026826562234,-0.3988810348979876,15.123735139387659,1.4,1.4,False,36,59527,1,-35.49971292650918,-11.374005495406823,-2.050524934383091,0.7048679461942431,True,0.6800373708169292,-36.91654301588743,-10.886970152183014,0.6950053019651097,128.30657251896173,-17.647529425646052,22.34037867403549,,True,False,0.002354637460096987,fold_holdout_114234,failed_auto_accept,auto_accept,margin_satisfied,0.9955257687438751,0.9931711312837781,17.486606436907906,23482,False,,,,
pass-114234-2-107,114234,2,30480,30515,591.844482421875,15.84,incomplete_turnover,15780,59104.0,,off,-13.764148622047244,9.079980725065617,-11.82255782480315,2.559952222769029,0.9170026826562234,-0.3988810348979876,15.123735139387659,1.4,1.4,False,36,59206,3,-30.39903215223097,-15.648068405511811,-1.2815780839894764,-1.5378937007874072,True,0.7737527682086615,-31.2014314789207,-16.61094759753951,0.6289410741283505,111.80085928571039,-10.123570767431488,25.309631742468397,,True,False,0.0014303119680661941,fold_holdout_114234,failed_auto_accept,auto_accept,margin_satisfied,0.9955257687438751,0.9931711312837781,17.486606436907906,23482,False,,,,
pass-114234-2-107,114234,2,30480,30515,591.844482421875,15.84,incomplete_turnover,15780,59104.0,,off,-13.764148622047244,9.079980725065617,-11.82255782480315,2.559952222769029,0.9170026826562234,-0.3988810348979876,15.123735139387659,1.4,1.4,False,36,59207,0,-13.597543471128608,-5.802344775262467,-8.26617864173227,-4.837957267060378,True,1.193469590715223,-15.559231709371204,-6.950464635629261,0.24820806764771347,87.94178064763013,0.3669849424288212,10.211566118482994,1.3757345034777115,False,False,0.0006892818279617813,fold_holdout_114234,failed_auto_accept,auto_accept,margin_satisfied,0.9955257687438751,0.9931711312837781,17.486606436907906,23482,False,,,,
pass-114234-2-108,114234,2,30620,30635,586.24755859375,12.8,incomplete_turnover,28410,59527.0,,off,-49.69959809711286,0.2991683839812992,-45.880495406824146,-1.0084417548392388,0.9972208226931486,0.07450255557495887,160.53497443409938,0.52,0.6,True,16,59108,0,2.1658669619422573,-1.5699331528871392,-5.526805487204922,-1.1614301386155268,True,4.04658280019685,-3.089304932279719,-2.6742808697888587,0.9564394761461542,6.50201045398475,42.54815689780394,4.849262499132884,0.2549602038571961,False,True,0.7304052899609822,fold_holdout_114234,failed_auto_accept,auto_accept,margin_satisfied,0.7304052899609822,0.47373919310773566,1.3586121739106503,59108,True,,,,
pass-114234-2-108,114234,2,30620,30635,586.24755859375,12.8,incomplete_turnover,28410,59527.0,,off,-49.69959809711286,0.2991683839812992,-45.880495406824146,-1.0084417548392388,0.9972208226931486,0.07450255557495887,160.53497443409938,0.52,0.6,True,16,59103,3,2.649662688648294,-3.662109375,-7.208876722441204,-0.48059178149608694,True,3.3385109087926508,-4.087353532670965,-4.1112437897546235,0.9441273324565006,8.518598491692469,41.44582464163013,6.207874673043534,0.261826821303392,False,True,0.25666609685324654,fold_holdout_114234,failed_auto_accept,auto_accept,margin_satisfied,0.7304052899609822,0.47373919310773566,1.3586121739106503,59108,False,,,,
pass-114234-2-108,114234,2,30620,30635,586.24755859375,12.8,incomplete_turnover,28410,59527.0,,off,-49.69959809711286,0.2991683839812992,-45.880495406824146,-1.0084417548392388,0.9972208226931486,0.07450255557495887,160.53497443409938,0.52,0.6,True,16,59104,2,-46.90575787401575,-7.023047900262467,4.1010498687665375,-1.9223671259843256,True,1.5066552349901574,-46.08554790026244,-7.407521325459332,0.2,96.10800227883902,-0.6812303975405254,6.366018459104519,,True,False,0.009284436668774038,fold_holdout_114234,failed_auto_accept,auto_accept,margin_satisfied,0.7304052899609822,0.47373919310773566,1.3586121739106503,59108,False,,,,
pass-114234-2-108,114234,2,30620,30635,586.24755859375,12.8,incomplete_turnover,28410,59527.0,,off,-49.69959809711286,0.2991683839812992,-45.880495406824146,-1.0084417548392388,0.9972208226931486,0.07450255557495887,160.53497443409938,0.52,0.6,True,16,59107,1,-17.583251312335957,12.48897842847769,-4.61368110236231,-0.2563156167978864,True,4.687371842191601,-20.73746488275059,12.313744341232447,0.6941662631961322,23.644508127549805,26.065690494218103,11.411941349853155,0.35763232537892714,False,False,0.003644176516997118,fold_holdout_114234,failed_auto_accept,auto_accept,margin_satisfied,0.7304052899609822,0.47373919310773566,1.3586121739106503,59108,False,,,,
pass-114234-2-109,114234,2,30682,30690,583.7689208984375,22.0,incomplete_turnover,59104,59207.0,,def,30.875779199475026,19.2518659776903,29.583948490813604,11.499600147637782,-0.9479931045639752,-0.3182908633611027,17.464670146682405,0.32,0.32,False,9,59103,3,3.885103961614143,3.001135478182413,-10.669137549212993,-0.6728284940945128,True,2.0034269397965883,-4.476667931888074,2.4738165299435346,0.829031383650102,3.717807619270436,35.162053966106086,2.2848023749324327,-1.6933248249630115,False,False,0.6481943527138639,fold_holdout_114234,failed_auto_accept,auto_accept,margin_satisfied,0.6481943527138639,0.4329456746608987,3.671046315637266,59103,True,,,,
pass-114234-2-109,114234,2,30682,30690,583.7689208984375,22.0,incomplete_turnover,59104,59207.0,,def,30.875779199475026,19.2518659776903,29.583948490813604,11.499600147637782,-0.9479931045639752,-0.3182908633611027,17.464670146682405,0.32,0.32,False,9,59108,0,-5.79978161909451,3.0940498892716546,-7.65742905183755,0.36845369914699777,True,2.564758140583987,-13.114685295749103,3.446022241914033,0.9648844111506678,7.878269351837987,43.04139066872254,5.955848690569699,-2.1444834575875857,False,True,0.21524867805296521,fold_holdout_114234,failed_auto_accept,auto_accept,margin_satisfied,0.6481943527138639,0.4329456746608987,3.671046315637266,59103,False,,,,
pass-114234-2-109,114234,2,30682,30690,583.7689208984375,22.0,incomplete_turnover,59104,59207.0,,def,30.875779199475026,19.2518659776903,29.583948490813604,11.499600147637782,-0.9479931045639752,-0.3182908633611027,17.464670146682405,0.32,0.32,False,9,59107,2,5.219226747047204,-13.05543594160105,-14.097358923885016,-0.1922367125984259,True,1.8627737450787396,-8.393702221960206,-13.241066791178419,0.9900887626509882,14.522771163794104,43.87727924333401,11.3660424265165,-2.1923451445012807,False,True,0.13654837774168158,fold_holdout_114234,failed_auto_accept,auto_accept,margin_satisfied,0.6481943527138639,0.4329456746608987,3.671046315637266,59103,False,,,,
pass-114234-2-109,114234,2,30682,30690,583.7689208984375,22.0,incomplete_turnover,59104,59207.0,,def,30.875779199475026,19.2518659776903,29.583948490813604,11.499600147637782,-0.9479931045639752,-0.3182908633611027,17.464670146682405,0.32,0.32,False,9,28410,1,47.40813648293961,0.08491456039308629,-8.458415354330917,0.23228602772310536,True,3.1914498236548536,44.024770341207244,0.17782897148232843,0.4,123.34354894760408,-10.08618321597459,15.329342660852205,,True,False,8.591491489291466e-06,fold_holdout_114234,failed_auto_accept,auto_accept,margin_satisfied,0.6481943527138639,0.4329456746608987,3.671046315637266,59103,False,,,,
pass-114234-3-264,114234,3,82940,82955,386.80419921875,19.32,incomplete_turnover,58771,59205.0,,off,-39.0625,2.41577468832021,-35.474081364829395,7.138389927821522,0.48476160489575953,0.8746463207599329,19.949982197379992,0.52,0.6,True,16,59104,1,-20.71030183727034,17.647330216535433,-9.73999343832297,-0.3844734251969406,True,0.5795135898540026,-24.606299212599527,17.493540846456657,0.4,17.38683237451977,14.325378169670502,4.485686096012952,-0.1980647094287551,False,False,0.999993081894642,fold_holdout_114234,failed_auto_accept,auto_accept,margin_satisfied,0.999993081894642,0.999986565768999,1.5872975400502591,59104,True,,,,
pass-114234-3-264,114234,3,82940,82955,386.80419921875,19.32,incomplete_turnover,58771,59205.0,,off,-39.0625,2.41577468832021,-35.474081364829395,7.138389927821522,0.48476160489575953,0.8746463207599329,19.949982197379992,0.52,0.6,True,16,24280,0,-31.32176837270341,-2.7730145792322833,-10.25262467191892,5.879239460303509,True,1.2199021386975066,-33.37229330708719,-1.5971666871715815,0.2,137.47482994078445,-6.62165630107196,6.072983636063211,,True,False,6.516125642995192e-06,fold_holdout_114234,failed_auto_accept,auto_accept,margin_satisfied,0.999993081894642,0.999986565768999,1.5872975400502591,59104,False,,,,
pass-114234-3-264,114234,3,82940,82955,386.80419921875,19.32,incomplete_turnover,58771,59205.0,,off,-39.0625,2.41577468832021,-35.474081364829395,7.138389927821522,0.48476160489575953,0.8746463207599329,19.949982197379992,0.52,0.6,True,16,59110,2,-18.698224245406823,2.7313632915026247,-14.866305774282473,-1.4577950705384701,True,1.2046833989501313,-23.13030921675584,2.2967515109069794,0.3307380050454202,82.41991030225877,1.749065569163463,13.143475302919924,0.432327462157176,False,False,3.110003443433952e-07,fold_holdout_114234,failed_auto_accept,auto_accept,margin_satisfied,0.999993081894642,0.999986565768999,1.5872975400502591,59104,False,,,,
pass-114234-3-264,114234,3,82940,82955,386.80419921875,19.32,incomplete_turnover,58771,59205.0,,off,-39.0625,2.41577468832021,-35.474081364829395,7.138389927821522,0.48476160489575953,0.8746463207599329,19.949982197379992,0.52,0.6,True,16,59105,3,-29.37376968503937,-20.953801673228345,-1.7942093175858709,0.1281578083990098,True,0.45936564447998685,-30.61529901989408,-20.865121006452995,0.6923928762175152,141.15996693072736,-22.13781667965373,17.824743004585855,,True,False,9.097937064490718e-08,fold_holdout_114234,failed_auto_accept,auto_accept,margin_satisfied,0.999993081894642,0.999986565768999,1.5872975400502591,59104,False,,,,
pass-114234-3-328,114234,3,100045,100117,118.62459564208984,20.28,incomplete_turnover,59108,59207.0,,off,5.69341063812336,-6.6770218175853016,3.127050524934383,-7.37548187335958,-0.7376498901587402,0.6751834117843821,22.427994925558508,2.2,2.88,True,73,28410,0,-11.00234785104987,18.544434875328083,-19.287750164042006,-2.5631561679790416,True,0.8250158915682415,-27.87184393745166,16.302641375473993,0.9051151024223695,5.094440655951785,38.85340713501999,3.463774310990601,0.4676379558681192,False,True,0.9990167978227291,fold_holdout_114234,failed_auto_accept,auto_accept,margin_satisfied,0.9990167978227291,0.9981454954771455,3.7955041019327647,28410,True,,,,
pass-114234-3-328,114234,3,100045,100117,118.62459564208984,20.28,incomplete_turnover,59108,59207.0,,off,5.69341063812336,-6.6770218175853016,3.127050524934383,-7.37548187335958,-0.7376498901587402,0.6751834117843821,22.427994925558508,2.2,2.88,True,73,59103,3,-9.393967355643044,3.312879347112861,-18.390645505249335,-0.9932230150918597,True,0.8077946860646326,-18.74971673253863,2.807603683900732,0.5701604120738604,17.50759996032889,23.012845413546575,7.259278412923366,1.1739231933157974,False,False,0.0008713023455836315,fold_holdout_114234,failed_auto_accept,auto_accept,margin_satisfied,0.9990167978227291,0.9981454954771455,3.7955041019327647,28410,False,,,,
pass-114234-3-328,114234,3,100045,100117,118.62459564208984,20.28,incomplete_turnover,59108,59207.0,,off,5.69341063812336,-6.6770218175853016,3.127050524934383,-7.37548187335958,-0.7376498901587402,0.6751834117843821,22.427994925558508,2.2,2.88,True,73,59107,1,0.23589046608431757,-22.401984908136484,-18.27450249138779,-1.4097358923884862,True,0.9539746862696851,-7.0739105304707985,-22.96587926509188,0.4,99.27124888649871,-3.001639899990927,18.38777461241052,,True,False,0.00011148638633921828,fold_holdout_114234,failed_auto_accept,auto_accept,margin_satisfied,0.9990167978227291,0.9981454954771455,3.7955041019327647,28410,False,,,,
pass-114234-3-328,114234,3,100045,100117,118.62459564208984,20.28,incomplete_turnover,59108,59207.0,,off,5.69341063812336,-6.6770218175853016,3.127050524934383,-7.37548187335958,-0.7376498901587402,0.6751834117843821,22.427994925558508,2.2,2.88,True,73,59104,2,17.724224901574804,14.49464812992126,-11.406044947506544,0.2563156167978864,True,0.47979079519356954,11.60358926305021,14.63219050382068,0.5466882513307438,68.59643856183071,8.606497451960024,21.957175457000083,1.816260950632184,False,False,4.1344534798580447e-07,fold_holdout_114234,failed_auto_accept,auto_accept,margin_satisfied,0.9990167978227291,0.9981454954771455,3.7955041019327647,28410,False,,,,
pass-114234-3-346,114234,3,105432,105472,30.355257034301758,10.56,incomplete_turnover,59104,23482.0,,off,-42.163918963254595,14.220390419947506,-38.60113188976378,7.693313238188977,-0.8240925422581712,0.566455189573248,6.423398372510583,0.92,1.6,True,41,59103,3,-34.17199803149606,-0.9217750369094487,-2.306840551180933,1.5939627419619433,True,8.722420439632545,-34.6463117539912,-0.5940374300464649,0.2076854525004475,150.0144226982999,-7.953550573697921,4.589315491033945,,True,False,0.8540477315271766,fold_holdout_114234,failed_auto_accept,auto_accept,margin_satisfied,0.8540477315271766,0.7721083040013232,3.7574472228853484,59103,True,,,,
pass-114234-3-346,114234,3,105432,105472,30.355257034301758,10.56,incomplete_turnover,59104,23482.0,,off,-42.163918963254595,14.220390419947506,-38.60113188976378,7.693313238188977,-0.8240925422581712,0.566455189573248,6.423398372510583,0.92,1.6,True,41,59108,0,-35.20238681102362,-5.762615854658793,-4.6136811023622215,6.6642060367454015,True,1.5708943364501313,-36.51177996682192,-3.871270185172369,0.2946393235066141,134.74445370909908,-8.272637633264948,8.346762713919293,,True,False,0.08193942752585343,fold_holdout_114234,failed_auto_accept,auto_accept,margin_satisfied,0.8540477315271766,0.7721083040013232,3.7574472228853484,59103,False,,,,
pass-114234-3-346,114234,3,105432,105472,30.355257034301758,10.56,incomplete_turnover,59104,23482.0,,off,-42.163918963254595,14.220390419947506,-38.60113188976378,7.693313238188977,-0.8240925422581712,0.566455189573248,6.423398372510583,0.92,1.6,True,41,28410,1,-26.815739829396325,-18.91352936351706,9.227362204724354,4.357365485564291,True,1.2538639579232285,-20.17203904199479,-15.776226213910771,0.72,162.64363041315204,-28.481720395965812,8.901817149963357,,True,False,0.06349929821321752,fold_holdout_114234,failed_auto_accept,auto_accept,margin_satisfied,0.8540477315271766,0.7721083040013232,3.7574472228853484,59103,False,,,,
pass-114234-3-346,114234,3,105432,105472,30.355257034301758,10.56,incomplete_turnover,59104,23482.0,,off,-42.163918963254595,14.220390419947506,-38.60113188976378,7.693313238188977,-0.8240925422581712,0.566455189573248,6.423398372510583,0.92,1.6,True,41,59107,2,-29.896653543307085,20.479617782152232,-0.7689468503937036,-0.0,True,1.108885437171916,-30.204232283464567,20.479617782152232,0.4,88.7899203190397,0.3230462207502338,15.293565576035636,0.8697078957249897,False,False,0.0005135427337523416,fold_holdout_114234,failed_auto_accept,auto_accept,margin_satisfied,0.8540477315271766,0.7721083040013232,3.7574472228853484,59103,False,,,,
pass-114234-4-420,114234,4,134880,134897,236.05995178222656,12.04,incomplete_turnover,58474,35222.0,,off,-16.10943651574803,18.185593011811022,-17.531988188976378,16.519541502624673,-0.8315127343361791,-0.5555056909130371,22.130693598888758,0.68,0.68,False,18,59106,2,-27.348876312335957,0.6247693159448818,-2.3068405511758705,-0.5687002747690489,True,18.083066765091864,-28.315378831535682,0.3864995976699509,0.4202923125028481,22.495519328118593,17.92852322855051,7.424594918268975,-0.1301202589263063,False,False,0.9930608550331529,fold_holdout_114234,failed_auto_accept,auto_accept,margin_satisfied,0.9930608550331529,0.9877312213394368,11.892892158583582,59106,True,,,,
pass-114234-4-420,114234,4,134880,134897,236.05995178222656,12.04,incomplete_turnover,58474,35222.0,,off,-16.10943651574803,18.185593011811022,-17.531988188976378,16.519541502624673,-0.8315127343361791,-0.5555056909130371,22.130693598888758,0.68,0.68,False,18,59107,1,-40.36970964566929,-22.85053723753281,-0.0,0.8971046587905818,True,0.7997848230396981,-40.36970964566929,-21.969311393996264,0.982407112444606,25.57127549113499,40.37063303525042,19.317487076852558,-1.144191946576746,False,True,0.005329633693716126,fold_holdout_114234,failed_auto_accept,auto_accept,margin_satisfied,0.9930608550331529,0.9877312213394368,11.892892158583582,59106,False,,,,
pass-114234-4-420,114234,4,134880,134897,236.05995178222656,12.04,incomplete_turnover,58474,35222.0,,off,-16.10943651574803,18.185593011811022,-17.531988188976378,16.519541502624673,-0.8315127343361791,-0.5555056909130371,22.130693598888758,0.68,0.68,False,18,59108,0,-38.26792158792651,22.786458333333332,-0.0,0.12815780839865454,True,0.7613374805200132,-38.26792158792651,22.849899712169456,0.49502572813362156,50.722168469843716,13.725642668653734,16.782702473656578,0.059791572852333275,False,False,0.0015170136470865877,fold_holdout_114234,failed_auto_accept,auto_accept,margin_satisfied,0.9930608550331529,0.9877312213394368,11.892892158583582,59106,False,,,,
pass-114234-4-420,114234,4,134880,134897,236.05995178222656,12.04,incomplete_turnover,58474,35222.0,,off,-16.10943651574803,18.185593011811022,-17.531988188976378,16.519541502624673,-0.8315127343361791,-0.5555056909130371,22.130693598888758,0.68,0.68,False,18,59110,3,-17.91646161417323,6.116331405839895,-3.0757874015677977,2.434998359574503,True,0.7949789052247376,-18.63562861883898,6.685671951200278,0.23558577835371294,49.851022533883835,6.380461571071695,7.563909220299808,0.39169174872169055,False,False,9.249762604420051e-05,fold_holdout_114234,failed_auto_accept,auto_accept,margin_satisfied,0.9930608550331529,0.9877312213394368,11.892892158583582,59106,False,,,,
pass-114234-4-437,114234,4,142120,142135,124.06917572021484,7.199999999999999,incomplete_turnover,58474,59205.0,,off,-17.147514763779526,-6.888482201443569,-19.81319717847769,-6.065068282480315,-0.9416935174069017,0.3364718699591656,29.963121717349722,0.12,0.6,True,16,59106,1,-36.499343832021,-1.0661127686187664,-3.588418635170676,5.3425786376312345,True,1.1398035084481628,-38.01761691914743,1.1943518499377235,0.42796587839944505,2.078682567248488,19.58557472471683,0.7108737271665229,-0.5336560145325606,False,False,0.9243368327554872,fold_holdout_114234,failed_auto_accept,auto_accept,margin_satisfied,0.9243368327554872,0.8584188689236484,21.383104453543133,59106,True,,,,
pass-114234-4-437,114234,4,142120,142135,124.06917572021484,7.199999999999999,incomplete_turnover,58474,59205.0,,off,-17.147514763779526,-6.888482201443569,-19.81319717847769,-6.065068282480315,-0.9416935174069017,0.3364718699591656,29.963121717349722,0.12,0.6,True,16,28410,0,-34.62823982939633,22.581405839895012,0.7689468503937036,-0.128157808398921,True,0.31498786345554464,-34.0565897581386,22.486130828018748,0.7435203038376781,43.824611350961796,23.01958581243433,22.093978180709655,-0.6482639355666724,False,False,0.06591796383183882,fold_holdout_114234,failed_auto_accept,auto_accept,margin_satisfied,0.9243368327554872,0.8584188689236484,21.383104453543133,59106,False,,,,
pass-114234-4-437,114234,4,142120,142135,124.06917572021484,7.199999999999999,incomplete_turnover,58474,59205.0,,off,-17.147514763779526,-6.888482201443569,-19.81319717847769,-6.065068282480315,-0.9416935174069017,0.3364718699591656,29.963121717349722,0.12,0.6,True,16,59105,3,-17.147514763779526,17.531988188976378,-1.922367125984259,0.6407890419947826,True,0.6483984118684383,-18.233234424384612,17.893894742511424,0.5650261120429196,74.11081455862731,6.573676408027671,23.093613186761903,-0.09939224056955576,False,False,0.009640901076850021,fold_holdout_114234,failed_auto_accept,auto_accept,margin_satisfied,0.9243368327554872,0.8584188689236484,21.383104453543133,59106,False,,,,
pass-114234-4-437,114234,4,142120,142135,124.06917572021484,7.199999999999999,incomplete_turnover,58474,59205.0,,off,-17.147514763779526,-6.888482201443569,-19.81319717847769,-6.065068282480315,-0.9416935174069017,0.3364718699591656,29.963121717349722,0.12,0.6,True,16,58771,2,-28.09219160104987,-22.376353346456693,-0.5126312335957728,0.2563156167979308,True,0.6195629049786745,-28.29724409448818,-22.27382709973752,0.4,82.03344487341671,2.5355805932234476,18.11832623407441,0.03537662139671996,False,False,0.00010430233582408954,fold_holdout_114234,failed_auto_accept,auto_accept,margin_satisfied,0.9243368327554872,0.8584188689236484,21.383104453543133,59106,False,,,,
pass-114243-1-77,114243,1,18625,18640,263.8471984863281,18.8,incomplete_turnover,59220,59183.0,,off,-33.115977690288716,-7.862481545275591,-34.987081692913385,-8.041902477034121,-0.6059369137880322,0.7955127004071241,11.177149147255662,0.52,0.6,True,16,59219,3,-38.98560531496063,-0.034717750048699966,-8.458415354321147,2.5624052433175013,True,1.0292673987040681,-41.32128254854959,0.6728558721177891,0.3079504371209076,1.2852845755976676,10.770827065507081,0.24165655090532123,-0.44364707347147236,False,False,0.9993247734769761,fold_holdout_114243,failed_auto_accept,auto_accept,margin_satisfied,0.9993247734769761,0.9986497536200535,15.844638275397166,59219,True,,,,
pass-114243-1-77,114243,1,18625,18640,263.8471984863281,18.8,incomplete_turnover,59220,59183.0,,off,-33.115977690288716,-7.862481545275591,-34.987081692913385,-8.041902477034121,-0.6059369137880322,0.7955127004071241,11.177149147255662,0.52,0.6,True,16,28648,1,-36.755659448818896,22.466063812335957,-1.5378937007856308,-0.25631561679766435,True,0.27413756202837924,-37.86294291338455,22.28151656824164,0.72,31.878586804527917,25.865255442699116,16.08629482630249,-1.794119199979526,False,False,0.0006750198569226828,fold_holdout_114243,failed_auto_accept,auto_accept,margin_satisfied,0.9993247734769761,0.9986497536200535,15.844638275397166,59219,False,,,,
pass-114243-1-77,114243,1,18625,18640,263.8471984863281,18.8,incomplete_turnover,59220,59183.0,,off,-33.115977690288716,-7.862481545275591,-34.987081692913385,-8.041902477034121,-0.6059369137880322,0.7955127004071241,11.177149147255662,0.52,0.6,True,16,35028,0,-41.13865649606299,-21.37672244094488,4.613681102356892,-5.8952591863450365,True,0.5214420829232284,-39.293184055120236,-23.734826115482896,0.4,127.3595442894009,-9.8746936850942,12.934480836181574,,True,False,1.7805671014019848e-07,fold_holdout_114243,failed_auto_accept,auto_accept,margin_satisfied,0.9993247734769761,0.9986497536200535,15.844638275397166,59219,False,,,,
pass-114243-1-77,114243,1,18625,18640,263.8471984863281,18.8,incomplete_turnover,59220,59183.0,,off,-33.115977690288716,-7.862481545275591,-34.987081692913385,-8.041902477034121,-0.6059369137880322,0.7955127004071241,11.177149147255662,0.52,0.6,True,16,28247,2,-8.612204724409448,-3.514727895341207,-8.138020833324067,-0.12815780839879887,True,3.8094908546587924,-12.671106728036548,-3.578647611933757,0.5155939847213687,115.98621137922837,-9.971497068047235,20.457092384935283,,True,False,2.8609391044595825e-08,fold_holdout_114243,failed_auto_accept,auto_accept,margin_satisfied,0.9993247734769761,0.9986497536200535,15.844638275397166,59219,False,,,,
pass-114243-2-216,114243,2,51393,51405,236.81988525390625,10.2,incomplete_turnover,59233,59184.0,,off,-9.176099081364828,-9.317072670603675,-9.669506643700787,-4.8347533218503935,0.16471374722058507,0.9863414122283184,28.885619549649892,0.4,0.48,True,13,59220,1,-8.714730971128608,11.598281660104986,3.2039452099737353,-1.0252624671916344,True,0.9788052616469816,-7.433152887139114,11.188176673228332,0.4,1.5350432697994008,16.17243760673554,0.4333885184533819,-0.1598785090601097,False,False,0.9997009609936253,fold_holdout_114243,failed_auto_accept,auto_accept,margin_satisfied,0.9997009609936253,0.999402143899129,30.893592908749312,59220,True,,,,
pass-114243-2-216,114243,2,51393,51405,236.81988525390625,10.2,incomplete_turnover,59233,59184.0,,off,-9.176099081364828,-9.317072670603675,-9.669506643700787,-4.8347533218503935,0.16471374722058507,0.9863414122283184,28.885619549649892,0.4,0.48,True,13,59217,3,-34.576976706036746,21.197301509186353,-2.5631561679789527,1.4097358923884862,True,0.3674524662688648,-36.87226591904929,22.45971057634331,0.8970139310091255,54.384192098778335,22.440991652377047,31.326981427202693,-0.37689147756739194,False,True,0.0002988170944963075,fold_holdout_114243,failed_auto_accept,auto_accept,margin_satisfied,0.9997009609936253,0.999402143899129,30.893592908749312,59220,False,,,,
pass-114243-2-216,114243,2,51393,51405,236.81988525390625,10.2,incomplete_turnover,59233,59184.0,,off,-9.176099081364828,-9.317072670603675,-9.669506643700787,-4.8347533218503935,0.16471374722058507,0.9863414122283184,28.885619549649892,0.4,0.48,True,13,25326,0,-17.160330544619423,-4.741838910761155,-7.304995078740184,4.3253260334645605,True,1.1045601111384513,-18.631139433261385,-3.8709652266968395,0.2019674846573446,93.34226492962824,-0.5254800071207936,8.997978690206137,,True,False,2.1968229011167376e-07,fold_holdout_114243,failed_auto_accept,auto_accept,margin_satisfied,0.9997009609936253,0.999402143899129,30.893592908749312,59220,False,,,,
pass-114243-2-216,114243,2,51393,51405,236.81988525390625,10.2,incomplete_turnover,59233,59184.0,,off,-9.176099081364828,-9.317072670603675,-9.669506643700787,-4.8347533218503935,0.16471374722058507,0.9863414122283184,28.885619549649892,0.4,0.48,True,13,28648,2,-41.446235236220474,-23.08122129265092,-0.2563156167980196,-0.6407890419947826,True,1.7445481668307086,-41.671731206175124,-23.644961217537304,0.8799454072453462,129.92668714349023,-23.824493347219892,28.46681954090189,,True,False,2.2295881156725685e-09,fold_holdout_114243,failed_auto_accept,auto_accept,margin_satisfied,0.9997009609936253,0.999402143899129,30.893592908749312,59220,False,,,,
pass-114243-2-258,114243,2,66070,66083,19.006000518798828,4.399999999999999,incomplete_turnover,59220,18503.0,,off,-24.952325295276054,4.455406208989686,-26.71833989501374,0.11566242207940713,-0.4495133783019665,-0.8932735990319836,10.441913320445174,0.32,0.52,True,14,59301,2,-29.0508120078744,-5.052621596128449,-8.458415354359516,3.5243397309831392,True,0.745558050360911,-30.742495078746302,-4.347753649931821,0.2,15.324923186737688,5.795963330073663,1.5883063467389364,-0.2350671751627375,False,False,0.9913710935456264,fold_holdout_114243,failed_auto_accept,auto_accept,margin_satisfied,0.9913710935456264,0.9827539865439004,9.899936295696769,59301,True,,,,
pass-114243-2-258,114243,2,66070,66083,19.006000518798828,4.399999999999999,incomplete_turnover,59220,18503.0,,off,-24.952325295276054,4.455406208989686,-26.71833989501374,0.11566242207940713,-0.4495133783019665,-0.8932735990319836,10.441913320445174,0.32,0.52,True,14,59219,3,-23.360605314960463,-17.352567257217675,3.716576443582209,3.844734251981574,True,0.5527606473507088,-21.87397473752758,-15.814673556425046,0.4,43.62681897232476,12.052541605637424,11.488242642435706,-0.8342464714812996,False,False,0.008617107001725905,fold_holdout_114243,failed_auto_accept,auto_accept,margin_satisfied,0.9913710935456264,0.9827539865439004,9.899936295696769,59301,False,,,,
pass-114243-2-258,114243,2,66070,66083,19.006000518798828,4.399999999999999,incomplete_turnover,59220,18503.0,,off,-24.952325295276054,4.455406208989686,-26.71833989501374,0.11566242207940713,-0.4495133783019665,-0.8932735990319836,10.441913320445174,0.32,0.52,True,14,35028,0,-20.774380741469844,19.972112860892317,-0.6407890419969142,-1.5378937007926474,True,0.4005332005618656,-21.057143169107505,19.293483034561913,0.4432260089042409,169.7338697199687,-19.67582450559615,3.563689357807754,,True,False,1.17867882947904e-05,fold_holdout_114243,failed_auto_accept,auto_accept,margin_satisfied,0.9913710935456264,0.9827539865439004,9.899936295696769,59301,False,,,,
pass-114243-2-258,114243,2,66070,66083,19.006000518798828,4.399999999999999,incomplete_turnover,59220,18503.0,,off,-24.952325295276054,4.455406208989686,-26.71833989501374,0.11566242207940713,-0.4495133783019665,-0.8932735990319836,10.441913320445174,0.32,0.52,True,14,28648,1,-38.016732283464734,21.379285597112652,-3.588418635182933,-4.613681102377942,True,0.7908938750820731,-39.87842752344,18.985677431430226,0.5210171837109364,118.39532981371102,-10.940450772586553,20.237883034882707,,True,False,1.2664352970017156e-08,fold_holdout_114243,failed_auto_accept,auto_accept,margin_satisfied,0.9913710935456264,0.9827539865439004,9.899936295696769,59301,False,,,,
pass-114243-2-259,114243,2,66173,66190,14.88599967956543,0.0,incomplete_turnover,18503,59220.0,,off,-13.495017224409448,15.31485810367454,-14.635621719160104,12.41208374343832,-0.8217671979159815,-0.5698233695008622,34.62176822915217,0.6,0.68,True,18,59180,3,-27.32324475065617,-11.700807906824148,-17.813935367454103,6.984600557742793,True,1.0540979740813647,-40.14927821522312,-6.671895505249337,0.7411715205940003,2.0582393555624012,31.840783366332317,1.1443104394066026,-0.31967525042588063,False,False,0.9999979351088272,fold_holdout_114243,failed_auto_accept,auto_accept,margin_satisfied,0.9999979351088272,0.9999965563114245,16.616622305744965,59180,True,,,,
pass-114243-2-259,114243,2,66173,66190,14.88599967956543,0.0,incomplete_turnover,18503,59220.0,,off,-13.495017224409448,15.31485810367454,-14.635621719160104,12.41208374343832,-0.8217671979159815,-0.5698233695008622,34.62176822915217,0.6,0.68,True,18,59184,1,-28.68171751968504,16.6989624343832,-13.072096456692961,7.433152887139105,True,0.20345052083333334,-34.69300500177911,20.117145512436682,0.49066553449305716,55.75223343629987,12.091975398261752,17.760932745151568,0.25074067510855536,False,False,1.378797402749377e-06,fold_holdout_114243,failed_auto_accept,auto_accept,margin_satisfied,0.9999979351088272,0.9999965563114245,16.616622305744965,59180,False,,,,
pass-114243-2-259,114243,2,66173,66190,14.88599967956543,0.0,incomplete_turnover,18503,59220.0,,off,-13.495017224409448,15.31485810367454,-14.635621719160104,12.41208374343832,-0.8217671979159815,-0.5698233695008622,34.62176822915217,0.6,0.68,True,18,59183,2,2.2123241674868765,8.24695497047244,-14.465812623031493,3.460260826771666,True,0.6483984118684383,-2.4167358718832013,9.354238435039374,0.32,131.21206124200395,-8.298647867327693,9.475443675785256,,True,False,3.538578618020635e-07,fold_holdout_114243,failed_auto_accept,auto_accept,margin_satisfied,0.9999979351088272,0.9999965563114245,16.616622305744965,59180,False,,,,
pass-114243-2-259,114243,2,66173,66190,14.88599967956543,0.0,incomplete_turnover,18503,59220.0,,off,-13.495017224409448,15.31485810367454,-14.635621719160104,12.41208374343832,-0.8217671979159815,-0.5698233695008622,34.62176822915217,0.6,0.68,True,18,15630,0,-7.048679461942257,-3.7550237860892386,-14.065319471784775,-2.62723507217848,True,1.255145536007218,-12.674807250656167,-4.8059178149606305,0.4,61.75903846204317,8.199886652662391,15.266506801767463,0.3631580629160952,False,False,3.3223590834880885e-07,fold_holdout_114243,failed_auto_accept,auto_accept,margin_satisfied,0.9999979351088272,0.9999965563114245,16.616622305744965,59180,False,,,,
pass-114243-3-275,114243,3,73626,73663,546.455078125,6.879999999999999,incomplete_turnover,59180,25271.0,,off,-42.1382874015748,6.430318036417323,-41.446235236220474,7.292179297900263,0.9946374754152949,-0.10342288189510518,68.48311756562492,1.2,1.48,True,38,59214,3,-16.41701525590551,5.763897432742782,-0.512631233595684,-0.1922367125984037,True,1.1173758919783465,-16.72406148272394,5.648755097685858,0.5989840246473018,2.1331272016544895,24.75956815591839,0.9222271587604853,0.8384573448749295,False,False,0.9994564600250843,fold_holdout_114243,failed_auto_accept,auto_accept,margin_satisfied,0.9994564600250843,0.9991213386805841,5.318548032332014,59214,True,,,,
pass-114243-3-275,114243,3,73626,73663,546.455078125,6.879999999999999,incomplete_turnover,59180,25271.0,,off,-42.1382874015748,6.430318036417323,-41.446235236220474,7.292179297900263,0.9946374754152949,-0.10342288189510518,68.48311756562492,1.2,1.48,True,38,18503,2,-36.499343832021,0.13566705498482612,-6.9205216535422664,2.5581500035880547,True,1.9624164411089238,-37.88344816272945,0.6472970557024371,0.2,55.86481229499251,4.2309144115610655,6.240775191092499,1.1382195997793656,False,False,0.00033512134450022746,fold_holdout_114243,failed_auto_accept,auto_accept,margin_satisfied,0.9994564600250843,0.9991213386805841,5.318548032332014,59214,False,,,,
pass-114243-3-275,114243,3,73626,73663,546.455078125,6.879999999999999,incomplete_turnover,59180,25271.0,,off,-42.1382874015748,6.430318036417323,-41.446235236220474,7.292179297900263,0.9946374754152949,-0.10342288189510518,68.48311756562492,1.2,1.48,True,38,35806,1,-40.62602526246719,14.481832349081365,2.3068405511807555,1.5378937007871851,True,0.8850898642552494,-40.16465715223104,14.789411089238802,0.2,86.23591769422349,0.49932027191099104,7.589572200360049,1.1927088559975016,False,False,0.00012519977613234285,fold_holdout_114243,failed_auto_accept,auto_accept,margin_satisfied,0.9994564600250843,0.9991213386805841,5.318548032332014,59214,False,,,,
pass-114243-3-275,114243,3,73626,73663,546.455078125,6.879999999999999,incomplete_turnover,59180,25271.0,,off,-42.1382874015748,6.430318036417323,-41.446235236220474,7.292179297900263,0.9946374754152949,-0.10342288189510518,68.48311756562492,1.2,1.48,True,38,59181,0,-25.221456692913385,18.711040026246717,4.101049868765827,-2.3068405511807555,True,0.5374618089730971,-23.274223161063933,17.61572116458141,0.4783401850795148,35.53726844769826,17.00687376243302,12.147583478265176,0.9516632658240778,False,False,8.32188542831856e-05,fold_holdout_114243,failed_auto_accept,auto_accept,margin_satisfied,0.9994564600250843,0.9991213386805841,5.318548032332014,59214,False,,,,
pass-114243-4-497,114243,4,140071,140079,108.46134948730469,18.4,incomplete_turnover,35806,59219.0,,off,-4.7674704724409445,3.6217396653543306,-7.734323736876641,5.114137344160104,-0.684907603364363,0.7286299299738411,26.517977490427334,0.32,0.32,False,9,59181,0,-22.835158300524935,11.220216125328085,9.483677821522285,11.213808234908162,True,1.6103028625328084,-19.04168717191602,15.70573941929135,0.4,3.643688452765701,15.461857468976323,0.9846146347943598,-0.2630707667867153,False,False,0.9908943727546177,fold_holdout_114243,failed_auto_accept,auto_accept,margin_satisfied,0.9908943727546177,0.9861103085510292,10.59814569375507,59181,True,,,,
pass-114243-4-497,114243,4,140071,140079,108.46134948730469,18.4,incomplete_turnover,35806,59219.0,,off,-4.7674704724409445,3.6217396653543306,-7.734323736876641,5.114137344160104,-0.684907603364363,0.7286299299738411,26.517977490427334,0.32,0.32,False,9,18503,1,-36.601870078740156,23.878362860892388,-5.126312335958083,-0.128157808398921,True,1.0408016014599737,-41.16204552452014,23.764358474747915,0.893919152184284,17.613340943259963,36.48401013188246,11.58276032854943,-1.0558217475315657,False,True,0.004784064203588493,fold_holdout_114243,failed_auto_accept,auto_accept,margin_satisfied,0.9908943727546177,0.9861103085510292,10.59814569375507,59181,False,,,,
pass-114243-4-497,114243,4,140071,140079,108.46134948730469,18.4,incomplete_turnover,35806,59219.0,,off,-4.7674704724409445,3.6217396653543306,-7.734323736876641,5.114137344160104,-0.684907603364363,0.7286299299738411,26.517977490427334,0.32,0.32,False,9,59227,2,-26.44408218503937,2.0832051755249346,-4.22920767716537,1.8903276738845176,True,0.981688812335958,-28.40777442535443,2.9609161011203002,0.4738945263061324,52.71780031211485,12.59050212078238,16.538052528546853,-0.15479119119576135,False,False,0.004321562415118434,fold_holdout_114243,failed_auto_accept,auto_accept,margin_satisfied,0.9908943727546177,0.9861103085510292,10.59814569375507,59181,False,,,,
pass-114243-4-497,114243,4,140071,140079,108.46134948730469,18.4,incomplete_turnover,35806,59219.0,,off,-4.7674704724409445,3.6217396653543306,-7.734323736876641,5.114137344160104,-0.684907603364363,0.7286299299738411,26.517977490427334,0.32,0.32,False,9,18534,3,-40.26718339895013,-21.25625410104987,2.5631561679789527,-6.023416994750708,True,0.9738391465715224,-37.84251893389119,-25.0,0.9457786174964328,91.77731227279173,-1.3207299702843507,42.563133793813414,,True,True,6.266754108644194e-10,fold_holdout_114243,failed_auto_accept,auto_accept,margin_satisfied,0.9908943727546177,0.9861103085510292,10.59814569375507,59181,False,,,,
pass-178442-1-113,178442,1,29937,29965,12.120000267028809,0.0,incomplete_turnover,28591,59148.0,,off,-35.61249179790026,-3.3308214402887137,-33.777271981627294,-1.200197875656168,0.9957313603287004,-0.09229874353400366,16.384428229518434,1.0,1.12,False,26,59374,3,-1.5362917281824147,2.629477833825459,2.9636493192257194,-2.5150969898294018,True,1.6955278051181102,0.8505330923546128,0.603902175315651,0.8073008781765976,8.278265371783881,34.31347528359874,4.992501897592174,-1.0942735872698361,False,False,0.9994483428635851,fold_holdout_178442,failed_auto_accept,auto_accept,margin_satisfied,0.9994483428635851,0.9989757367684541,3.752097637606166,59374,True,,,,
pass-178442-1-113,178442,1,29937,29965,12.120000267028809,0.0,incomplete_turnover,28591,59148.0,,off,-35.61249179790026,-3.3308214402887137,-33.777271981627294,-1.200197875656168,0.9957313603287004,-0.09229874353400366,16.384428229518434,1.0,1.12,False,26,11845,2,-27.415518372703414,-8.189283956692913,5.895259186351698,-8.650652066929121,True,0.6939745324803149,-25.682263479289183,-10.732647115507271,0.30999812791874143,44.36603475156758,8.940286915545448,8.74459953519834,0.45434245307147847,False,False,0.00047260609513095035,fold_holdout_178442,failed_auto_accept,auto_accept,margin_satisfied,0.9994483428635851,0.9989757367684541,3.752097637606166,59374,False,,,,
pass-178442-1-113,178442,1,29937,29965,12.120000267028809,0.0,incomplete_turnover,28591,59148.0,,off,-35.61249179790026,-3.3308214402887137,-33.777271981627294,-1.200197875656168,0.9957313603287004,-0.09229874353400366,16.384428229518434,1.0,1.12,False,26,59167,1,-32.72125164041994,-6.391229904855643,-1.7942093175852492,3.4923002788713964,True,0.93138687253937,-33.08009350393699,-5.692769849081364,0.2,75.88306652123029,1.1088612223656804,4.409046104963499,0.9323222509304329,False,False,5.3910671331535376e-05,fold_holdout_178442,failed_auto_accept,auto_accept,margin_satisfied,0.9994483428635851,0.9989757367684541,3.752097637606166,59374,False,,,,
pass-178442-1-113,178442,1,29937,29965,12.120000267028809,0.0,incomplete_turnover,28591,59148.0,,off,-35.61249179790026,-3.3308214402887137,-33.777271981627294,-1.200197875656168,0.9957313603287004,-0.09229874353400366,16.384428229518434,1.0,1.12,False,26,15369,0,-24.226952099737534,12.819625574146981,-1.0252624671916344,0.4485523293963123,True,0.549556702140748,-24.63705708661419,12.999046505905506,0.4,62.52602204356542,7.790626195557646,14.982263274132556,0.5245103407684416,False,False,2.514036995239692e-05,fold_holdout_178442,failed_auto_accept,auto_accept,margin_satisfied,0.9994483428635851,0.9989757367684541,3.752097637606166,59374,False,,,,
pass-178442-1-71,178442,1,20137,20232,244.52000122070314,24.0,incomplete_turnover,31457,23056.0,,off,-17.75241961942248,2.002145361712601,-19.336450131233818,1.6673330872702952,0.9951786233316401,-0.09807908881989941,28.312916826024612,2.8,3.8,True,77,59170,3,-37.32468011811029,2.3933470718503047,-2.306840551178446,-3.9248328822133804,True,0.691571573572841,-38.25212883652162,0.815396127331,0.40223877831076393,171.792650605864,-18.740921892549096,2.703061982782333,,True,False,0.9973068756785394,fold_holdout_178442,failed_auto_accept,auto_accept,margin_satisfied,0.9973068756785394,0.9953760945841508,10.800771269116446,59170,True,,,,
pass-178442-1-71,178442,1,20137,20232,244.52000122070314,24.0,incomplete_turnover,31457,23056.0,,off,-17.75241961942248,2.002145361712601,-19.336450131233818,1.6673330872702952,0.9951786233316401,-0.09807908881989941,28.312916826024612,2.8,3.8,True,77,22847,2,-24.16799950787396,-10.992095226377986,2.4349983595772784,-1.4738147965862591,True,0.511109359621062,-23.312167539062504,-11.510098786448083,0.35172354551081036,101.16033976427461,-2.66411846551799,13.50383325189878,,True,False,0.001930781094388633,fold_holdout_178442,failed_auto_accept,auto_accept,margin_satisfied,0.9973068756785394,0.9953760945841508,10.800771269116446,59170,False,,,,
pass-178442-1-71,178442,1,20137,20232,244.52000122070314,24.0,incomplete_turnover,31457,23056.0,,off,-17.75241961942248,2.002145361712601,-19.336450131233818,1.6673330872702952,0.9951786233316401,-0.09807908881989941,28.312916826024612,2.8,3.8,True,77,59374,1,-24.170562664041952,20.74362286745403,1.9223671259820385,-1.666051509184463,True,0.18196406326895784,-23.401615813649137,20.077202263780244,0.4,108.08048935521714,-5.8511891815667525,17.92240051676155,,True,False,0.0006244763101757385,fold_holdout_178442,failed_auto_accept,auto_accept,margin_satisfied,0.9973068756785394,0.9953760945841508,10.800771269116446,59170,False,,,,
pass-178442-1-71,178442,1,20137,20232,244.52000122070314,24.0,incomplete_turnover,31457,23056.0,,off,-17.75241961942248,2.002145361712601,-19.336450131233818,1.6673330872702952,0.9951786233316401,-0.09807908881989941,28.312916826024612,2.8,3.8,True,77,59167,0,-40.66190944881891,-22.268700787401578,-0.7689468503928154,-0.25631561679757553,True,0.9365131848753242,-41.24417577484987,-22.462789562745208,0.7575085669738988,126.60772481561261,-19.43543980371516,26.16247200890826,,True,False,0.0001378669168963965,fold_holdout_178442,failed_auto_accept,auto_accept,margin_satisfied,0.9973068756785394,0.9953760945841508,10.800771269116446,59170,False,,,,
pass-178442-2-151,178442,2,39157,39252,414.7200073242188,11.72,incomplete_turnover,15369,28155.0,,off,-6.436085137795166,-4.304820784120482,-9.306820045930747,-7.05508735236109,-0.7053720024132119,-0.7088373143476406,14.406188515581317,1.72,3.8,True,77,35581,3,-18.8161294291336,-10.291072014435148,-7.561310695529411,-16.01972604985051,True,0.7233707297818058,-21.354537001817356,-15.6690541599516,0.3951174847408103,9.57610121844991,14.604023331453519,2.4638203152401355,0.7062673728267383,False,False,0.9973712138505357,fold_holdout_178442,failed_auto_accept,auto_accept,margin_satisfied,0.9973712138505357,0.9949704198760533,5.382854538302408,35581,True,,,,
pass-178442-2-151,178442,2,39157,39252,414.7200073242188,11.72,incomplete_turnover,15369,28155.0,,off,-6.436085137795166,-4.304820784120482,-9.306820045930747,-7.05508735236109,-0.7053720024132119,-0.7088373143476406,14.406188515581317,1.72,3.8,True,77,11845,2,-21.379285597112776,-8.760867782152221,-2.4349983595772784,-0.25631561679757553,True,0.6891686146653917,-22.155333740720653,-8.842557060426724,0.31945308675604356,37.22030909704588,10.330007060270537,7.8466748535425435,1.0029465580644108,False,False,0.0024007939744824435,fold_holdout_178442,failed_auto_accept,auto_accept,margin_satisfied,0.9973712138505357,0.9949704198760533,5.382854538302408,35581,False,,,,
pass-178442-2-151,178442,2,39157,39252,414.7200073242188,11.72,incomplete_turnover,15369,28155.0,,off,-6.436085137795166,-4.304820784120482,-9.306820045930747,-7.05508735236109,-0.7053720024132119,-0.7088373143476406,14.406188515581317,1.72,3.8,True,77,59475,0,-22.08671669947503,7.738168471128582,-1.025262467190391,0.7689468503928154,True,9.176099081364818,-22.544631144070685,8.081604304575333,0.44763213215764525,93.96903816924932,-1.3918705403483447,20.060452970611507,,True,False,0.00022699327050399007,fold_holdout_178442,failed_auto_accept,auto_accept,margin_satisfied,0.9973712138505357,0.9949704198760533,5.382854538302408,35581,False,,,,
pass-178442-2-151,178442,2,39157,39252,414.7200073242188,11.72,incomplete_turnover,15369,28155.0,,off,-6.436085137795166,-4.304820784120482,-9.306820045930747,-7.05508735236109,-0.7053720024132119,-0.7088373143476406,14.406188515581317,1.72,3.8,True,77,59211,1,-22.553211122047063,8.795470390420009,-5.2544701443509645,-1.7942093175832508,True,0.6596122201033349,-25.157169483636512,7.906313876706541,0.49694124489343056,88.48781548004571,0.5751932557338524,21.78867267074991,1.6800731827775446,False,False,9.98904477804714e-07,fold_holdout_178442,failed_auto_accept,auto_accept,margin_satisfied,0.9973712138505357,0.9949704198760533,5.382854538302408,35581,False,,,,
pass-178442-3-228,178442,3,66460,66610,591.5999755859375,23.88,incomplete_turnover,35376,15369.0,,def,18.55725065616798,-11.27788713910761,20.17203904199475,-14.251148293963254,-0.27729692507683096,-0.9607842709697815,14.840732994478563,1.08,6.0,True,77,28155,0,36.88381725721785,22.863353018372703,-6.92052165354351,-0.7689468503937036,True,0.707270905101706,30.943920995679374,22.203364544868446,0.8638147783600024,179.63714937196826,-38.01193228446281,0.24073043446153974,,True,True,0.9984248601395128,fold_holdout_178442,failed_auto_accept,auto_accept,margin_satisfied,0.9984248601395128,0.9972710188181165,4.556846796408478,28155,True,,,,
pass-178442-3-228,178442,3,66460,66610,591.5999755859375,23.88,incomplete_turnover,35376,15369.0,,def,18.55725065616798,-11.27788713910761,20.17203904199475,-14.251148293963254,-0.27729692507683096,-0.9607842709697815,14.840732994478563,1.08,6.0,True,77,59147,2,18.48035597112861,0.30938095933809057,0.6407890419947826,-8.744767957472344,True,0.8682691519028871,18.662727195818984,-2.179416347608289,0.30310232610963783,156.7744269486563,-11.179802643494702,4.797577230870018,,True,False,0.0011538413213962558,fold_holdout_178442,failed_auto_accept,auto_accept,margin_satisfied,0.9984248601395128,0.9972710188181165,4.556846796408478,28155,False,,,,
pass-178442-3-228,178442,3,66460,66610,591.5999755859375,23.88,incomplete_turnover,35376,15369.0,,def,18.55725065616798,-11.27788713910761,20.17203904199475,-14.251148293963254,-0.27729692507683096,-0.9607842709697815,14.840732994478563,1.08,6.0,True,77,23056,3,26.784981955380577,-21.645853838582678,-14.866305774278565,2.9476295931758933,True,0.11944708235933399,23.811720800524864,-21.0563279199475,0.2,44.238592858765934,5.52903698587105,5.384004369812296,0.7074417855285109,False,False,0.0003973744018208247,fold_holdout_178442,failed_auto_accept,auto_accept,margin_satisfied,0.9984248601395128,0.9972710188181165,4.556846796408478,28155,False,,,,
pass-178442-3-228,178442,3,66460,66610,591.5999755859375,23.88,incomplete_turnover,35376,15369.0,,def,18.55725065616798,-11.27788713910761,20.17203904199475,-14.251148293963254,-0.27729692507683096,-0.9607842709697815,14.840732994478563,1.08,6.0,True,77,59151,1,32.98781988188976,-3.0069025795603674,10.252624671916344,10.300683850065884,True,0.9147263574475065,38.29850849756145,2.328679888997246,0.58904725953004,148.54731868227367,-20.956052376097684,12.818091367685533,,True,False,2.3924137270051886e-05,fold_holdout_178442,failed_auto_accept,auto_accept,margin_satisfied,0.9984248601395128,0.9972710188181165,4.556846796408478,28155,False,,,,
pass-178442-3-233,178442,3,67545,67577,552.2000122070312,11.4,incomplete_turnover,15369,23056.0,,off,-27.16945538057743,18.544434875328083,-26.374876968503937,15.404568569553806,0.20745700784610527,-0.9782441361416592,18.043622752733576,0.48,1.28,True,33,59170,3,-20.107960137795274,6.468765378937007,-3.332103018372834,-10.348743028215601,True,1.242329755167323,-21.17054976092217,3.168607222494831,0.3323398251304673,11.0681599949542,13.049431588153428,2.552666644197904,-0.24321571820583887,False,False,0.9984624882010688,fold_holdout_178442,failed_auto_accept,auto_accept,margin_satisfied,0.9984624882010688,0.9969341264885805,9.826378732067836,59170,True,,,,
pass-178442-3-233,178442,3,67545,67577,552.2000122070312,11.4,incomplete_turnover,15369,23056.0,,off,-27.16945538057743,18.544434875328083,-26.374876968503937,15.404568569553806,0.20745700784610527,-0.9782441361416592,18.043622752733576,0.48,1.28,True,33,35581,1,-33.526082677165356,-22.72237942913386,2.8194717847769724,1.0252624671916344,True,0.688848220144357,-31.128509489216167,-21.850534633515966,0.8516211841024719,19.244834648778497,35.45841187060845,12.37904537626574,-1.4851492583570318,False,False,0.001528361712488289,fold_holdout_178442,failed_auto_accept,auto_accept,margin_satisfied,0.9984624882010688,0.9969341264885805,9.826378732067836,59170,False,,,,
pass-178442-3-233,178442,3,67545,67577,552.2000122070312,11.4,incomplete_turnover,15369,23056.0,,off,-27.16945538057743,18.544434875328083,-26.374876968503937,15.404568569553806,0.20745700784610527,-0.9782441361416592,18.043622752733576,0.48,1.28,True,33,22847,2,-39.98523622047244,3.2904517306430447,-5.638943569553945,6.696245488845387,True,1.0677147412237533,-42.240813648294015,5.9689499261812,0.4,71.23302880847254,5.93883885848315,17.478244732330516,0.15086216887440596,False,False,8.647585495550948e-06,fold_holdout_178442,failed_auto_accept,auto_accept,margin_satisfied,0.9984624882010688,0.9969341264885805,9.826378732067836,59170,False,,,,
pass-178442-3-233,178442,3,67545,67577,552.2000122070312,11.4,incomplete_turnover,15369,23056.0,,off,-27.16945538057743,18.544434875328083,-26.374876968503937,15.404568569553806,0.20745700784610527,-0.9782441361416592,18.043622752733576,0.48,1.28,True,33,59167,0,-37.55023786089239,22.42761646981627,1.5378937007874072,-1.2815780839895652,True,1.4650039472604988,-37.072182702441864,22.029237171107482,0.3115510842129279,133.74263180943274,-8.699774252929396,9.090242680688956,,True,False,5.02500947454324e-07,fold_holdout_178442,failed_auto_accept,auto_accept,margin_satisfied,0.9984624882010688,0.9969341264885805,9.826378732067836,59170,False,,,,
pass-178442-3-321,178442,3,89807,89810,30.020000076294036,24.0,incomplete_turnover,59146,11845.0,,off,-28.86626476377953,-1.1961929441437007,-31.56270505249344,1.2130537058111877,0.9983079368324892,-0.05814863074276843,550.8144494124123,0.12,0.12,False,4,23056,2,5.9811249179790025,11.083087270341208,-9.099204396325455,-4.036970964566899,True,4.187556389435696,-0.5703022473753245,8.17646817585304,0.734651865257531,15.996555516565747,30.535048685131603,8.753797719442938,0.06456382050669654,False,False,0.9662803670361777,fold_holdout_178442,failed_auto_accept,auto_accept,margin_satisfied,0.9662803670361777,0.9415491070428736,3.6744445596725477,23056,True,,,,
pass-178442-3-321,178442,3,89807,89810,30.020000076294036,24.0,incomplete_turnover,59146,11845.0,,off,-28.86626476377953,-1.1961929441437007,-31.56270505249344,1.2130537058111877,0.9983079368324892,-0.05814863074276843,550.8144494124123,0.12,0.12,False,4,35821,1,-15.268721292650918,13.789780183727034,-13.200254265091838,-1.922367125984259,True,0.8147632668963255,-20.548822998687655,13.02083333333333,0.4,50.32589747882234,10.308639652198462,12.428242279115485,0.10128473270228236,False,False,0.02473125999330404,fold_holdout_178442,failed_auto_accept,auto_accept,margin_satisfied,0.9662803670361777,0.9415491070428736,3.6744445596725477,23056,False,,,,
pass-178442-3-321,178442,3,89807,89810,30.020000076294036,24.0,incomplete_turnover,59146,11845.0,,off,-28.86626476377953,-1.1961929441437007,-31.56270505249344,1.2130537058111877,0.9983079368324892,-0.05814863074276843,550.8144494124123,0.12,0.12,False,4,59152,0,-33.715756233595805,8.937725557742782,-13.584727690288823,0.0640789041994605,True,0.6528839351624015,-36.51578574212457,8.950933244103764,0.20787542073144483,125.95719524498294,-5.394646864234697,7.436771697270698,,True,False,0.007688631464692636,fold_holdout_178442,failed_auto_accept,auto_accept,margin_satisfied,0.9662803670361777,0.9415491070428736,3.6744445596725477,23056,False,,,,
pass-178442-3-321,178442,3,89807,89810,30.020000076294036,24.0,incomplete_turnover,59146,11845.0,,off,-28.86626476377953,-1.1961929441437007,-31.56270505249344,1.2130537058111877,0.9983079368324892,-0.05814863074276843,550.8144494124123,0.12,0.12,False,4,59148,3,-24.5114624343832,-22.76082677165354,-6.023416994750708,0.6407890419947826,True,0.9105612286745406,-27.87192856080305,-22.403330375225885,0.5606655391146209,77.78409250037954,5.057791862136905,23.361810068014368,0.11081761223306258,False,False,0.0012997415058257024,fold_holdout_178442,failed_auto_accept,auto_accept,margin_satisfied,0.9662803670361777,0.9415491070428736,3.6744445596725477,23056,False,,,,
pass-179612-1-29,179612,1,5252,5262,471.9199951171875,14.92,incomplete_turnover,15452,59142.0,,off,-15.468647473753236,17.85750902230965,-16.640009842519536,19.8465182086613,0.6377453962558213,-0.7702472392384834,311.8060289019363,0.16,0.4,True,11,59213,3,-6.464279855643005,13.884616961942188,2.3388800032821733,-4.101049868768714,True,1.649070599573478,-5.708106891239983,12.558724640797172,0.3259874092473468,16.686542667204318,12.585173655281285,3.7725112710779705,0.11963781168824242,False,False,0.9916067168849857,fold_holdout_179612,failed_auto_accept,auto_accept,margin_satisfied,0.9916067168849857,0.9838977542316517,5.455389692703584,59213,True,,,,
pass-179612-1-29,179612,1,5252,5262,471.9199951171875,14.92,incomplete_turnover,15452,59142.0,,off,-15.468647473753236,17.85750902230965,-16.640009842519536,19.8465182086613,0.6377453962558213,-0.7702472392384834,311.8060289019363,0.16,0.4,True,11,35326,2,-22.686495242782225,13.22332267060372,-4.357365485566778,2.6913139763794725,True,0.748601798310337,-23.60772229807986,13.792315851816962,0.21226410877443808,88.63672911439681,0.2196061101825304,9.227900963781554,0.15929569639510852,False,False,0.007708962653333973,fold_holdout_179612,failed_auto_accept,auto_accept,margin_satisfied,0.9916067168849857,0.9838977542316517,5.455389692703584,59213,False,,,,
pass-179612-1-29,179612,1,5252,5262,471.9199951171875,14.92,incomplete_turnover,15452,59142.0,,off,-15.468647473753236,17.85750902230965,-16.640009842519536,19.8465182086613,0.6377453962558213,-0.7702472392384834,311.8060289019363,0.16,0.4,True,11,59127,1,-30.17347440944877,-5.175012303149591,2.8194717847784823,0.8330257545936748,True,6.377773334973751,-28.432885516985674,-4.660747403103658,0.6255437055549955,65.3207249068952,11.355801508738137,24.712825749661917,0.12358055824408207,False,False,0.000518483745644834,fold_holdout_179612,failed_auto_accept,auto_accept,margin_satisfied,0.9916067168849857,0.9838977542316517,5.455389692703584,59213,False,,,,
pass-179612-1-29,179612,1,5252,5262,471.9199951171875,14.92,incomplete_turnover,15452,59142.0,,off,-15.468647473753236,17.85750902230965,-16.640009842519536,19.8465182086613,0.6377453962558213,-0.7702472392384834,311.8060289019363,0.16,0.4,True,11,59237,0,-39.27780511811022,-21.222933070866166,0.5126312335962169,-1.2815780839902757,True,1.1896248564632559,-38.75650492534889,-22.526183552769215,1.0170485290763285,67.18627901104558,18.53276363042855,44.05816475445404,0.10056316455556046,False,True,0.0001658367160355503,fold_holdout_179612,failed_auto_accept,auto_accept,margin_satisfied,0.9916067168849857,0.9838977542316517,5.455389692703584,59213,False,,,,
pass-179612-1-95,179612,1,20142,20202,179.3200012207032,12.6,incomplete_turnover,59123,24598.0,,off,-23.083784448818093,-15.453268536745338,-23.27602116141652,-15.066231955381253,-0.825244373737063,0.5647758171304101,10.867399807892301,0.92,2.4,True,61,59124,0,-41.47186679790003,9.162001722441346,-2.5631561679761106,-4.421444389758777,True,0.47154063627782594,-43.31733923884283,5.978561761815026,0.72,12.012372753839013,28.424575553641404,6.048245818024418,-1.6955820211011692,False,False,0.9570219061158466,fold_holdout_179612,failed_auto_accept,auto_accept,margin_satisfied,0.9570219061158466,0.9300368481289142,22.425168190402566,59124,True,,,,
pass-179612-1-95,179612,1,20142,20202,179.3200012207032,12.6,incomplete_turnover,59123,24598.0,,off,-23.083784448818093,-15.453268536745338,-23.27602116141652,-15.066231955381253,-0.825244373737063,0.5647758171304101,10.867399807892301,0.92,2.4,True,61,59125,3,-21.817585301836946,17.288488353018025,-3.5884186351665903,3.844734251964166,True,0.4857180938320552,-24.78918977883094,20.47235029265442,0.8355254195725679,53.17519675707136,21.32006571682738,28.473414008426985,-1.0418368785276466,False,False,0.026985057986932428,fold_holdout_179612,failed_auto_accept,auto_accept,margin_satisfied,0.9570219061158466,0.9300368481289142,22.425168190402566,59124,False,,,,
pass-179612-1-95,179612,1,20142,20202,179.3200012207032,12.6,incomplete_turnover,59123,24598.0,,off,-23.083784448818093,-15.453268536745338,-23.27602116141652,-15.066231955381253,-0.825244373737063,0.5647758171304101,10.867399807892301,0.92,2.4,True,61,22729,1,-38.457595144357,-22.122600885826724,0.5126312335951511,-0.5126312335951511,True,0.8112389271653828,-38.25254265091894,-22.327653379264785,0.4,60.25332248421635,8.258214879162004,14.450824337398535,0.16009284418112713,False,False,0.01598831825259746,fold_holdout_179612,failed_auto_accept,auto_accept,margin_satisfied,0.9570219061158466,0.9300368481289142,22.425168190402566,59124,False,,,,
pass-179612-1-95,179612,1,20142,20202,179.3200012207032,12.6,incomplete_turnover,59123,24598.0,,off,-23.083784448818093,-15.453268536745338,-23.27602116141652,-15.066231955381253,-0.825244373737063,0.5647758171304101,10.867399807892301,0.92,2.4,True,61,24056,2,-14.668942749343984,0.45719296913387353,1.666051509184463,6.596622817465024,True,0.40489857591061795,-13.902138712908103,3.493303782870522,0.4764309586489959,82.41028977346556,2.74623321142802,20.610294566704976,0.6672962014856945,False,False,4.717644623667318e-06,fold_holdout_179612,failed_auto_accept,auto_accept,margin_satisfied,0.9570219061158466,0.9300368481289142,22.425168190402566,59124,False,,,,
pass-179612-2-191,179612,2,38450,38455,337.0,,incomplete_turnover,59142,58359.0,,def,-16.429831036745405,-24.683193897637796,-16.276041666666668,-21.37672244094488,0.09156771056279941,0.9957988523704411,22.393537217214856,0.2,0.2,False,6,59144,3,-28.04092847769029,-13.430938320209973,14.097358923888503,-2.563156167979752,True,1.4377704129757218,-24.800330676504732,-14.020137920425535,0.3024474151512623,54.4591353526861,6.545128794092813,9.162102815376393,-0.09227757681181764,False,False,0.5812074978023055,fold_holdout_179612,failed_auto_accept,auto_accept,margin_satisfied,0.5812074978023055,0.2918455675250986,4.145373293679572,59144,True,,,,
pass-179612-2-191,179612,2,38450,38455,337.0,,incomplete_turnover,59142,58359.0,,def,-16.429831036745405,-24.683193897637796,-16.276041666666668,-21.37672244094488,0.09156771056279941,0.9957988523704411,22.393537217214856,0.2,0.2,False,6,22740,1,-28.271612532808398,2.3436859210958003,1.2815780839898316,-0.800986302493667,True,0.5887249323326772,-27.5026656824145,1.8630941395996001,0.6,31.037928780203572,22.114186421734374,13.307476109055965,-0.7875253832045017,False,False,0.2893619302772069,fold_holdout_179612,failed_auto_accept,auto_accept,margin_satisfied,0.5812074978023055,0.2918455675250986,4.145373293679572,59144,False,,,,
pass-179612-2-191,179612,2,38450,38455,337.0,,incomplete_turnover,59142,58359.0,,def,-16.429831036745405,-24.683193897637796,-16.276041666666668,-21.37672244094488,0.09156771056279941,0.9957988523704411,22.393537217214856,0.2,0.2,False,6,24598,2,-34.089977034120736,-10.367966699475065,0.5126312335958616,-3.9088131561690886,True,0.5434692062417978,-33.86638789886685,-12.07283385578624,0.4402917540049081,67.37853720882866,7.654093843193888,18.36838236789799,-0.1417992329193024,False,False,0.09262861578042274,fold_holdout_179612,failed_auto_accept,auto_accept,margin_satisfied,0.5812074978023055,0.2918455675250986,4.145373293679572,59144,False,,,,
pass-179612-2-191,179612,2,38450,38455,337.0,,incomplete_turnover,59142,58359.0,,def,-16.429831036745405,-24.683193897637796,-16.276041666666668,-21.37672244094488,0.09156771056279941,0.9957988523704411,22.393537217214856,0.2,0.2,False,6,446,0,-39.44697342519685,7.099942585301837,-0.2563156167980196,0.0,True,0.5731056994340551,-39.66935788162997,7.099942585301837,0.8676339090551429,44.65658974628657,26.214957944198154,25.90258046091644,-0.9706483745696777,False,False,0.03680195614006478,fold_holdout_179612,failed_auto_accept,auto_accept,margin_satisfied,0.5812074978023055,0.2918455675250986,4.145373293679572,59144,False,,,,
pass-179612-2-224,179612,2,46327,46332,219.91999511718748,6.800000000000001,incomplete_turnover,59237,24598.0,,off,-45.19869586614187,2.304918184055009,-45.736958661417255,-1.3686452950710017,0.2500164829514579,-0.9682415805224351,26.825932542669047,0.12,0.2,True,6,35326,1,-42.368971456693,-22.612163713910768,-3.8447342519750904,-0.3844734251974735,True,0.8626622477854377,-44.25915853132266,-22.801182421373717,0.49162897156064983,10.534115172666265,21.121348012808568,3.9276200193857025,-0.6673481370764343,False,False,0.8140490140606921,fold_holdout_179612,failed_auto_accept,auto_accept,margin_satisfied,0.8140490140606921,0.7077368714896708,19.991900188462736,35326,True,,,,
pass-179612-2-224,179612,2,46327,46332,219.91999511718748,6.800000000000001,incomplete_turnover,59237,24598.0,,off,-45.19869586614187,2.304918184055009,-45.736958661417255,-1.3686452950710017,0.2500164829514579,-0.9682415805224351,26.825932542669047,0.12,0.2,True,6,59127,0,-21.281885662729607,-6.168235318241455,2.3068405511850187,0.6728284940956231,True,0.47194112942914734,-19.897781332018596,-5.764538221784081,0.6,65.86650024452945,10.716506553423361,23.91952020784844,-0.2794830948142361,False,False,0.10631214257102124,fold_holdout_179612,failed_auto_accept,auto_accept,margin_satisfied,0.8140490140606921,0.7077368714896708,19.991900188462736,35326,False,,,,
pass-179612-2-224,179612,2,46327,46332,219.91999511718748,6.800000000000001,incomplete_turnover,59237,24598.0,,off,-45.19869586614187,2.304918184055009,-45.736958661417255,-1.3686452950710017,0.2500164829514579,-0.9682415805224351,26.825932542669047,0.12,0.2,True,6,59213,2,-14.997026738845127,-9.497775180446185,0.7689468503949914,0.3844734251975179,True,0.1846673920398567,-14.419720368120085,-9.209121995083647,0.7509905084173313,61.46604180435582,15.421301325912447,28.362403893499764,-0.45486543296802395,False,False,0.07963817274013762,fold_holdout_179612,failed_auto_accept,auto_accept,margin_satisfied,0.8140490140606921,0.7077368714896708,19.991900188462736,35326,False,,,,
pass-179612-2-224,179612,2,46327,46332,219.91999511718748,6.800000000000001,incomplete_turnover,59237,24598.0,,off,-45.19869586614187,2.304918184055009,-45.736958661417255,-1.3686452950710017,0.2500164829514579,-0.9682415805224351,26.825932542669047,0.12,0.2,True,6,59125,3,-32.40854658792667,4.638671875000033,-7.176837270353431,1.4738147965904336,True,1.2203827304789994,-34.66449060485469,5.101946092762035,0.318294448785575,105.82291446341704,-3.4967961111761814,12.338578472772321,,True,False,6.706281492578504e-07,fold_holdout_179612,failed_auto_accept,auto_accept,margin_satisfied,0.8140490140606921,0.7077368714896708,19.991900188462736,35326,False,,,,
pass-179612-4-490,179612,4,120667,120695,268.31998901367194,9.92,incomplete_turnover,446,59124.0,,off,-17.096251640420064,10.334645669291449,-19.631213090549362,6.372006233598217,-0.6318229479002135,-0.7751127418038514,31.199045507733665,0.32,1.12,True,29,59141,3,-39.73404691601052,-22.63266896325459,0.25631561679766435,0.0,True,1.1607893495734987,-39.52246289366007,-22.63266896325459,0.8254933194779441,4.742625363614788,35.04964140498369,2.9078582129692876,-0.8034203109289202,False,False,0.8829331562623945,fold_holdout_179612,failed_auto_accept,auto_accept,margin_satisfied,0.8829331562623945,0.7727144080197741,10.77835751640842,59141,True,,,,
pass-179612-4-490,179612,4,120667,120695,268.31998901367194,9.92,incomplete_turnover,446,59124.0,,off,-17.096251640420064,10.334645669291449,-19.631213090549362,6.372006233598217,-0.6318229479002135,-0.7751127418038514,31.199045507733665,0.32,1.12,True,29,59143,1,-37.05811187664005,5.406337147309892,-4.101049868761741,-1.9864460301814546,True,0.9675914534120735,-38.73916253622619,4.592078234072861,0.41161794654660033,45.493443147784724,13.452485819021327,13.686215729377707,-0.11118260831686999,False,False,0.1102187482426204,fold_holdout_179612,failed_auto_accept,auto_accept,margin_satisfied,0.8829331562623945,0.7727144080197741,10.77835751640842,59141,False,,,,
pass-179612-4-490,179612,4,120667,120695,268.31998901367194,9.92,incomplete_turnover,446,59124.0,,off,-17.096251640420064,10.334645669291449,-19.631213090549362,6.372006233598217,-0.6318229479002135,-0.7751127418038514,31.199045507733665,0.32,1.12,True,29,59142,0,-12.169865485564223,-14.058911581364946,-0.8971046587916476,1.2815780839880553,True,0.5891254254839585,-12.602554445347039,-13.44078449596093,0.4827380080577159,58.71706798120147,10.916278720178465,17.966178718566198,-0.029891432334765544,False,False,0.0068479430547699555,fold_holdout_179612,failed_auto_accept,auto_accept,margin_satisfied,0.8829331562623945,0.7727144080197741,10.77835751640842,59141,False,,,,
pass-179612-4-490,179612,4,120667,120695,268.31998901367194,9.92,incomplete_turnover,446,59124.0,,off,-17.096251640420064,10.334645669291449,-19.631213090549362,6.372006233598217,-0.6318229479002135,-0.7751127418038514,31.199045507733665,0.32,1.12,True,29,31587,2,-41.06176181102362,22.865916174540693,0.0,-0.12815780839874336,True,0.4177944553805286,-41.06176181102362,22.787162557291904,0.6145162004036828,88.26628496063806,0.816715642492154,26.982563835766797,0.293822415743786,False,False,1.524402149787393e-07,fold_holdout_179612,failed_auto_accept,auto_accept,margin_satisfied,0.8829331562623945,0.7727144080197741,10.77835751640842,59141,False,,,,
pass-184439-1-57,184439,1,9565,9585,343.3999938964844,10.4,incomplete_turnover,59120,59174.0,,off,-22.107221948818896,16.673330872703414,-20.005433891076116,7.6317974901574805,-0.11374399994010002,-0.9935100917844905,18.309224113620576,0.8,0.8,False,21,59117,2,-23.350352690288712,-14.18706938976378,7.048679461944296,0.897104658792891,True,0.6640176447670604,-19.908466574347653,-13.749011156825835,0.48853199815227677,6.791035111021547,21.231019710822867,2.5282767052047515,-0.35958052504413396,False,False,0.9983748109611131,fold_holdout_184439,failed_auto_accept,auto_accept,margin_satisfied,0.9983748109611131,0.9968578721795244,12.24764385476119,59117,True,,,,
pass-184439-1-57,184439,1,9565,9585,343.3999938964844,10.4,incomplete_turnover,59120,59174.0,,off,-22.107221948818896,16.673330872703414,-20.005433891076116,7.6317974901574805,-0.11374399994010002,-0.9935100917844905,18.309224113620576,0.8,0.8,False,21,59114,1,-38.626763451443566,-20.966617454068242,0.2563156167980196,-2.691313976378762,True,0.8474435080380577,-38.41117911535528,-23.230252982994834,0.8435603408314669,24.280141448917213,32.755301681927044,14.775920559965941,-0.9890054476726711,False,False,0.001516938781588786,fold_holdout_184439,failed_auto_accept,auto_accept,margin_satisfied,0.9983748109611131,0.9968578721795244,12.24764385476119,59117,False,,,,
pass-184439-1-57,184439,1,9565,9585,343.3999938964844,10.4,incomplete_turnover,59120,59174.0,,off,-22.107221948818896,16.673330872703414,-20.005433891076116,7.6317974901574805,-0.11374399994010002,-0.9935100917844905,18.309224113620576,0.8,0.8,False,21,59118,0,-19.96698654855643,5.139128116797901,-11.27788713911082,-1.4738147965883464,True,0.9547756725721784,-22.222563976378595,4.844365157480231,0.2,31.967634058422558,3.021527396971069,1.885687411465947,0.6349723954319125,False,False,0.00010822245334144597,fold_holdout_184439,failed_auto_accept,auto_accept,margin_satisfied,0.9983748109611131,0.9968578721795244,12.24764385476119,59117,False,,,,
pass-184439-1-57,184439,1,9565,9585,343.3999938964844,10.4,incomplete_turnover,59120,59174.0,,off,-22.107221948818896,16.673330872703414,-20.005433891076116,7.6317974901574805,-0.11374399994010002,-0.9935100917844905,18.309224113620576,0.8,0.8,False,21,34854,3,-40.13902559055118,22.991510826771652,-0.0,0.2563156167979308,True,0.2637247400959646,-40.13902559055118,23.14530019685041,0.6,121.08408370386488,-13.122746244966343,21.767494388237747,,True,False,2.780395670360552e-08,fold_holdout_184439,failed_auto_accept,auto_accept,margin_satisfied,0.9983748109611131,0.9968578721795244,12.24764385476119,59117,False,,,,
pass-184439-2-150,184439,2,31477,31490,481.9199951171875,9.24,incomplete_turnover,34982,59116.0,,off,-29.209727690288744,7.463910761154867,-31.480684055118303,8.453289041994848,-0.5842157610667519,0.8115983886881466,14.231450730976256,0.32,0.52,True,14,25431,2,-40.70804625984254,22.404548064304482,-1.025262467192256,1.153420275591266,True,0.6305364173228294,-41.11815124671944,22.86591617454099,0.4,1.977664564961506,17.32762518763462,0.5983310854733999,-0.897558597165306,False,False,0.9993922456926605,fold_holdout_184439,failed_auto_accept,auto_accept,margin_satisfied,0.9993922456926605,0.9987866429546322,2.373022443425202,25431,True,,,,
pass-184439-2-150,184439,2,31477,31490,481.9199951171875,9.24,incomplete_turnover,34982,59116.0,,off,-29.209727690288744,7.463910761154867,-31.480684055118303,8.453289041994848,-0.5842157610667519,0.8115983886881466,14.231450730976256,0.32,0.52,True,14,35726,1,-21.474122375327934,-7.87786048228337,8.714730971133644,5.574864665357482,True,1.7179554215879014,-17.76968650574376,-5.508111065711171,0.42629648263553904,171.26605150186424,-19.34123069953694,2.971353528898602,,True,False,0.0006056027380283025,fold_holdout_184439,failed_auto_accept,auto_accept,margin_satisfied,0.9993922456926605,0.9987866429546322,2.373022443425202,25431,False,,,,
pass-184439-2-150,184439,2,31477,31490,481.9199951171875,9.24,incomplete_turnover,34982,59116.0,,off,-29.209727690288744,7.463910761154867,-31.480684055118303,8.453289041994848,-0.5842157610667519,0.8115983886881466,14.231450730976256,0.32,0.52,True,14,34832,3,-38.3345636482941,-1.7169942380248662,-8.202099737537338,3.988911786419591,True,1.1109680015583963,-40.95127765958165,-0.44441261925414177,0.31990872372433016,97.46596468529296,-1.6884902809120588,12.884496057074198,,True,False,1.9981950678266523e-06,fold_holdout_184439,failed_auto_accept,auto_accept,margin_satisfied,0.9993922456926605,0.9987866429546322,2.373022443425202,25431,False,,,,
pass-184439-2-150,184439,2,31477,31490,481.9199951171875,9.24,incomplete_turnover,34982,59116.0,,off,-29.209727690288744,7.463910761154867,-31.480684055118303,8.453289041994848,-0.5842157610667519,0.8115983886881466,14.231450730976256,0.32,0.52,True,14,34838,0,-39.04712106299214,-22.499384842519678,-0.7689468503942365,0.38447342519711825,True,0.9985095246883157,-39.61444658353758,-22.21572208224696,0.737809938206829,129.3988649968936,-20.139047745216796,24.518668237150717,,True,False,1.533742433048366e-07,fold_holdout_184439,failed_auto_accept,auto_accept,margin_satisfied,0.9993922456926605,0.9987866429546322,2.373022443425202,25431,False,,,,
pass-184439-3-291,184439,3,73800,73905,317.0,11.12,incomplete_turnover,34982,59120.0,,off,-5.523601541994751,6.2701207759186355,-8.45200746391076,7.099942585301837,-0.8121720757400283,0.5834179628603612,39.357045548563285,0.6,4.2,True,78,34838,0,-34.37192421259842,13.571911909448819,-2.0505249343838017,1.1534202755908662,True,1.070918686433727,-35.755619306943125,14.350240400017697,0.6834836307095301,20.819982448780365,26.40518508694807,10.040928174280802,-0.0709138025710363,False,False,0.9945546806733876,fold_holdout_184439,failed_auto_accept,auto_accept,margin_satisfied,0.9945546806733876,0.9912472807767833,7.599206364477988,34838,True,,,,
pass-184439-3-291,184439,3,73800,73905,317.0,11.12,incomplete_turnover,34982,59120.0,,off,-5.523601541994751,6.2701207759186355,-8.45200746391076,7.099942585301837,-0.8121720757400283,0.5834179628603612,39.357045548563285,0.6,4.2,True,78,59174,2,-36.80692257217848,4.572029814632546,2.819471784777683,-0.0640789041995049,True,3.742208005249344,-35.11523950131187,4.533582472112843,0.6062713592814708,41.18913920388433,20.157871920551273,17.64013453875879,0.08782049974563877,False,False,0.0033073998966043805,fold_holdout_184439,failed_auto_accept,auto_accept,margin_satisfied,0.9945546806733876,0.9912472807767833,7.599206364477988,34838,False,,,,
pass-184439-3-291,184439,3,73800,73905,317.0,11.12,incomplete_turnover,34982,59120.0,,off,-5.523601541994751,6.2701207759186355,-8.45200746391076,7.099942585301837,-0.8121720757400283,0.5834179628603612,39.357045548563285,0.6,4.2,True,78,59215,3,-38.0372375328084,3.3321030183727034,-4.101049868767603,-5.382627952757435,True,1.2951948511318898,-41.23487155201423,-0.8647916318349242,0.7874480230879409,49.346974563021256,21.978557763452084,25.594846504859014,0.0415597650404832,False,False,0.0021299312712794896,fold_holdout_184439,failed_auto_accept,auto_accept,margin_satisfied,0.9945546806733876,0.9912472807767833,7.599206364477988,34838,False,,,,
pass-184439-3-291,184439,3,73800,73905,317.0,11.12,incomplete_turnover,34982,59120.0,,off,-5.523601541994751,6.2701207759186355,-8.45200746391076,7.099942585301837,-0.8121720757400283,0.5834179628603612,39.357045548563285,0.6,4.2,True,78,36019,1,-32.962188320209975,-7.599758038057742,0.2563156167980196,-0.2563156167979752,True,0.7929764394685039,-32.783352240934,-7.778594117333686,0.6977325649231471,67.13695248504982,11.080833219706529,26.279275641217673,0.3184536322465132,False,False,7.988158728704716e-06,fold_holdout_184439,failed_auto_accept,auto_accept,margin_satisfied,0.9945546806733876,0.9912472807767833,7.599206364477988,34838,False,,,,
pass-188630-1-105,188630,1,18717,18740,121.32000274658212,6.32,incomplete_turnover,59295,59162.0,,off,-22.196932414698278,5.772227690288533,-18.918655675854488,6.544378485892077,-0.2905355845569678,0.9568641879107719,3.5864064798018536,0.92,0.92,False,24,31539,2,-24.721641240157656,20.987122703412048,1.9223671259820385,0.25631561679757553,True,0.7759955298556532,-23.95269438976484,21.089648950131078,0.4,2.200434220438112,15.380415791134938,0.5909727090303392,,False,False,0.7848287470623102,fold_holdout_188630,failed_auto_accept,auto_accept,margin_satisfied,0.7848287470623102,0.5697282439826624,14.261704017497456,31539,True,,,,
pass-188630-1-105,188630,1,18717,18740,121.32000274658212,6.32,incomplete_turnover,59295,59162.0,,off,-22.196932414698278,5.772227690288533,-18.918655675854488,6.544378485892077,-0.2905355845569678,0.9568641879107719,3.5864064798018536,0.92,0.92,False,24,35402,3,-39.84169947506578,18.68797162073457,1.7942093175831175,3.7165764435653337,True,0.5884045378116801,-38.7897322029408,20.867046684422217,0.586710705478473,37.32667949436923,19.478103109075242,14.852676726527795,,False,False,0.2151005030796478,fold_holdout_188630,failed_auto_accept,auto_accept,margin_satisfied,0.7848287470623102,0.5697282439826624,14.261704017497456,31539,False,,,,
pass-188630-1-105,188630,1,18717,18740,121.32000274658212,6.32,incomplete_turnover,59295,59162.0,,off,-22.196932414698278,5.772227690288533,-18.918655675854488,6.544378485892077,-0.2905355845569678,0.9568641879107719,3.5864064798018536,0.92,0.92,False,24,15347,1,-9.741275016404495,11.75847892060414,3.2680241141695543,-5.126312335952177,True,0.7494828832430563,-8.860959077523017,10.377591173339093,0.26973259962479007,86.02706289504154,0.7457451847703958,10.737534376693981,,False,False,7.073545663701238e-05,fold_holdout_188630,failed_auto_accept,auto_accept,margin_satisfied,0.7848287470623102,0.5697282439826624,14.261704017497456,31539,False,,,,
pass-188630-1-105,188630,1,18717,18740,121.32000274658212,6.32,incomplete_turnover,59295,59162.0,,off,-22.196932414698278,5.772227690288533,-18.918655675854488,6.544378485892077,-0.2905355845569678,0.9568641879107719,3.5864064798018536,0.92,0.92,False,24,59156,0,-30.901410761154693,-8.345636482939586,-1.7942093175832952,-0.5126312335952399,True,0.6768334256069445,-31.677955845555548,-8.567506507054121,0.43430455096024473,122.93483108786033,-10.752990828234529,16.599457735374074,,True,False,1.4401404966060645e-08,fold_holdout_188630,failed_auto_accept,auto_accept,margin_satisfied,0.7848287470623102,0.5697282439826624,14.261704017497456,31539,False,,,,
pass-188630-1-39,188630,1,5797,5840,428.12000732421876,6.440000000000001,incomplete_turnover,35402,59160.0,,off,-19.21341863517057,18.59313484251971,-21.128096292650724,19.177534448819053,-0.7186427669746255,-0.6953794456805968,25.426187849532347,0.52,1.72,True,44,59157,0,-24.716514927821382,-0.6334199680118201,-12.431307414696402,0.7929764394683902,True,1.0124466863517074,-30.821967981976584,-0.24396130025320945,0.49512909669553673,19.417330265825946,20.47173972179206,7.216198322076969,-0.28514388719772576,False,False,0.9952273061531258,fold_holdout_188630,failed_auto_accept,auto_accept,margin_satisfied,0.9952273061531258,0.9907159140651044,17.47531181554078,59157,True,,,,
pass-188630-1-39,188630,1,5797,5840,428.12000732421876,6.440000000000001,incomplete_turnover,35402,59160.0,,off,-19.21341863517057,18.59313484251971,-21.128096292650724,19.177534448819053,-0.7186427669746255,-0.6953794456805968,25.426187849532347,0.52,1.72,True,44,61550,1,-32.45468339895017,-23.029958169291344,4.101049868765827,0.6407890419946938,True,1.042243376804457,-28.620505284952124,-22.43086783897912,0.9350261803866015,35.73470099857683,34.317993248077414,24.69151013761775,-0.8297105209465605,False,True,0.004511392088021407,fold_holdout_188630,failed_auto_accept,auto_accept,margin_satisfied,0.9952273061531258,0.9907159140651044,17.47531181554078,59157,False,,,,
pass-188630-1-39,188630,1,5797,5840,428.12000732421876,6.440000000000001,incomplete_turnover,35402,59160.0,,off,-19.21341863517057,18.59313484251971,-21.128096292650724,19.177534448819053,-0.7186427669746255,-0.6953794456805968,25.426187849532347,0.52,1.72,True,44,31539,2,-37.59124835958005,22.709563648293962,-0.5126312335958616,-0.0,True,0.16954877558029707,-37.796300853018394,22.709563648293962,0.4,56.021585538506244,9.52238413890315,14.128994084625088,0.1454891140089532,False,False,0.00026033329067194297,fold_holdout_188630,failed_auto_accept,auto_accept,margin_satisfied,0.9952273061531258,0.9907159140651044,17.47531181554078,59157,False,,,,
pass-188630-1-39,188630,1,5797,5840,428.12000732421876,6.440000000000001,incomplete_turnover,35402,59160.0,,off,-19.21341863517057,18.59313484251971,-21.128096292650724,19.177534448819053,-0.7186427669746255,-0.6953794456805968,25.426187849532347,0.52,1.72,True,44,32336,3,-8.990270259186325,2.0710301837270486,-2.242761646981295,-1.2655583579394447,True,0.5475542363845158,-10.06173412262017,1.4664184322179508,0.477756272804511,77.94074336129539,4.3631849077947376,20.4232862118754,0.3483979913302266,False,False,9.684681807093574e-07,fold_holdout_188630,failed_auto_accept,auto_accept,margin_satisfied,0.9952273061531258,0.9907159140651044,17.47531181554078,59157,False,,,,
pass-188630-1-96,188630,1,15962,15977,173.52000122070314,10.52,incomplete_turnover,31539,18522.0,,off,-40.72342519685049,10.66785597112834,-42.14854002624676,9.736148704067546,0.010070952196673706,-0.9999492866750054,28.844445559661814,0.6,0.6,False,16,35402,3,-32.95193569553798,-21.59971702755905,3.332103018368926,0.25631561679757553,True,1.4283187746062882,-29.95304297900595,-21.369032972441232,0.9,20.831764273986632,31.22642449709884,11.881619775302616,-0.48258016027765704,False,False,0.9186475606628169,fold_holdout_188630,failed_auto_accept,auto_accept,margin_satisfied,0.9186475606628169,0.8391751660759172,12.35907027155635,35402,True,,,,
pass-188630-1-96,188630,1,15962,15977,173.52000122070314,10.52,incomplete_turnover,31539,18522.0,,off,-40.72342519685049,10.66785597112834,-42.14854002624676,9.736148704067546,0.010070952196673706,-0.9999492866750054,28.844445559661814,0.6,0.6,False,16,61550,2,-16.583620406824178,-14.471579724409388,-1.2815780839880553,2.6913139763748983,True,0.6605734036663388,-17.686131541074495,-12.156306342483735,0.8699784245095383,47.59624584136381,22.13770455383325,24.240690046858965,-0.1674858755056896,False,False,0.07947239458689975,fold_holdout_188630,failed_auto_accept,auto_accept,margin_satisfied,0.9186475606628169,0.8391751660759172,12.35907027155635,35402,False,,,,
pass-188630-1-96,188630,1,15962,15977,173.52000122070314,10.52,incomplete_turnover,31539,18522.0,,off,-40.72342519685049,10.66785597112834,-42.14854002624676,9.736148704067546,0.010070952196673706,-0.9999492866750054,28.844445559661814,0.6,0.6,False,16,59157,0,-35.26390255905507,0.26251825447789484,2.306840551178446,2.683554421569496,True,1.0872588070046028,-34.595392661474115,1.04019779136651,0.28983490127690603,40.39996359948746,8.77157729816132,7.465187813609173,0.2959006447179509,False,False,0.00186487419691873,fold_holdout_188630,failed_auto_accept,auto_accept,margin_satisfied,0.9186475606628169,0.8391751660759172,12.35907027155635,35402,False,,,,
pass-188630-1-96,188630,1,15962,15977,173.52000122070314,10.52,incomplete_turnover,31539,18522.0,,off,-40.72342519685049,10.66785597112834,-42.14854002624676,9.736148704067546,0.010070952196673706,-0.9999492866750054,28.844445559661814,0.6,0.6,False,16,15347,1,-12.778615075459337,1.388269459481599,-0.8971046587916032,-1.2495386318883417,True,1.27196624835958,-13.424530429789291,0.48860164452199295,0.72,71.57727152059279,9.53635621322884,28.629421302050485,0.26938673882623765,False,False,1.5170553364587477e-05,fold_holdout_188630,failed_auto_accept,auto_accept,margin_satisfied,0.9186475606628169,0.8391751660759172,12.35907027155635,35402,False,,,,
pass-188630-3-242,188630,3,63557,63570,561.7200073242187,8.0,incomplete_turnover,59161,35402.0,,off,-37.191395997375324,-8.18928395669291,-36.827427821522285,-6.265635252624623,0.12084591194935443,0.9926712776972693,22.62412688804928,0.48,0.52,True,14,18522,3,-38.15514271653543,22.71981627296588,0.7689468503937036,0.128157808398921,True,0.6934939406988192,-37.60150098425196,22.812089895013102,0.72,8.465826090172712,28.77107899756997,4.282324408356994,-0.7916989760505493,False,False,0.9967463040074939,fold_holdout_188630,failed_auto_accept,auto_accept,margin_satisfied,0.9967463040074939,0.9943788508548698,19.262401879738647,18522,True,,,,
pass-188630-3-242,188630,3,63557,63570,561.7200073242187,8.0,incomplete_turnover,59161,35402.0,,off,-37.191395997375324,-8.18928395669291,-36.827427821522285,-6.265635252624623,0.12084591194935443,0.9926712776972693,22.62412688804928,0.48,0.52,True,14,59163,0,-15.186700295275577,3.2776359498031433,5.126312335958172,-2.2427616469817058,True,1.845792835465882,-12.110912893700673,1.9319789616141199,0.6,64.71017516281731,11.124425962780105,23.54472628809564,-0.011706310604912229,False,False,0.002367453152624144,fold_holdout_188630,failed_auto_accept,auto_accept,margin_satisfied,0.9967463040074939,0.9943788508548698,19.262401879738647,18522,False,,,,
pass-188630-3-242,188630,3,63557,63570,561.7200073242187,8.0,incomplete_turnover,59161,35402.0,,off,-37.191395997375324,-8.18928395669291,-36.827427821522285,-6.265635252624623,0.12084591194935443,0.9926712776972693,22.62412688804928,0.48,0.52,True,14,34962,1,-32.47518864829399,-5.101962352362208,-7.6894685039372135,-1.2174991797900825,True,7.507484416010511,-34.01308234908143,-5.345462188320225,0.2,64.95349871678802,1.2535315166033105,2.6825207629022922,0.4245931539013131,False,False,0.0008414401671232475,fold_holdout_188630,failed_auto_accept,auto_accept,margin_satisfied,0.9967463040074939,0.9943788508548698,19.262401879738647,18522,False,,,,
pass-188630-3-242,188630,3,63557,63570,561.7200073242187,8.0,incomplete_turnover,59161,35402.0,,off,-37.191395997375324,-8.18928395669291,-36.827427821522285,-6.265635252624623,0.12084591194935443,0.9926712776972693,22.62412688804928,0.48,0.52,True,14,59160,2,-33.9464402887139,-22.576279527559052,3.0757874015748143,1.0252624671916344,True,0.6664206036745398,-32.716125328083976,-22.1661745406824,0.4,158.56196802173525,-15.287174552032733,6.0026870699132555,,True,False,4.480267275881191e-05,fold_holdout_188630,failed_auto_accept,auto_accept,margin_satisfied,0.9967463040074939,0.9943788508548698,19.262401879738647,18522,False,,,,
pass-188630-3-289,188630,3,75197,75230,319.12000732421876,0.0,incomplete_turnover,32336,59160.0,,off,-32.070209973753364,-3.3103161909448557,-31.121842191601104,-4.481678559711235,0.5455118149218614,0.8381031319477674,8.039871692183509,0.72,1.32,True,34,61550,1,-20.136154855643028,4.386841781496075,1.4097358923896408,1.0893413713920053,True,-0.0224764265726263,-19.582644601976888,4.814554250238096,0.39462658790733013,18.084666622356877,14.085970453192004,4.5998328079365685,-1.0320143346176296,False,False,0.8835498735090583,fold_holdout_188630,failed_auto_accept,auto_accept,margin_satisfied,0.8835498735090583,0.767471170217882,1.9553909394889022,61550,True,,,,
pass-188630-3-289,188630,3,75197,75230,319.12000732421876,0.0,incomplete_turnover,32336,59160.0,,off,-32.070209973753364,-3.3103161909448557,-31.121842191601104,-4.481678559711235,0.5455118149218614,0.8381031319477674,8.039871692183509,0.72,1.32,True,34,31539,2,-26.815739829396307,15.345615977690285,1.5378937007887394,-0.25631561679815285,True,0.06485986584439447,-26.114096631113423,15.228675444643123,0.4562458749082561,18.80431223864991,19.251093792217137,6.555223747425471,-1.6744528630890165,False,False,0.11607870329117632,fold_holdout_188630,failed_auto_accept,auto_accept,margin_satisfied,0.8835498735090583,0.767471170217882,1.9553909394889022,61550,False,,,,
pass-188630-3-289,188630,3,75197,75230,319.12000732421876,0.0,incomplete_turnover,32336,59160.0,,off,-32.070209973753364,-3.3103161909448557,-31.121842191601104,-4.481678559711235,0.5455118149218614,0.8381031319477674,8.039871692183509,0.72,1.32,True,34,35402,3,-40.918225065616795,5.926657849409458,0.5126312335962169,0.8330257545938746,True,0.7682259627214546,-40.72495791797155,6.240716964332986,0.3770576655312073,74.90768109816155,3.747860181887172,13.897594809359337,0.25384079679643373,False,False,0.00032045184674374155,fold_holdout_188630,failed_auto_accept,auto_accept,margin_satisfied,0.8835498735090583,0.767471170217882,1.9553909394889022,61550,False,,,,
pass-188630-3-289,188630,3,75197,75230,319.12000732421876,0.0,incomplete_turnover,32336,59160.0,,off,-32.070209973753364,-3.3103161909448557,-31.121842191601104,-4.481678559711235,0.5455118149218614,0.8381031319477674,8.039871692183509,0.72,1.32,True,34,59156,0,-41.620529855643035,-6.3290733677821445,1.0252624671924337,0.7048679461948204,True,1.003315442503281,-41.359939850027054,-6.149917738921154,0.2546715446549933,132.31432970751845,-6.9831597159290055,7.670537530339333,,True,False,5.097135302149729e-05,fold_holdout_188630,failed_auto_accept,auto_accept,margin_satisfied,0.8835498735090583,0.767471170217882,1.9553909394889022,61550,False,,,,
pass-188630-4-404,188630,4,105742,105907,301.31998901367194,13.12,incomplete_turnover,59162,59156.0,,off,-19.603018372703506,17.947219488188825,-22.796710958003548,17.4550935039366,-0.9710102651545519,0.23903778982513774,15.259379680352085,0.52,6.6,True,78,59164,2,-30.855273950131444,17.429461942256985,2.306840551178446,2.5631561679761106,True,0.7604563955872864,-30.393905839895755,17.942093175852207,0.2,10.161968852756454,7.493365541917231,1.343134992881407,0.02893380341235907,False,False,0.9999774998442408,fold_holdout_188630,failed_auto_accept,auto_accept,margin_satisfied,0.9999774998442408,0.9999553269643876,41.96326068406899,59164,True,,,,
pass-188630-4-404,188630,4,105742,105907,301.31998901367194,13.12,incomplete_turnover,59162,59156.0,,off,-19.603018372703506,17.947219488188825,-22.796710958003548,17.4550935039366,-0.9710102651545519,0.23903778982513774,15.259379680352085,0.52,6.6,True,78,15680,3,-40.44660433070866,-22.79927411417323,-0.0,-0.0,True,1.043685152148943,-40.44660433070866,-22.79927411417323,0.9470462046009759,80.15427196623293,7.515912577538392,43.3063956769504,0.027456218078389494,False,True,2.2172879853215e-05,fold_holdout_188630,failed_auto_accept,auto_accept,margin_satisfied,0.9999774998442408,0.9999553269643876,41.96326068406899,59164,False,,,,
pass-188630-4-404,188630,4,105742,105907,301.31998901367194,13.12,incomplete_turnover,59162,59156.0,,off,-19.603018372703506,17.947219488188825,-22.796710958003548,17.4550935039366,-0.9710102651545519,0.23903778982513774,15.259379680352085,0.52,6.6,True,78,59165,1,-30.891158136482847,-8.240547080052696,-1.0252624671904798,2.242761646979119,True,0.36256644982365355,-31.506315616797135,-6.894890091865225,0.6,84.14842904458848,2.636549268107653,25.72600867575726,0.34721779499972316,False,False,1.9498652052240387e-07,fold_holdout_188630,failed_auto_accept,auto_accept,margin_satisfied,0.9999774998442408,0.9999553269643876,41.96326068406899,59164,False,,,,
pass-188630-4-404,188630,4,105742,105907,301.31998901367194,13.12,incomplete_turnover,59162,59156.0,,off,-19.603018372703506,17.947219488188825,-22.796710958003548,17.4550935039366,-0.9710102651545519,0.23903778982513774,15.259379680352085,0.52,6.6,True,78,59290,0,-9.516998851706013,-0.16796682763212073,-0.25631561679761994,-8.282198367772736,True,1.0899821604330993,-9.670788221784585,-5.137285848295762,0.6,133.98587129727215,-18.145838143742836,18.79984070500206,,True,False,1.3228938536361536e-07,fold_holdout_188630,failed_auto_accept,auto_accept,margin_satisfied,0.9999774998442408,0.9999553269643876,41.96326068406899,59164,False,,,,
pass-188630-4-446,188630,4,115575,115585,102.0,8.0,incomplete_turnover,59229,61550.0,,off,-34.833292322834644,-3.074185428969816,-33.782398293963254,-2.841899401246719,0.7059087328199478,0.7083028031347438,11.709982122916582,0.4,0.4,False,11,15680,3,-29.42503280839895,1.2671603305446193,-8.714730971118723,-4.517562746057857,True,0.9379549602198163,-31.167979002622694,0.36364778133304787,0.2,5.702589514347672,4.116039464012171,0.41102323702336796,0.04850164408389407,False,False,0.9732279452221643,fold_holdout_188630,failed_auto_accept,auto_accept,margin_satisfied,0.9732279452221643,0.9464603776091473,10.99295480248787,15680,True,,,,
pass-188630-4-446,188630,4,115575,115585,102.0,8.0,incomplete_turnover,59229,61550.0,,off,-34.833292322834644,-3.074185428969816,-33.782398293963254,-2.841899401246719,0.7059087328199478,0.7083028031347438,11.709982122916582,0.4,0.4,False,11,59290,0,-15.071358267716535,-0.39488624712926507,2.819471784773686,3.211955072995036,True,1.2839810428969816,-13.801575947460535,1.0516555438441955,0.45703497277100524,34.070258846383034,16.86245286508727,11.403978039511237,-1.0400067129126729,False,False,0.026767567613017015,fold_holdout_188630,failed_auto_accept,auto_accept,margin_satisfied,0.9732279452221643,0.9464603776091473,10.99295480248787,15680,False,,,,
pass-188630-4-446,188630,4,115575,115585,102.0,8.0,incomplete_turnover,59229,61550.0,,off,-34.833292322834644,-3.074185428969816,-33.782398293963254,-2.841899401246719,0.7059087328199478,0.7083028031347438,11.709982122916582,0.4,0.4,False,11,59164,1,-41.39497211286089,6.51362061187664,-1.0252624671904798,1.6980909612841488,True,0.9099204396325459,-41.71552765732736,7.044540732399195,0.3131275411082397,83.64744431804714,1.4025279634961594,12.597982192543602,0.2802280013091229,False,False,4.3603300136581996e-06,fold_holdout_188630,failed_auto_accept,auto_accept,margin_satisfied,0.9732279452221643,0.9464603776091473,10.99295480248787,15680,False,,,,
pass-188630-4-446,188630,4,115575,115585,102.0,8.0,incomplete_turnover,59229,61550.0,,off,-34.833292322834644,-3.074185428969816,-33.782398293963254,-2.841899401246719,0.7059087328199478,0.7083028031347438,11.709982122916582,0.4,0.4,False,11,59246,2,-22.542958497375327,-16.75022555774278,1.0252624671904798,-1.4097358923867986,True,0.6447939735072178,-22.132853510499135,-17.3141199146975,0.4,96.26435294976339,-2.027198961236939,18.46747206911226,,True,False,1.268348051025396e-07,fold_holdout_188630,failed_auto_accept,auto_accept,margin_satisfied,0.9732279452221643,0.9464603776091473,10.99295480248787,15680,False,,,,
pass-191313-1-32,191313,1,6437,6465,404.52000122070314,10.52,incomplete_turnover,31739,59108.0,,off,-14.666379593176009,-16.860441272965883,-17.034735892388916,-16.68870980971102,-0.8538257087992583,0.5205589870451229,28.225989942741595,0.4,1.12,True,29,58361,1,-29.691601049869018,0.3418609539041202,-11.02157152231289,-3.486292881603681,True,0.8633030368274152,-35.77262330418738,-1.5816600753052223,0.5688866175968845,7.507052265153242,23.8630005077621,3.144611756893312,-0.44542652201640653,False,False,0.9887485080050079,fold_holdout_191313,failed_auto_accept,auto_accept,margin_satisfied,0.9887485080050079,0.9793689906156251,13.71574887872979,58361,True,,,,
pass-191313-1-32,191313,1,6437,6465,404.52000122070314,10.52,incomplete_turnover,31739,59108.0,,off,-14.666379593176009,-16.860441272965883,-17.034735892388916,-16.68870980971102,-0.8538257087992583,0.5205589870451229,28.225989942741595,0.4,1.12,True,29,35222,0,-38.05774278215223,-23.409305282152236,-0.256315616797842,-0.2563156167979308,True,0.8578563299704697,-38.18756689338872,-23.539129393388766,0.5065232247175697,49.31448531880035,14.494783443226224,16.860360635623103,-0.11352613221466845,False,False,0.00937951738938285,fold_holdout_191313,failed_auto_accept,auto_accept,margin_satisfied,0.9887485080050079,0.9793689906156251,13.71574887872979,58361,False,,,,
pass-191313-1-32,191313,1,6437,6465,404.52000122070314,10.52,incomplete_turnover,31739,59108.0,,off,-14.666379593176009,-16.860441272965883,-17.034735892388916,-16.68870980971102,-0.8538257087992583,0.5205589870451229,28.225989942741595,0.4,1.12,True,29,59205,3,-26.718339895013024,22.332779691601026,4.357365485565534,-1.0252624671919008,True,0.4920458856217125,-22.81328377379885,21.41394295719768,0.8966657041239201,50.00663194965637,24.768551068749336,29.524949474099348,-0.4775086761879418,False,True,0.001871522613233554,fold_holdout_191313,failed_auto_accept,auto_accept,margin_satisfied,0.9887485080050079,0.9793689906156251,13.71574887872979,58361,False,,,,
pass-191313-1-32,191313,1,6437,6465,404.52000122070314,10.52,incomplete_turnover,31739,59108.0,,off,-14.666379593176009,-16.860441272965883,-17.034735892388916,-16.68870980971102,-0.8538257087992583,0.5205589870451229,28.225989942741595,0.4,1.12,True,29,59208,2,-7.818907890420012,2.03642757545939,-2.819471784777705,3.1879254839247917,True,0.7691070476542042,-9.217257310734299,3.61751584047384,0.49672661434520393,79.68592297574132,3.895824064165649,21.407436240519843,0.2619774161307149,False,False,4.519923757282262e-07,fold_holdout_191313,failed_auto_accept,auto_accept,margin_satisfied,0.9887485080050079,0.9793689906156251,13.71574887872979,58361,False,,,,
pass-191313-2-113,191313,2,26207,26247,586.0,,incomplete_turnover,28410,59207.0,,off,-21.12553313648294,27.046423884514436,-18.459850721784772,26.738845144356944,0.5040452624622883,-0.8636772391289022,14.0048777552052,1.6,1.6,False,41,59104,1,-26.590182086614167,1.5092183911581372,9.483677821522818,0.9131243848425674,True,1.10472030839895,-20.90734647212961,2.0563833067419535,0.5992820669852569,35.93089303813143,20.084031856957903,14.554924327593614,0.16592594323122456,False,False,0.5804676319122015,fold_holdout_191313,failed_auto_accept,auto_accept,margin_satisfied,0.5804676319122015,0.18921088414819393,8.163274446987707,59104,True,,,,
pass-191313-2-113,191313,2,26207,26247,586.0,,incomplete_turnover,28410,59207.0,,off,-21.12553313648294,27.046423884514436,-18.459850721784772,26.738845144356944,0.5040452624622883,-0.8636772391289022,14.0048777552052,1.6,1.6,False,41,59108,0,-26.979781824146983,-1.0323111466535453,-0.5126312335958616,-2.8515112368767914,True,0.6401482529527557,-27.351106923185817,-3.097807010056922,0.7248394687903887,46.86193517524645,21.287641791918936,22.71819877458132,0.07998374823322218,False,False,0.3912567477640076,fold_holdout_191313,failed_auto_accept,auto_accept,margin_satisfied,0.5804676319122015,0.18921088414819393,8.163274446987707,59104,False,,,,
pass-191313-2-113,191313,2,26207,26247,586.0,,incomplete_turnover,28410,59207.0,,off,-21.12553313648294,27.046423884514436,-18.459850721784772,26.738845144356944,0.5040452624622883,-0.8636772391289022,14.0048777552052,1.6,1.6,False,41,59110,3,-24.87286745406824,5.171167568897636,1.7942093175854268,-2.4029589074804347,True,0.6459954529609578,-23.89811049141237,3.8656894939121242,0.5457635453389481,43.64216803037105,17.01389484942178,16.226006926666976,0.3851450653970745,False,False,0.027615135366604825,fold_holdout_191313,failed_auto_accept,auto_accept,margin_satisfied,0.5804676319122015,0.18921088414819393,8.163274446987707,59104,False,,,,
pass-191313-2-113,191313,2,26207,26247,586.0,,incomplete_turnover,28410,59207.0,,off,-21.12553313648294,27.046423884514436,-18.459850721784772,26.738845144356944,0.5040452624622883,-0.8636772391289022,14.0048777552052,1.6,1.6,False,41,63998,2,-29.48142224409449,6.046485400262465,-3.5884186351707648,-4.197168225065839,True,0.568139584358596,-31.634473425196948,3.528184465222961,0.6,59.847709325572254,13.405913175329196,23.077845316985183,0.6427682833328114,False,False,0.0006604849571860716,fold_holdout_191313,failed_auto_accept,auto_accept,margin_satisfied,0.5804676319122015,0.18921088414819393,8.163274446987707,59104,False,,,,
pass-191313-2-147,191313,2,32832,32837,430.7200073242188,17.72,incomplete_turnover,58474,35222.0,,off,-38.64214238845138,-4.527174581693241,-38.48835301837282,0.17493540846382638,0.0945088979975192,0.9955240168872342,21.154217786740617,0.2,0.2,False,6,59107,1,-37.59124835957999,22.276390255905515,-1.7942093175832952,-0.12815780839883217,True,1.0843752563156452,-38.492751187307384,22.211997196782118,0.502455802816169,5.43448968864143,21.938008605799592,2.0870769075218876,-0.8370512787076558,False,False,0.8764375834922931,fold_holdout_191313,failed_auto_accept,auto_accept,margin_satisfied,0.8764375834922931,0.8020069772538055,21.30918180043635,59107,True,,,,
pass-191313-2-147,191313,2,32832,32837,430.7200073242188,17.72,incomplete_turnover,58474,35222.0,,off,-38.64214238845138,-4.527174581693241,-38.48835301837282,0.17493540846382638,0.0945088979975192,0.9955240168872342,21.154217786740617,0.2,0.2,False,6,28410,0,-11.996852444225592,9.622088254593281,-3.7806553477647054,-3.075787401571306,True,1.6179923310368178,-14.265245652884415,7.776615813650498,0.6,67.15407759021008,9.856954595252313,23.396258707958236,-0.26595694034267786,False,False,0.07443060623848749,fold_holdout_191313,failed_auto_accept,auto_accept,margin_satisfied,0.8764375834922931,0.8020069772538055,21.30918180043635,59107,False,,,,
pass-191313-2-147,191313,2,32832,32837,430.7200073242188,17.72,incomplete_turnover,58474,35222.0,,off,-38.64214238845138,-4.527174581693241,-38.48835301837282,0.17493540846382638,0.0945088979975192,0.9955240168872342,21.154217786740617,0.2,0.2,False,6,59105,2,-40.58501476377955,-22.74032152230972,0.5126312335951511,0.25631561679757553,True,1.0209371411581303,-40.31881183675816,-22.607220058799026,0.5193227250202537,179.17057380615273,-22.853177569874422,0.33085069159353697,,True,False,0.04910935103439077,fold_holdout_191313,failed_auto_accept,auto_accept,margin_satisfied,0.8764375834922931,0.8020069772538055,21.30918180043635,59107,False,,,,
pass-191313-2-147,191313,2,32832,32837,430.7200073242188,17.72,incomplete_turnover,58474,35222.0,,off,-38.64214238845138,-4.527174581693241,-38.48835301837282,0.17493540846382638,0.0945088979975192,0.9955240168872342,21.154217786740617,0.2,0.2,False,6,59103,3,-31.46017880577412,-2.8720164862206277,-4.613681102356981,4.549602198157554,True,1.0459279137959248,-32.38291502624551,-1.9620960465891168,0.2,103.86806307842386,-1.550447921920539,6.280078642581595,,True,False,2.24592348285278e-05,fold_holdout_191313,failed_auto_accept,auto_accept,margin_satisfied,0.8764375834922931,0.8020069772538055,21.30918180043635,59107,False,,,,
pass-191313-3-315,191313,3,81885,81900,126.80000305175781,6.719999999999999,incomplete_turnover,59204,59110.0,,off,-16.365752132545932,-6.212449762139108,-20.543696686351705,-3.1334584153543306,-0.9771598039049417,0.2125058061146936,23.468257442380438,0.32,0.6,True,16,28857,2,-27.04129757217848,2.883550688976378,-12.431307414719406,-7.369073982952201,True,0.7793596723261155,-30.32325613421252,0.9380597888015667,0.29484724346088165,10.334158590459252,10.421413650433193,1.900310766054146,-0.12406422914099946,False,False,0.9962128767851305,fold_holdout_191313,failed_auto_accept,auto_accept,margin_satisfied,0.9962128767851305,0.994289468968142,19.82473669843526,28857,True,,,,
pass-191313-3-315,191313,3,81885,81900,126.80000305175781,6.719999999999999,incomplete_turnover,59204,59110.0,,off,-16.365752132545932,-6.212449762139108,-20.543696686351705,-3.1334584153543306,-0.9771598039049417,0.2125058061146936,23.468257442380438,0.32,0.6,True,16,59527,1,-29.040559383202098,21.030696358267715,2.3068405511850187,-0.6407890419958484,True,0.23508947978182415,-27.65647459238164,20.64622836081758,0.5999919766798152,61.07823141099758,12.003642171400948,21.725047464489407,-0.19148416966502274,False,False,0.0019234078169884663,fold_holdout_191313,failed_auto_accept,auto_accept,margin_satisfied,0.9962128767851305,0.994289468968142,19.82473669843526,28857,False,,,,
pass-191313-3-315,191313,3,81885,81900,126.80000305175781,6.719999999999999,incomplete_turnover,59204,59110.0,,off,-16.365752132545932,-6.212449762139108,-20.543696686351705,-3.1334584153543306,-0.9771598039049417,0.2125058061146936,23.468257442380438,0.32,0.6,True,16,59206,3,-37.14013287401575,-22.337906003937007,-0.2563156167983749,0.12815780839918745,True,1.0116457000492125,-37.29392224409477,-22.261011318897495,0.6,61.060220995555675,12.302931072598872,22.250196029158772,-0.20423709356372893,False,False,0.0018630985960313854,fold_holdout_191313,failed_auto_accept,auto_accept,margin_satisfied,0.9962128767851305,0.994289468968142,19.82473669843526,28857,False,,,,
pass-191313-3-315,191313,3,81885,81900,126.80000305175781,6.719999999999999,incomplete_turnover,59204,59110.0,,off,-16.365752132545932,-6.212449762139108,-20.543696686351705,-3.1334584153543306,-0.9771598039049417,0.2125058061146936,23.468257442380438,0.32,0.6,True,16,59207,0,-10.156506315616797,2.763402743602362,3.011708497380461,-1.489834522640332,True,0.4381395074639108,-9.19275959645505,2.286655696357456,0.32,142.20611400068162,-9.939873742357806,7.70845767898836,,True,False,6.168018496754548e-07,fold_holdout_191313,failed_auto_accept,auto_accept,margin_satisfied,0.9962128767851305,0.994289468968142,19.82473669843526,28857,False,,,,
pass-191313-4-360,191313,4,97027,97085,477.12000732421876,7.640000000000001,incomplete_turnover,59104,59206.0,,off,-22.130290354330754,-9.866869668635172,-25.459830216535597,-8.413560121390887,-0.689978998863538,0.7238293867530317,20.532186863805418,0.48,2.32,True,59,59103,3,-30.937294947506633,6.445056184383168,-6.407890419952977,-2.9796690452781327,True,0.8383122641896318,-33.50045111548782,5.253188566271915,0.4,13.158675296711902,15.440253879599062,3.609731882830954,-0.27200240393377073,False,False,0.9980213472026703,fold_holdout_191313,failed_auto_accept,auto_accept,margin_satisfied,0.9980213472026703,0.9960430059249428,16.196664031776052,59103,True,,,,
pass-191313-4-360,191313,4,97027,97085,477.12000732421876,7.640000000000001,incomplete_turnover,59104,59206.0,,off,-22.130290354330754,-9.866869668635172,-25.459830216535597,-8.413560121390887,-0.689978998863538,0.7238293867530317,20.532186863805418,0.48,2.32,True,59,59107,1,-36.319922900262384,21.453617125984312,7.689468503943431,5.126312335962435,True,0.8482444943405466,-29.94743310454215,25.0,0.8253844061811384,35.979119057647814,27.282068479865803,19.806395914607005,-0.8487463561886446,False,False,0.001978341277727576,fold_holdout_191313,failed_auto_accept,auto_accept,margin_satisfied,0.9980213472026703,0.9960430059249428,16.196664031776052,59103,False,,,,
pass-191313-4-360,191313,4,97027,97085,477.12000732421876,7.640000000000001,incomplete_turnover,59104,59206.0,,off,-22.130290354330754,-9.866869668635172,-25.459830216535597,-8.413560121390887,-0.689978998863538,0.7238293867530317,20.532186863805418,0.48,2.32,True,59,58771,2,-29.127706692913378,-22.34559547244094,0.5126312335963057,0.38447342519711825,True,0.8278994422572167,-28.937739363100555,-22.203119975081364,0.37073658956210565,122.21602406594769,-7.581604381405771,12.031919547359063,,True,False,2.895368485243638e-07,fold_holdout_191313,failed_auto_accept,auto_accept,margin_satisfied,0.9980213472026703,0.9960430059249428,16.196664031776052,59103,False,,,,
pass-191313-4-360,191313,4,97027,97085,477.12000732421876,7.640000000000001,incomplete_turnover,59104,59206.0,,off,-22.130290354330754,-9.866869668635172,-25.459830216535597,-8.413560121390887,-0.689978998863538,0.7238293867530317,20.532186863805418,0.48,2.32,True,59,28410,0,-41.41035104986877,-22.314837598425203,-0.5126312335962169,-0.5126312335963057,True,0.7782382915026246,-41.66234105125004,-22.566827599806516,0.49166953859943685,87.50951712746964,0.9348412853586865,21.49331080675579,0.43446947314673795,False,False,2.1982753515702467e-08,fold_holdout_191313,failed_auto_accept,auto_accept,margin_satisfied,0.9980213472026703,0.9960430059249428,16.196664031776052,59103,False,,,,
pass-114099-3-297,114099,3,85650,85652,322.52532958984375,23.92,incomplete_turnover,22895,28336.0,,def,16.929646489501312,13.34122785433071,18.775118930446194,13.6231750328084,,,,,0.08,False,3,18363,0,36.935080380577425,22.940247703412073,0.0,0.12815780839883217,True,0.8754780286253281,,,,,,,,False,False,0.25,fold_holdout_114099,failed_unresolved,unresolved,no_usable_ball_flight,0.25,0.0,,18363,True,,,,
pass-114099-3-297,114099,3,85650,85652,322.52532958984375,23.92,incomplete_turnover,22895,28336.0,,def,16.929646489501312,13.34122785433071,18.775118930446194,13.6231750328084,,,,,0.08,False,3,34945,1,40.6003937007874,-16.10943651574803,-1.2815780839888546,-5.63894356955057,True,0.8866918368602362,,,,,,,,False,False,0.25,fold_holdout_114099,failed_unresolved,unresolved,no_usable_ball_flight,0.25,0.0,,18363,False,,,,
pass-114099-3-297,114099,3,85650,85652,322.52532958984375,23.92,incomplete_turnover,22895,28336.0,,def,16.929646489501312,13.34122785433071,18.775118930446194,13.6231750328084,,,,,0.08,False,3,59133,2,27.066929133858267,-20.159223261154857,-3.332103018370791,3.075787401573038,True,0.7597355079150262,,,,,,,,False,False,0.25,fold_holdout_114099,failed_unresolved,unresolved,no_usable_ball_flight,0.25,0.0,,18363,False,,,,
pass-114099-3-297,114099,3,85650,85652,322.52532958984375,23.92,incomplete_turnover,22895,28336.0,,def,16.929646489501312,13.34122785433071,18.775118930446194,13.6231750328084,,,,,0.08,False,3,28032,3,24.798535925196852,8.689099409448819,7.689468503932684,-2.5631561679775317,True,0.9820092068569554,,,,,,,,False,False,0.25,fold_holdout_114099,failed_unresolved,unresolved,no_usable_ball_flight,0.25,0.0,,18363,False,,,,
pass-114169-2-166,114169,2,48960,48962,357.0771484375,8.72,incomplete_turnover,59099,59089.0,,off,-19.37746062992126,17.531988188976378,-23.388800032808398,9.464454150262467,,,,,0.08,False,3,59100,0,-34.192503280839894,-22.184116633858267,6.407890419943918,0.7689468503932595,True,1.0973512344160106,,,,,,,,False,False,0.25,fold_holdout_114169,failed_unresolved,unresolved,no_usable_ball_flight,0.25,0.0,,30735,False,,,,
pass-114169-2-166,114169,2,48960,48962,357.0771484375,8.72,incomplete_turnover,59099,59089.0,,off,-19.37746062992126,17.531988188976378,-23.388800032808398,9.464454150262467,,,,,0.08,False,3,59101,1,-35.063976377952756,21.87653789370079,0.5126312335955063,0.128157808398921,True,0.25831808255413385,,,,,,,,False,False,0.25,fold_holdout_114169,failed_unresolved,unresolved,no_usable_ball_flight,0.25,0.0,,30735,False,,,,
pass-114169-2-166,114169,2,48960,48962,357.0771484375,8.72,incomplete_turnover,59099,59089.0,,off,-19.37746062992126,17.531988188976378,-23.388800032808398,9.464454150262467,,,,,0.08,False,3,59102,2,-43.394233923884514,-14.520279691601049,0.7689468503933483,2.8194717847753292,True,0.9163283300524935,,,,,,,,False,False,0.25,fold_holdout_114169,failed_unresolved,unresolved,no_usable_ball_flight,0.25,0.0,,30735,False,,,,
pass-114169-2-166,114169,2,48960,48962,357.0771484375,8.72,incomplete_turnover,59099,59089.0,,off,-19.37746062992126,17.531988188976378,-23.388800032808398,9.464454150262467,,,,,0.08,False,3,30735,3,-21.671485400262466,2.289218852526247,-1.409735892387598,7.617379736708268,True,1.0773265768536746,,,,,,,,False,False,0.25,fold_holdout_114169,failed_unresolved,unresolved,no_usable_ball_flight,0.25,0.0,,30735,True,,,,
